Vin_3_1	01_Vinaya_Mahaavi_1.txt	8
Vin_3_2	01_Vinaya_Mahaavi_1.txt	29
Vin_3_3	01_Vinaya_Mahaavi_1.txt	78
Vin_3_4	01_Vinaya_Mahaavi_1.txt	131
Vin_3_5	01_Vinaya_Mahaavi_1.txt	172
Vin_3_6	01_Vinaya_Mahaavi_1.txt	217
Vin_3_7	01_Vinaya_Mahaavi_1.txt	271
Vin_3_8	01_Vinaya_Mahaavi_1.txt	326
Vin_3_9	01_Vinaya_Mahaavi_1.txt	365
Vin_3_10	01_Vinaya_Mahaavi_1.txt	411
Vin_3_11	01_Vinaya_Mahaavi_1.txt	441
Vin_3_12	01_Vinaya_Mahaavi_1.txt	491
Vin_3_13	01_Vinaya_Mahaavi_1.txt	546
Vin_3_14	01_Vinaya_Mahaavi_1.txt	623
Vin_3_15	01_Vinaya_Mahaavi_1.txt	669
Vin_3_16	01_Vinaya_Mahaavi_1.txt	728
Vin_3_17	01_Vinaya_Mahaavi_1.txt	782
Vin_3_18	01_Vinaya_Mahaavi_1.txt	864
Vin_3_19	01_Vinaya_Mahaavi_1.txt	881
Vin_3_20	01_Vinaya_Mahaavi_1.txt	922
Vin_3_21	01_Vinaya_Mahaavi_1.txt	978
Vin_3_23	01_Vinaya_Mahaavi_1.txt	1083
Vin_3_25	01_Vinaya_Mahaavi_1.txt	1191
Vin_3_26	01_Vinaya_Mahaavi_1.txt	1260
Vin_3_27	01_Vinaya_Mahaavi_1.txt	1339
Vin_3_28	01_Vinaya_Mahaavi_1.txt	1429
Vin_3_29	01_Vinaya_Mahaavi_1.txt	1501
Vin_3_31	01_Vinaya_Mahaavi_1.txt	1608
Vin_3_32	01_Vinaya_Mahaavi_1.txt	1658
Vin_3_33	01_Vinaya_Mahaavi_1.txt	1708
Vin_3_35	01_Vinaya_Mahaavi_1.txt	1831
Vin_3_36	01_Vinaya_Mahaavi_1.txt	1886
Vin_3_37	01_Vinaya_Mahaavi_1.txt	1956
Vin_3_38	01_Vinaya_Mahaavi_1.txt	2025
Vin_3_39	01_Vinaya_Mahaavi_1.txt	2091
Vin_3_40	01_Vinaya_Mahaavi_1.txt	2187
Vin_3_41	01_Vinaya_Mahaavi_1.txt	2241
Vin_3_42	01_Vinaya_Mahaavi_1.txt	2270
Vin_3_43	01_Vinaya_Mahaavi_1.txt	2323
Vin_3_44	01_Vinaya_Mahaavi_1.txt	2375
Vin_3_45	01_Vinaya_Mahaavi_1.txt	2430
Vin_3_46	01_Vinaya_Mahaavi_1.txt	2473
Vin_3_47	01_Vinaya_Mahaavi_1.txt	2516
Vin_3_49	01_Vinaya_Mahaavi_1.txt	2641
Vin_3_50	01_Vinaya_Mahaavi_1.txt	2706
Vin_3_51	01_Vinaya_Mahaavi_1.txt	2795
Vin_3_52	01_Vinaya_Mahaavi_1.txt	2870
Vin_3_53	01_Vinaya_Mahaavi_1.txt	2948
Vin_3_54	01_Vinaya_Mahaavi_1.txt	2999
Vin_3_55	01_Vinaya_Mahaavi_1.txt	3054
Vin_3_57	01_Vinaya_Mahaavi_1.txt	3187
Vin_3_58	01_Vinaya_Mahaavi_1.txt	3252
Vin_3_59	01_Vinaya_Mahaavi_1.txt	3316
Vin_3_60	01_Vinaya_Mahaavi_1.txt	3369
Vin_3_61	01_Vinaya_Mahaavi_1.txt	3426
Vin_3_62	01_Vinaya_Mahaavi_1.txt	3494
Vin_3_63	01_Vinaya_Mahaavi_1.txt	3551
Vin_3_64	01_Vinaya_Mahaavi_1.txt	3605
Vin_3_65	01_Vinaya_Mahaavi_1.txt	3669
Vin_3_67	01_Vinaya_Mahaavi_1.txt	3800
Vin_3_68	01_Vinaya_Mahaavi_1.txt	3880
Vin_3_69	01_Vinaya_Mahaavi_1.txt	3911
Vin_3_70	01_Vinaya_Mahaavi_1.txt	3961
Vin_3_71	01_Vinaya_Mahaavi_1.txt	4000
Vin_3_72	01_Vinaya_Mahaavi_1.txt	4049
Vin_3_73	01_Vinaya_Mahaavi_1.txt	4094
Vin_3_74	01_Vinaya_Mahaavi_1.txt	4145
Vin_3_75	01_Vinaya_Mahaavi_1.txt	4188
Vin_3_76	01_Vinaya_Mahaavi_1.txt	4252
Vin_3_77	01_Vinaya_Mahaavi_1.txt	4321
Vin_3_78	01_Vinaya_Mahaavi_1.txt	4395
Vin_3_79	01_Vinaya_Mahaavi_1.txt	4455
Vin_3_80	01_Vinaya_Mahaavi_1.txt	4523
Vin_3_82	01_Vinaya_Mahaavi_1.txt	4652
Vin_3_83	01_Vinaya_Mahaavi_1.txt	4714
Vin_3_84	01_Vinaya_Mahaavi_1.txt	4826
Vin_3_86	01_Vinaya_Mahaavi_1.txt	4979
Vin_3_87	01_Vinaya_Mahaavi_1.txt	5025
Vin_3_88	01_Vinaya_Mahaavi_1.txt	5054
Vin_3_89	01_Vinaya_Mahaavi_1.txt	5117
Vin_3_90	01_Vinaya_Mahaavi_1.txt	5165
Vin_3_91	01_Vinaya_Mahaavi_1.txt	5212
Vin_3_93	01_Vinaya_Mahaavi_1.txt	5323
Vin_3_94	01_Vinaya_Mahaavi_1.txt	5461
Vin_3_95	01_Vinaya_Mahaavi_1.txt	5549
Vin_3_96	01_Vinaya_Mahaavi_1.txt	5634
Vin_3_97	01_Vinaya_Mahaavi_1.txt	5745
Vin_3_98	01_Vinaya_Mahaavi_1.txt	5848
Vin_3_99	01_Vinaya_Mahaavi_1.txt	5978
Vin_3_102	01_Vinaya_Mahaavi_1.txt	6187
Vin_3_103	01_Vinaya_Mahaavi_1.txt	6253
Vin_3_104	01_Vinaya_Mahaavi_1.txt	6322
Vin_3_105	01_Vinaya_Mahaavi_1.txt	6390
Vin_3_106	01_Vinaya_Mahaavi_1.txt	6441
Vin_3_107	01_Vinaya_Mahaavi_1.txt	6504
Vin_3_109	01_Vinaya_Mahaavi_1.txt	6621
Vin_3_111	01_Vinaya_Mahaavi_1.txt	6717
Vin_3_112	01_Vinaya_Mahaavi_1.txt	6755
Vin_3_114	01_Vinaya_Mahaavi_1.txt	6875
Vin_3_115	01_Vinaya_Mahaavi_1.txt	7215
Vin_3_116	01_Vinaya_Mahaavi_1.txt	7416
Vin_3_117	01_Vinaya_Mahaavi_1.txt	7486
Vin_3_118	01_Vinaya_Mahaavi_1.txt	7589
Vin_3_119	01_Vinaya_Mahaavi_1.txt	7718
Vin_3_120	01_Vinaya_Mahaavi_1.txt	7788
Vin_3_122	01_Vinaya_Mahaavi_1.txt	7889
Vin_3_124	01_Vinaya_Mahaavi_1.txt	8074
Vin_3_125	01_Vinaya_Mahaavi_1.txt	8151
Vin_3_126	01_Vinaya_Mahaavi_1.txt	8233
Vin_3_127	01_Vinaya_Mahaavi_1.txt	8301
Vin_3_128	01_Vinaya_Mahaavi_1.txt	8373
Vin_3_129	01_Vinaya_Mahaavi_1.txt	8416
Vin_3_130	01_Vinaya_Mahaavi_1.txt	8592
Vin_3_131	01_Vinaya_Mahaavi_1.txt	8659
Vin_3_132	01_Vinaya_Mahaavi_1.txt	8735
Vin_3_133	01_Vinaya_Mahaavi_1.txt	8784
Vin_3_134	01_Vinaya_Mahaavi_1.txt	8824
Vin_3_135	01_Vinaya_Mahaavi_1.txt	8978
Vin_3_136	01_Vinaya_Mahaavi_1.txt	9020
Vin_3_137	01_Vinaya_Mahaavi_1.txt	9070
Vin_3_138	01_Vinaya_Mahaavi_1.txt	9125
Vin_3_140	01_Vinaya_Mahaavi_1.txt	9220
Vin_3_145	01_Vinaya_Mahaavi_1.txt	10170
Vin_3_146	01_Vinaya_Mahaavi_1.txt	10245
Vin_3_148	01_Vinaya_Mahaavi_1.txt	10345
Vin_3_150	01_Vinaya_Mahaavi_1.txt	10442
Vin_3_152	01_Vinaya_Mahaavi_1.txt	10550
Vin_3_153	01_Vinaya_Mahaavi_1.txt	10609
Vin_3_154	01_Vinaya_Mahaavi_1.txt	10723
Vin_3_156	01_Vinaya_Mahaavi_1.txt	10986
Vin_3_157	01_Vinaya_Mahaavi_1.txt	11118
Vin_3_158	01_Vinaya_Mahaavi_1.txt	11261
Vin_3_159	01_Vinaya_Mahaavi_1.txt	11300
Vin_3_161	01_Vinaya_Mahaavi_1.txt	11402
Vin_3_162	01_Vinaya_Mahaavi_1.txt	11446
Vin_3_163	01_Vinaya_Mahaavi_1.txt	11493
Vin_3_164	01_Vinaya_Mahaavi_1.txt	11534
Vin_3_165	01_Vinaya_Mahaavi_1.txt	11602
Vin_3_166	01_Vinaya_Mahaavi_1.txt	11716
Vin_3_168	01_Vinaya_Mahaavi_1.txt	11847
Vin_3_169	01_Vinaya_Mahaavi_1.txt	11902
Vin_3_170	01_Vinaya_Mahaavi_1.txt	11997
Vin_3_171	01_Vinaya_Mahaavi_1.txt	12138
Vin_3_172	01_Vinaya_Mahaavi_1.txt	12185
Vin_3_173	01_Vinaya_Mahaavi_1.txt	12249
Vin_3_174	01_Vinaya_Mahaavi_1.txt	12294
Vin_3_175	01_Vinaya_Mahaavi_1.txt	12354
Vin_3_176	01_Vinaya_Mahaavi_1.txt	12399
Vin_3_177	01_Vinaya_Mahaavi_1.txt	12464
Vin_3_178	01_Vinaya_Mahaavi_1.txt	12518
Vin_3_179	01_Vinaya_Mahaavi_1.txt	12558
Vin_3_181	01_Vinaya_Mahaavi_1.txt	12676
Vin_3_182	01_Vinaya_Mahaavi_1.txt	12727
Vin_3_183	01_Vinaya_Mahaavi_1.txt	12827
Vin_3_184	01_Vinaya_Mahaavi_1.txt	12881
Vin_3_186	01_Vinaya_Mahaavi_1.txt	13027
Vin_3_188	01_Vinaya_Mahaavi_1.txt	13123
Vin_3_189	01_Vinaya_Mahaavi_1.txt	13163
Vin_3_190	01_Vinaya_Mahaavi_1.txt	13221
Vin_3_191	01_Vinaya_Mahaavi_1.txt	13274
Vin_3_192	01_Vinaya_Mahaavi_1.txt	13329
Vin_3_193	01_Vinaya_Mahaavi_1.txt	13393
Vin_3_194	01_Vinaya_Mahaavi_1.txt	13458
Vin_3_196	02_Vinaya_Mahaavi_2.txt	47
Vin_3_197	02_Vinaya_Mahaavi_2.txt	102
Vin_3_198	02_Vinaya_Mahaavi_2.txt	182
Vin_3_201	02_Vinaya_Mahaavi_2.txt	331
Vin_3_202	02_Vinaya_Mahaavi_2.txt	414
Vin_3_203	02_Vinaya_Mahaavi_2.txt	487
Vin_3_204	02_Vinaya_Mahaavi_2.txt	542
Vin_3_205	02_Vinaya_Mahaavi_2.txt	614
Vin_3_206	02_Vinaya_Mahaavi_2.txt	678
Vin_3_207	02_Vinaya_Mahaavi_2.txt	742
Vin_3_208	02_Vinaya_Mahaavi_2.txt	805
Vin_3_209	02_Vinaya_Mahaavi_2.txt	861
Vin_3_210	02_Vinaya_Mahaavi_2.txt	914
Vin_3_211	02_Vinaya_Mahaavi_2.txt	970
Vin_3_212	02_Vinaya_Mahaavi_2.txt	1026
Vin_3_213	02_Vinaya_Mahaavi_2.txt	1079
Vin_3_214	02_Vinaya_Mahaavi_2.txt	1136
Vin_3_215	02_Vinaya_Mahaavi_2.txt	1189
Vin_3_216	02_Vinaya_Mahaavi_2.txt	1256
Vin_3_217	02_Vinaya_Mahaavi_2.txt	1302
Vin_3_218	02_Vinaya_Mahaavi_2.txt	1361
Vin_3_219	02_Vinaya_Mahaavi_2.txt	1407
Vin_3_220	02_Vinaya_Mahaavi_2.txt	1489
Vin_3_221	02_Vinaya_Mahaavi_2.txt	1541
Vin_3_222	02_Vinaya_Mahaavi_2.txt	1590
Vin_3_223	02_Vinaya_Mahaavi_2.txt	1667
Vin_3_224	02_Vinaya_Mahaavi_2.txt	1740
Vin_3_225	02_Vinaya_Mahaavi_2.txt	1790
Vin_3_226	02_Vinaya_Mahaavi_2.txt	1841
Vin_3_227	02_Vinaya_Mahaavi_2.txt	1906
Vin_3_228	02_Vinaya_Mahaavi_2.txt	1966
Vin_3_229	02_Vinaya_Mahaavi_2.txt	2012
Vin_3_230	02_Vinaya_Mahaavi_2.txt	2072
Vin_3_231	02_Vinaya_Mahaavi_2.txt	2112
Vin_3_232	02_Vinaya_Mahaavi_2.txt	2176
Vin_3_234	02_Vinaya_Mahaavi_2.txt	2283
Vin_3_235	02_Vinaya_Mahaavi_2.txt	2342
Vin_3_236	02_Vinaya_Mahaavi_2.txt	2386
Vin_3_237	02_Vinaya_Mahaavi_2.txt	2446
Vin_3_238	02_Vinaya_Mahaavi_2.txt	2497
Vin_3_239	02_Vinaya_Mahaavi_2.txt	2552
Vin_3_241	02_Vinaya_Mahaavi_2.txt	2679
Vin_3_242	02_Vinaya_Mahaavi_2.txt	2730
Vin_3_243	02_Vinaya_Mahaavi_2.txt	2796
Vin_3_245	02_Vinaya_Mahaavi_2.txt	2946
Vin_3_246	02_Vinaya_Mahaavi_2.txt	2994
Vin_3_247	02_Vinaya_Mahaavi_2.txt	3050
Vin_3_248	02_Vinaya_Mahaavi_2.txt	3146
Vin_3_249	02_Vinaya_Mahaavi_2.txt	3240
Vin_3_250	02_Vinaya_Mahaavi_2.txt	3302
Vin_3_252	02_Vinaya_Mahaavi_2.txt	3398
Vin_3_253	02_Vinaya_Mahaavi_2.txt	3466
Vin_3_254	02_Vinaya_Mahaavi_2.txt	3526
Vin_3_255	02_Vinaya_Mahaavi_2.txt	3580
Vin_3_256	02_Vinaya_Mahaavi_2.txt	3643
Vin_3_257	02_Vinaya_Mahaavi_2.txt	3687
Vin_3_258	02_Vinaya_Mahaavi_2.txt	3751
Vin_3_259	02_Vinaya_Mahaavi_2.txt	3815
Vin_3_260	02_Vinaya_Mahaavi_2.txt	3856
Vin_3_261	02_Vinaya_Mahaavi_2.txt	3909
Vin_3_262	02_Vinaya_Mahaavi_2.txt	3961
Vin_3_263	02_Vinaya_Mahaavi_2.txt	4018
Vin_3_264	02_Vinaya_Mahaavi_2.txt	4063
Vin_3_265	02_Vinaya_Mahaavi_2.txt	4123
Vin_4_2	02_Vinaya_Mahaavi_2.txt	4263
Vin_4_3	02_Vinaya_Mahaavi_2.txt	4314
Vin_4_4	02_Vinaya_Mahaavi_2.txt	4401
Vin_4_5	02_Vinaya_Mahaavi_2.txt	4475
Vin_4_6	02_Vinaya_Mahaavi_2.txt	4537
Vin_4_10	02_Vinaya_Mahaavi_2.txt	4925
Vin_4_11	02_Vinaya_Mahaavi_2.txt	5015
Vin_4_12	02_Vinaya_Mahaavi_2.txt	5132
Vin_4_13	02_Vinaya_Mahaavi_2.txt	5180
Vin_4_14	02_Vinaya_Mahaavi_2.txt	5346
Vin_4_15	02_Vinaya_Mahaavi_2.txt	5402
Vin_4_16	02_Vinaya_Mahaavi_2.txt	5460
Vin_4_17	02_Vinaya_Mahaavi_2.txt	5514
Vin_4_18	02_Vinaya_Mahaavi_2.txt	5566
Vin_4_19	02_Vinaya_Mahaavi_2.txt	5619
Vin_4_20	02_Vinaya_Mahaavi_2.txt	5665
Vin_4_21	02_Vinaya_Mahaavi_2.txt	5722
Vin_4_23	02_Vinaya_Mahaavi_2.txt	5823
Vin_4_24	02_Vinaya_Mahaavi_2.txt	5873
Vin_4_25	02_Vinaya_Mahaavi_2.txt	5921
Vin_4_26	02_Vinaya_Mahaavi_2.txt	5966
Vin_4_27	02_Vinaya_Mahaavi_2.txt	6026
Vin_4_28	02_Vinaya_Mahaavi_2.txt	6119
Vin_4_29	02_Vinaya_Mahaavi_2.txt	6201
Vin_4_30	02_Vinaya_Mahaavi_2.txt	6282
Vin_4_31	02_Vinaya_Mahaavi_2.txt	6340
Vin_4_32	02_Vinaya_Mahaavi_2.txt	6401
Vin_4_33	02_Vinaya_Mahaavi_2.txt	6456
Vin_4_34	02_Vinaya_Mahaavi_2.txt	6542
Vin_4_35	02_Vinaya_Mahaavi_2.txt	6587
Vin_4_36	02_Vinaya_Mahaavi_2.txt	6651
Vin_4_37	02_Vinaya_Mahaavi_2.txt	6735
Vin_4_38	02_Vinaya_Mahaavi_2.txt	6797
Vin_4_40	02_Vinaya_Mahaavi_2.txt	6922
Vin_4_41	02_Vinaya_Mahaavi_2.txt	6986
Vin_4_43	02_Vinaya_Mahaavi_2.txt	7072
Vin_4_44	02_Vinaya_Mahaavi_2.txt	7129
Vin_4_45	02_Vinaya_Mahaavi_2.txt	7170
Vin_4_46	02_Vinaya_Mahaavi_2.txt	7232
Vin_4_47	02_Vinaya_Mahaavi_2.txt	7319
Vin_4_48	02_Vinaya_Mahaavi_2.txt	7364
Vin_4_49	02_Vinaya_Mahaavi_2.txt	7430
Vin_4_50	02_Vinaya_Mahaavi_2.txt	7496
Vin_4_51	02_Vinaya_Mahaavi_2.txt	7548
Vin_4_52	02_Vinaya_Mahaavi_2.txt	7610
Vin_4_53	02_Vinaya_Mahaavi_2.txt	7667
Vin_4_54	02_Vinaya_Mahaavi_2.txt	7752
Vin_4_56	02_Vinaya_Mahaavi_2.txt	7850
Vin_4_57	02_Vinaya_Mahaavi_2.txt	7902
Vin_4_59	02_Vinaya_Mahaavi_2.txt	8038
Vin_4_60	02_Vinaya_Mahaavi_2.txt	8077
Vin_4_61	02_Vinaya_Mahaavi_2.txt	8131
Vin_4_62	02_Vinaya_Mahaavi_2.txt	8173
Vin_4_64	02_Vinaya_Mahaavi_2.txt	8279
Vin_4_65	02_Vinaya_Mahaavi_2.txt	8346
Vin_4_66	02_Vinaya_Mahaavi_2.txt	8393
Vin_4_67	02_Vinaya_Mahaavi_2.txt	8459
Vin_4_68	02_Vinaya_Mahaavi_2.txt	8504
Vin_4_69	02_Vinaya_Mahaavi_2.txt	8565
Vin_4_70	02_Vinaya_Mahaavi_2.txt	8633
Vin_4_71	02_Vinaya_Mahaavi_2.txt	8691
Vin_4_72	02_Vinaya_Mahaavi_2.txt	8762
Vin_4_73	02_Vinaya_Mahaavi_2.txt	8796
Vin_4_74	02_Vinaya_Mahaavi_2.txt	8841
Vin_4_76	02_Vinaya_Mahaavi_2.txt	8941
Vin_4_77	02_Vinaya_Mahaavi_2.txt	8987
Vin_4_79	02_Vinaya_Mahaavi_2.txt	9109
Vin_4_80	02_Vinaya_Mahaavi_2.txt	9173
Vin_4_81	02_Vinaya_Mahaavi_2.txt	9234
Vin_4_83	02_Vinaya_Mahaavi_2.txt	9336
Vin_4_84	02_Vinaya_Mahaavi_2.txt	9393
Vin_4_85	02_Vinaya_Mahaavi_2.txt	9463
Vin_4_86	02_Vinaya_Mahaavi_2.txt	9519
Vin_4_87	02_Vinaya_Mahaavi_2.txt	9572
Vin_4_88	02_Vinaya_Mahaavi_2.txt	9637
Vin_4_89	02_Vinaya_Mahaavi_2.txt	9689
Vin_4_91	02_Vinaya_Mahaavi_2.txt	9822
Vin_4_92	02_Vinaya_Mahaavi_2.txt	9868
Vin_4_93	02_Vinaya_Mahaavi_2.txt	9923
Vin_4_94	02_Vinaya_Mahaavi_2.txt	9978
Vin_4_95	02_Vinaya_Mahaavi_2.txt	10040
Vin_4_96	02_Vinaya_Mahaavi_2.txt	10095
Vin_4_97	02_Vinaya_Mahaavi_2.txt	10151
Vin_4_98	02_Vinaya_Mahaavi_2.txt	10240
Vin_4_99	02_Vinaya_Mahaavi_2.txt	10282
Vin_4_100	02_Vinaya_Mahaavi_2.txt	10333
Vin_4_101	02_Vinaya_Mahaavi_2.txt	10379
Vin_4_102	02_Vinaya_Mahaavi_2.txt	10431
Vin_4_103	02_Vinaya_Mahaavi_2.txt	10490
Vin_4_104	02_Vinaya_Mahaavi_2.txt	10551
Vin_4_105	02_Vinaya_Mahaavi_2.txt	10595
Vin_4_106	02_Vinaya_Mahaavi_2.txt	10658
Vin_4_107	02_Vinaya_Mahaavi_2.txt	10703
Vin_4_108	02_Vinaya_Mahaavi_2.txt	10754
Vin_4_109	02_Vinaya_Mahaavi_2.txt	10818
Vin_4_111	02_Vinaya_Mahaavi_2.txt	10932
Vin_4_112	02_Vinaya_Mahaavi_2.txt	11005
Vin_4_113	02_Vinaya_Mahaavi_2.txt	11067
Vin_4_114	02_Vinaya_Mahaavi_2.txt	11132
Vin_4_115	02_Vinaya_Mahaavi_2.txt	11212
Vin_4_116	02_Vinaya_Mahaavi_2.txt	11247
Vin_4_117	02_Vinaya_Mahaavi_2.txt	11339
Vin_4_118	02_Vinaya_Mahaavi_2.txt	11383
Vin_4_119	02_Vinaya_Mahaavi_2.txt	11446
Vin_4_120	02_Vinaya_Mahaavi_2.txt	11507
Vin_4_121	02_Vinaya_Mahaavi_2.txt	11551
Vin_4_122	02_Vinaya_Mahaavi_2.txt	11611
Vin_4_123	02_Vinaya_Mahaavi_2.txt	11667
Vin_4_124	02_Vinaya_Mahaavi_2.txt	11727
Vin_4_125	02_Vinaya_Mahaavi_2.txt	11790
Vin_4_126	02_Vinaya_Mahaavi_2.txt	11860
Vin_4_127	02_Vinaya_Mahaavi_2.txt	11918
Vin_4_128	02_Vinaya_Mahaavi_2.txt	11962
Vin_4_129	02_Vinaya_Mahaavi_2.txt	12010
Vin_4_130	02_Vinaya_Mahaavi_2.txt	12062
Vin_4_131	02_Vinaya_Mahaavi_2.txt	12125
Vin_4_132	02_Vinaya_Mahaavi_2.txt	12171
Vin_4_133	02_Vinaya_Mahaavi_2.txt	12228
Vin_4_134	02_Vinaya_Mahaavi_2.txt	12279
Vin_4_135	02_Vinaya_Mahaavi_2.txt	12336
Vin_4_136	02_Vinaya_Mahaavi_2.txt	12397
Vin_4_137	02_Vinaya_Mahaavi_2.txt	12479
Vin_4_138	02_Vinaya_Mahaavi_2.txt	12525
Vin_4_139	02_Vinaya_Mahaavi_2.txt	12651
Vin_4_140	02_Vinaya_Mahaavi_2.txt	12705
Vin_4_141	02_Vinaya_Mahaavi_2.txt	12793
Vin_4_142	02_Vinaya_Mahaavi_2.txt	12836
Vin_4_143	02_Vinaya_Mahaavi_2.txt	12893
Vin_4_144	02_Vinaya_Mahaavi_2.txt	12942
Vin_4_145	02_Vinaya_Mahaavi_2.txt	12998
Vin_4_146	02_Vinaya_Mahaavi_2.txt	13074
Vin_4_147	02_Vinaya_Mahaavi_2.txt	13131
Vin_4_148	02_Vinaya_Mahaavi_2.txt	13193
Vin_4_149	02_Vinaya_Mahaavi_2.txt	13245
Vin_4_150	02_Vinaya_Mahaavi_2.txt	13295
Vin_4_151	02_Vinaya_Mahaavi_2.txt	13337
Vin_4_152	02_Vinaya_Mahaavi_2.txt	13403
Vin_4_153	02_Vinaya_Mahaavi_2.txt	13454
Vin_4_154	02_Vinaya_Mahaavi_2.txt	13511
Vin_4_155	02_Vinaya_Mahaavi_2.txt	13549
Vin_4_157	02_Vinaya_Mahaavi_2.txt	13640
Vin_4_158	02_Vinaya_Mahaavi_2.txt	13689
Vin_4_159	02_Vinaya_Mahaavi_2.txt	13740
Vin_4_160	02_Vinaya_Mahaavi_2.txt	13806
Vin_4_161	02_Vinaya_Mahaavi_2.txt	13867
Vin_4_162	02_Vinaya_Mahaavi_2.txt	13920
Vin_4_163	02_Vinaya_Mahaavi_2.txt	13962
Vin_4_164	02_Vinaya_Mahaavi_2.txt	14013
Vin_4_165	02_Vinaya_Mahaavi_2.txt	14067
Vin_4_166	02_Vinaya_Mahaavi_2.txt	14108
Vin_4_167	02_Vinaya_Mahaavi_2.txt	14166
Vin_4_168	02_Vinaya_Mahaavi_2.txt	14217
Vin_4_169	02_Vinaya_Mahaavi_2.txt	14273
Vin_4_170	02_Vinaya_Mahaavi_2.txt	14332
Vin_4_171	02_Vinaya_Mahaavi_2.txt	14377
Vin_4_172	02_Vinaya_Mahaavi_2.txt	14431
Vin_4_173	02_Vinaya_Mahaavi_2.txt	14507
Vin_4_180	02_Vinaya_Mahaavi_2.txt	14877
Vin_4_181	02_Vinaya_Mahaavi_2.txt	14923
Vin_4_182	02_Vinaya_Mahaavi_2.txt	14971
Vin_4_184	02_Vinaya_Mahaavi_2.txt	15070
Vin_4_186	02_Vinaya_Mahaavi_2.txt	15158
Vin_4_187	02_Vinaya_Mahaavi_2.txt	15269
Vin_4_188	02_Vinaya_Mahaavi_2.txt	15371
Vin_4_190	02_Vinaya_Mahaavi_2.txt	15562
Vin_4_192	02_Vinaya_Mahaavi_2.txt	15683
Vin_4_193	02_Vinaya_Mahaavi_2.txt	15739
Vin_4_194	02_Vinaya_Mahaavi_2.txt	15784
Vin_4_195	02_Vinaya_Mahaavi_2.txt	15836
Vin_4_196	02_Vinaya_Mahaavi_2.txt	15891
Vin_4_197	02_Vinaya_Mahaavi_2.txt	15943
Vin_4_202	02_Vinaya_Mahaavi_2.txt	16284
Vin_4_204	02_Vinaya_Mahaavi_2.txt	16403
Vin_4_205	02_Vinaya_Mahaavi_2.txt	16473
Vin_4_206	02_Vinaya_Mahaavi_2.txt	16553
Vin_4_207	02_Vinaya_Mahaavi_2.txt	16616
Vin_4_213	03_Vinaya_Bhikkhunii.txt	92
Vin_4_214	03_Vinaya_Bhikkhunii.txt	132
Vin_4_215	03_Vinaya_Bhikkhunii.txt	186
Vin_4_216	03_Vinaya_Bhikkhunii.txt	302
Vin_4_217	03_Vinaya_Bhikkhunii.txt	345
Vin_4_218	03_Vinaya_Bhikkhunii.txt	416
Vin_4_219	03_Vinaya_Bhikkhunii.txt	459
Vin_4_220	03_Vinaya_Bhikkhunii.txt	513
Vin_4_221	03_Vinaya_Bhikkhunii.txt	577
Vin_4_222	03_Vinaya_Bhikkhunii.txt	623
Vin_4_224	03_Vinaya_Bhikkhunii.txt	685
Vin_4_225	03_Vinaya_Bhikkhunii.txt	734
Vin_4_227	03_Vinaya_Bhikkhunii.txt	834
Vin_4_228	03_Vinaya_Bhikkhunii.txt	890
Vin_4_230	03_Vinaya_Bhikkhunii.txt	986
Vin_4_231	03_Vinaya_Bhikkhunii.txt	1036
Vin_4_232	03_Vinaya_Bhikkhunii.txt	1092
Vin_4_233	03_Vinaya_Bhikkhunii.txt	1145
Vin_4_234	03_Vinaya_Bhikkhunii.txt	1206
Vin_4_236	03_Vinaya_Bhikkhunii.txt	1309
Vin_4_237	03_Vinaya_Bhikkhunii.txt	1385
Vin_4_238	03_Vinaya_Bhikkhunii.txt	1438
Vin_4_239	03_Vinaya_Bhikkhunii.txt	1496
Vin_4_240	03_Vinaya_Bhikkhunii.txt	1622
Vin_4_242	03_Vinaya_Bhikkhunii.txt	1786
Vin_4_244	03_Vinaya_Bhikkhunii.txt	1950
Vin_4_245	03_Vinaya_Bhikkhunii.txt	2009
Vin_4_246	03_Vinaya_Bhikkhunii.txt	2063
Vin_4_247	03_Vinaya_Bhikkhunii.txt	2126
Vin_4_248	03_Vinaya_Bhikkhunii.txt	2189
Vin_4_249	03_Vinaya_Bhikkhunii.txt	2249
Vin_4_250	03_Vinaya_Bhikkhunii.txt	2305
Vin_4_251	03_Vinaya_Bhikkhunii.txt	2384
Vin_4_252	03_Vinaya_Bhikkhunii.txt	2442
Vin_4_253	03_Vinaya_Bhikkhunii.txt	2527
Vin_4_254	03_Vinaya_Bhikkhunii.txt	2643
Vin_4_255	03_Vinaya_Bhikkhunii.txt	2716
Vin_4_256	03_Vinaya_Bhikkhunii.txt	2751
Vin_4_259	03_Vinaya_Bhikkhunii.txt	2919
Vin_4_260	03_Vinaya_Bhikkhunii.txt	2981
Vin_4_261	03_Vinaya_Bhikkhunii.txt	3036
Vin_4_262	03_Vinaya_Bhikkhunii.txt	3086
Vin_4_264	03_Vinaya_Bhikkhunii.txt	3180
Vin_4_265	03_Vinaya_Bhikkhunii.txt	3242
Vin_4_266	03_Vinaya_Bhikkhunii.txt	3293
Vin_4_268	03_Vinaya_Bhikkhunii.txt	3414
Vin_4_269	03_Vinaya_Bhikkhunii.txt	3467
Vin_4_270	03_Vinaya_Bhikkhunii.txt	3543
Vin_4_271	03_Vinaya_Bhikkhunii.txt	3622
Vin_4_272	03_Vinaya_Bhikkhunii.txt	3665
Vin_4_273	03_Vinaya_Bhikkhunii.txt	3733
Vin_4_274	03_Vinaya_Bhikkhunii.txt	3796
Vin_4_275	03_Vinaya_Bhikkhunii.txt	3852
Vin_4_276	03_Vinaya_Bhikkhunii.txt	3921
Vin_4_277	03_Vinaya_Bhikkhunii.txt	3973
Vin_4_278	03_Vinaya_Bhikkhunii.txt	4041
Vin_4_279	03_Vinaya_Bhikkhunii.txt	4080
Vin_4_280	03_Vinaya_Bhikkhunii.txt	4134
Vin_4_281	03_Vinaya_Bhikkhunii.txt	4192
Vin_4_282	03_Vinaya_Bhikkhunii.txt	4250
Vin_4_283	03_Vinaya_Bhikkhunii.txt	4312
Vin_4_284	03_Vinaya_Bhikkhunii.txt	4353
Vin_4_285	03_Vinaya_Bhikkhunii.txt	4402
Vin_4_287	03_Vinaya_Bhikkhunii.txt	4507
Vin_4_288	03_Vinaya_Bhikkhunii.txt	4556
Vin_4_289	03_Vinaya_Bhikkhunii.txt	4617
Vin_4_290	03_Vinaya_Bhikkhunii.txt	4695
Vin_4_291	03_Vinaya_Bhikkhunii.txt	4735
Vin_4_292	03_Vinaya_Bhikkhunii.txt	4787
Vin_4_293	03_Vinaya_Bhikkhunii.txt	4853
Vin_4_294	03_Vinaya_Bhikkhunii.txt	4914
Vin_4_295	03_Vinaya_Bhikkhunii.txt	4975
Vin_4_296	03_Vinaya_Bhikkhunii.txt	5041
Vin_4_297	03_Vinaya_Bhikkhunii.txt	5098
Vin_4_298	03_Vinaya_Bhikkhunii.txt	5145
Vin_4_299	03_Vinaya_Bhikkhunii.txt	5191
Vin_4_300	03_Vinaya_Bhikkhunii.txt	5242
Vin_4_301	03_Vinaya_Bhikkhunii.txt	5293
Vin_4_302	03_Vinaya_Bhikkhunii.txt	5336
Vin_4_303	03_Vinaya_Bhikkhunii.txt	5398
Vin_4_304	03_Vinaya_Bhikkhunii.txt	5459
Vin_4_305	03_Vinaya_Bhikkhunii.txt	5515
Vin_4_306	03_Vinaya_Bhikkhunii.txt	5556
Vin_4_307	03_Vinaya_Bhikkhunii.txt	5610
Vin_4_308	03_Vinaya_Bhikkhunii.txt	5667
Vin_4_310	03_Vinaya_Bhikkhunii.txt	5769
Vin_4_311	03_Vinaya_Bhikkhunii.txt	5824
Vin_4_312	03_Vinaya_Bhikkhunii.txt	5893
Vin_4_313	03_Vinaya_Bhikkhunii.txt	5939
Vin_4_314	03_Vinaya_Bhikkhunii.txt	5981
Vin_4_315	03_Vinaya_Bhikkhunii.txt	6022
Vin_4_316	03_Vinaya_Bhikkhunii.txt	6083
Vin_4_317	03_Vinaya_Bhikkhunii.txt	6130
Vin_4_318	03_Vinaya_Bhikkhunii.txt	6183
Vin_4_319	03_Vinaya_Bhikkhunii.txt	6256
Vin_4_321	03_Vinaya_Bhikkhunii.txt	6356
Vin_4_322	03_Vinaya_Bhikkhunii.txt	6429
Vin_4_323	03_Vinaya_Bhikkhunii.txt	6491
Vin_4_324	03_Vinaya_Bhikkhunii.txt	6593
Vin_4_325	03_Vinaya_Bhikkhunii.txt	6671
Vin_4_327	03_Vinaya_Bhikkhunii.txt	6759
Vin_4_328	03_Vinaya_Bhikkhunii.txt	6844
Vin_4_329	03_Vinaya_Bhikkhunii.txt	6995
Vin_4_330	03_Vinaya_Bhikkhunii.txt	7063
Vin_4_331	03_Vinaya_Bhikkhunii.txt	7123
Vin_4_332	03_Vinaya_Bhikkhunii.txt	7191
Vin_4_333	03_Vinaya_Bhikkhunii.txt	7241
Vin_4_334	03_Vinaya_Bhikkhunii.txt	7305
Vin_4_335	03_Vinaya_Bhikkhunii.txt	7363
Vin_4_336	03_Vinaya_Bhikkhunii.txt	7408
Vin_4_337	03_Vinaya_Bhikkhunii.txt	7468
Vin_4_338	03_Vinaya_Bhikkhunii.txt	7534
Vin_4_340	03_Vinaya_Bhikkhunii.txt	7634
Vin_4_341	03_Vinaya_Bhikkhunii.txt	7694
Vin_4_342	03_Vinaya_Bhikkhunii.txt	7763
Vin_4_343	03_Vinaya_Bhikkhunii.txt	7810
Vin_4_344	03_Vinaya_Bhikkhunii.txt	7871
Vin_4_345	03_Vinaya_Bhikkhunii.txt	7933
Vin_4_347	03_Vinaya_Bhikkhunii.txt	8035
Vin_4_348	03_Vinaya_Bhikkhunii.txt	8120
Vin_4_350	03_Vinaya_Bhikkhunii.txt	8224
Vin_4_351	03_Vinaya_Bhikkhunii.txt	8273
Vin_1_1	04_Vinaya_Mahaa_1.txt	8
Vin_1_2	04_Vinaya_Mahaa_1.txt	28
Vin_1_3	04_Vinaya_Mahaa_1.txt	109
Vin_1_4	04_Vinaya_Mahaa_1.txt	169
Vin_1_5	04_Vinaya_Mahaa_1.txt	219
Vin_1_7	04_Vinaya_Mahaa_1.txt	324
Vin_1_8	04_Vinaya_Mahaa_1.txt	382
Vin_1_9	04_Vinaya_Mahaa_1.txt	443
Vin_1_10	04_Vinaya_Mahaa_1.txt	493
Vin_1_11	04_Vinaya_Mahaa_1.txt	556
Vin_1_12	04_Vinaya_Mahaa_1.txt	631
Vin_1_13	04_Vinaya_Mahaa_1.txt	692
Vin_1_14	04_Vinaya_Mahaa_1.txt	746
Vin_1_15	04_Vinaya_Mahaa_1.txt	830
Vin_1_16	04_Vinaya_Mahaa_1.txt	888
Vin_1_17	04_Vinaya_Mahaa_1.txt	953
Vin_1_19	04_Vinaya_Mahaa_1.txt	1051
Vin_1_20	04_Vinaya_Mahaa_1.txt	1109
Vin_1_22	04_Vinaya_Mahaa_1.txt	1211
Vin_1_23	04_Vinaya_Mahaa_1.txt	1268
Vin_1_24	04_Vinaya_Mahaa_1.txt	1314
Vin_1_25	04_Vinaya_Mahaa_1.txt	1377
Vin_1_26	04_Vinaya_Mahaa_1.txt	1464
Vin_1_28	04_Vinaya_Mahaa_1.txt	1573
Vin_1_29	04_Vinaya_Mahaa_1.txt	1618
Vin_1_30	04_Vinaya_Mahaa_1.txt	1665
Vin_1_31	04_Vinaya_Mahaa_1.txt	1708
Vin_1_32	04_Vinaya_Mahaa_1.txt	1760
Vin_1_33	04_Vinaya_Mahaa_1.txt	1823
Vin_1_34	04_Vinaya_Mahaa_1.txt	1873
Vin_1_36	04_Vinaya_Mahaa_1.txt	1971
Vin_1_37	04_Vinaya_Mahaa_1.txt	2027
Vin_1_38	04_Vinaya_Mahaa_1.txt	2072
Vin_1_39	04_Vinaya_Mahaa_1.txt	2138
Vin_1_40	04_Vinaya_Mahaa_1.txt	2185
Vin_1_41	04_Vinaya_Mahaa_1.txt	2246
Vin_1_43	04_Vinaya_Mahaa_1.txt	2352
Vin_1_44	04_Vinaya_Mahaa_1.txt	2407
Vin_1_45	04_Vinaya_Mahaa_1.txt	2463
Vin_1_46	04_Vinaya_Mahaa_1.txt	2512
Vin_1_47	04_Vinaya_Mahaa_1.txt	2560
Vin_1_48	04_Vinaya_Mahaa_1.txt	2594
Vin_1_49	04_Vinaya_Mahaa_1.txt	2635
Vin_1_50	04_Vinaya_Mahaa_1.txt	2672
Vin_1_51	04_Vinaya_Mahaa_1.txt	2718
Vin_1_52	04_Vinaya_Mahaa_1.txt	2760
Vin_1_53	04_Vinaya_Mahaa_1.txt	2849
Vin_1_54	04_Vinaya_Mahaa_1.txt	2888
Vin_1_55	04_Vinaya_Mahaa_1.txt	2938
Vin_1_56	04_Vinaya_Mahaa_1.txt	2994
Vin_1_57	04_Vinaya_Mahaa_1.txt	3052
Vin_1_58	04_Vinaya_Mahaa_1.txt	3106
Vin_1_59	04_Vinaya_Mahaa_1.txt	3164
Vin_1_62	04_Vinaya_Mahaa_1.txt	3760
Vin_1_63	04_Vinaya_Mahaa_1.txt	3809
Vin_1_64	04_Vinaya_Mahaa_1.txt	3864
Vin_1_65	04_Vinaya_Mahaa_1.txt	3912
Vin_1_67	04_Vinaya_Mahaa_1.txt	4014
Vin_1_69	04_Vinaya_Mahaa_1.txt	4093
Vin_1_70	04_Vinaya_Mahaa_1.txt	4140
Vin_1_72	04_Vinaya_Mahaa_1.txt	4234
Vin_1_74	04_Vinaya_Mahaa_1.txt	4328
Vin_1_76	04_Vinaya_Mahaa_1.txt	4441
Vin_1_77	04_Vinaya_Mahaa_1.txt	4489
Vin_1_78	04_Vinaya_Mahaa_1.txt	4541
Vin_1_79	04_Vinaya_Mahaa_1.txt	4590
Vin_1_80	04_Vinaya_Mahaa_1.txt	4632
Vin_1_81	04_Vinaya_Mahaa_1.txt	4685
Vin_1_82	04_Vinaya_Mahaa_1.txt	4790
Vin_1_83	04_Vinaya_Mahaa_1.txt	4840
Vin_1_86	04_Vinaya_Mahaa_1.txt	4974
Vin_1_87	04_Vinaya_Mahaa_1.txt	5029
Vin_1_88	04_Vinaya_Mahaa_1.txt	5079
Vin_1_89	04_Vinaya_Mahaa_1.txt	5144
Vin_1_90	04_Vinaya_Mahaa_1.txt	5214
Vin_1_91	04_Vinaya_Mahaa_1.txt	5251
Vin_1_92	04_Vinaya_Mahaa_1.txt	5339
Vin_1_93	04_Vinaya_Mahaa_1.txt	5392
Vin_1_94	04_Vinaya_Mahaa_1.txt	5445
Vin_1_96	04_Vinaya_Mahaa_1.txt	5583
Vin_1_98	04_Vinaya_Mahaa_1.txt	5690
Vin_1_101	04_Vinaya_Mahaa_1.txt	5843
Vin_1_102	04_Vinaya_Mahaa_1.txt	5874
Vin_1_103	04_Vinaya_Mahaa_1.txt	5926
Vin_1_104	04_Vinaya_Mahaa_1.txt	5988
Vin_1_105	04_Vinaya_Mahaa_1.txt	6034
Vin_1_106	04_Vinaya_Mahaa_1.txt	6083
Vin_1_109	04_Vinaya_Mahaa_1.txt	6242
Vin_1_110	04_Vinaya_Mahaa_1.txt	6296
Vin_1_111	04_Vinaya_Mahaa_1.txt	6381
Vin_1_112	04_Vinaya_Mahaa_1.txt	6430
Vin_1_113	04_Vinaya_Mahaa_1.txt	6485
Vin_1_114	04_Vinaya_Mahaa_1.txt	6541
Vin_1_116	04_Vinaya_Mahaa_1.txt	6656
Vin_1_117	04_Vinaya_Mahaa_1.txt	6722
Vin_1_118	04_Vinaya_Mahaa_1.txt	6781
Vin_1_119	04_Vinaya_Mahaa_1.txt	6834
Vin_1_122	04_Vinaya_Mahaa_1.txt	6987
Vin_1_123	04_Vinaya_Mahaa_1.txt	7067
Vin_1_124	04_Vinaya_Mahaa_1.txt	7116
Vin_1_125	04_Vinaya_Mahaa_1.txt	7163
Vin_1_126	04_Vinaya_Mahaa_1.txt	7208
Vin_1_127	04_Vinaya_Mahaa_1.txt	7261
Vin_1_128	04_Vinaya_Mahaa_1.txt	7317
Vin_1_129	04_Vinaya_Mahaa_1.txt	7370
Vin_1_130	04_Vinaya_Mahaa_1.txt	7449
Vin_1_131	04_Vinaya_Mahaa_1.txt	7539
Vin_1_132	04_Vinaya_Mahaa_1.txt	7642
Vin_1_133	04_Vinaya_Mahaa_1.txt	7713
Vin_1_134	04_Vinaya_Mahaa_1.txt	7786
Vin_1_135	04_Vinaya_Mahaa_1.txt	7833
Vin_1_136	04_Vinaya_Mahaa_1.txt	7889
Vin_1_137	04_Vinaya_Mahaa_1.txt	7966
Vin_1_138	04_Vinaya_Mahaa_1.txt	8004
Vin_1_139	04_Vinaya_Mahaa_1.txt	8049
Vin_1_141	04_Vinaya_Mahaa_1.txt	8183
Vin_1_142	04_Vinaya_Mahaa_1.txt	8255
Vin_1_143	04_Vinaya_Mahaa_1.txt	8325
Vin_1_144	04_Vinaya_Mahaa_1.txt	8373
Vin_1_145	04_Vinaya_Mahaa_1.txt	8413
Vin_1_146	04_Vinaya_Mahaa_1.txt	8458
Vin_1_147	04_Vinaya_Mahaa_1.txt	8495
Vin_1_148	04_Vinaya_Mahaa_1.txt	8535
Vin_1_150	04_Vinaya_Mahaa_1.txt	8660
Vin_1_153	04_Vinaya_Mahaa_1.txt	8827
Vin_1_154	04_Vinaya_Mahaa_1.txt	8884
Vin_1_155	04_Vinaya_Mahaa_1.txt	8943
Vin_1_157	04_Vinaya_Mahaa_1.txt	9100
Vin_1_159	04_Vinaya_Mahaa_1.txt	9165
Vin_1_160	04_Vinaya_Mahaa_1.txt	9234
Vin_1_161	04_Vinaya_Mahaa_1.txt	9311
Vin_1_162	04_Vinaya_Mahaa_1.txt	9397
Vin_1_163	04_Vinaya_Mahaa_1.txt	9492
Vin_1_164	04_Vinaya_Mahaa_1.txt	9542
Vin_1_166	04_Vinaya_Mahaa_1.txt	9717
Vin_1_168	04_Vinaya_Mahaa_1.txt	10045
Vin_1_169	04_Vinaya_Mahaa_1.txt	10090
Vin_1_170	04_Vinaya_Mahaa_1.txt	10143
Vin_1_171	04_Vinaya_Mahaa_1.txt	10184
Vin_1_172	04_Vinaya_Mahaa_1.txt	10237
Vin_1_173	04_Vinaya_Mahaa_1.txt	10285
Vin_1_174	04_Vinaya_Mahaa_1.txt	10334
Vin_1_175	04_Vinaya_Mahaa_1.txt	10389
Vin_1_176	04_Vinaya_Mahaa_1.txt	10429
Vin_1_178	04_Vinaya_Mahaa_1.txt	10543
Vin_1_179	05_Vinaya_Mahaa_2.txt	5
Vin_1_180	05_Vinaya_Mahaa_2.txt	41
Vin_1_181	05_Vinaya_Mahaa_2.txt	89
Vin_1_182	05_Vinaya_Mahaa_2.txt	130
Vin_1_183	05_Vinaya_Mahaa_2.txt	186
Vin_1_184	05_Vinaya_Mahaa_2.txt	233
Vin_1_186	05_Vinaya_Mahaa_2.txt	355
Vin_1_187	05_Vinaya_Mahaa_2.txt	447
Vin_1_188	05_Vinaya_Mahaa_2.txt	494
Vin_1_189	05_Vinaya_Mahaa_2.txt	546
Vin_1_190	05_Vinaya_Mahaa_2.txt	596
Vin_1_191	05_Vinaya_Mahaa_2.txt	649
Vin_1_192	05_Vinaya_Mahaa_2.txt	706
Vin_1_193	05_Vinaya_Mahaa_2.txt	754
Vin_1_194	05_Vinaya_Mahaa_2.txt	802
Vin_1_195	05_Vinaya_Mahaa_2.txt	860
Vin_1_196	05_Vinaya_Mahaa_2.txt	907
Vin_1_198	05_Vinaya_Mahaa_2.txt	1016
Vin_1_199	05_Vinaya_Mahaa_2.txt	1092
Vin_1_200	05_Vinaya_Mahaa_2.txt	1132
Vin_1_201	05_Vinaya_Mahaa_2.txt	1185
Vin_1_203	05_Vinaya_Mahaa_2.txt	1302
Vin_1_204	05_Vinaya_Mahaa_2.txt	1349
Vin_1_207	05_Vinaya_Mahaa_2.txt	1574
Vin_1_208	05_Vinaya_Mahaa_2.txt	1618
Vin_1_209	05_Vinaya_Mahaa_2.txt	1682
Vin_1_211	05_Vinaya_Mahaa_2.txt	1785
Vin_1_212	05_Vinaya_Mahaa_2.txt	1845
Vin_1_213	05_Vinaya_Mahaa_2.txt	1899
Vin_1_214	05_Vinaya_Mahaa_2.txt	1946
Vin_1_215	05_Vinaya_Mahaa_2.txt	1998
Vin_1_216	05_Vinaya_Mahaa_2.txt	2053
Vin_1_217	05_Vinaya_Mahaa_2.txt	2101
Vin_1_218	05_Vinaya_Mahaa_2.txt	2158
Vin_1_222	05_Vinaya_Mahaa_2.txt	2377
Vin_1_223	05_Vinaya_Mahaa_2.txt	2429
Vin_1_224	05_Vinaya_Mahaa_2.txt	2479
Vin_1_225	05_Vinaya_Mahaa_2.txt	2520
Vin_1_226	05_Vinaya_Mahaa_2.txt	2570
Vin_1_227	05_Vinaya_Mahaa_2.txt	2619
Vin_1_229	05_Vinaya_Mahaa_2.txt	2722
Vin_1_232	05_Vinaya_Mahaa_2.txt	2880
Vin_1_234	05_Vinaya_Mahaa_2.txt	2978
Vin_1_235	05_Vinaya_Mahaa_2.txt	3040
Vin_1_237	05_Vinaya_Mahaa_2.txt	3143
Vin_1_239	05_Vinaya_Mahaa_2.txt	3249
Vin_1_241	05_Vinaya_Mahaa_2.txt	3350
Vin_1_242	05_Vinaya_Mahaa_2.txt	3411
Vin_1_243	05_Vinaya_Mahaa_2.txt	3477
Vin_1_244	05_Vinaya_Mahaa_2.txt	3536
Vin_1_245	05_Vinaya_Mahaa_2.txt	3581
Vin_1_246	05_Vinaya_Mahaa_2.txt	3633
Vin_1_247	05_Vinaya_Mahaa_2.txt	3696
Vin_1_248	05_Vinaya_Mahaa_2.txt	3750
Vin_1_249	05_Vinaya_Mahaa_2.txt	3808
Vin_1_250	05_Vinaya_Mahaa_2.txt	3857
Vin_1_251	05_Vinaya_Mahaa_2.txt	3906
Vin_1_253	05_Vinaya_Mahaa_2.txt	4008
Vin_1_256	05_Vinaya_Mahaa_2.txt	4147
Vin_1_257	05_Vinaya_Mahaa_2.txt	4194
Vin_1_258	05_Vinaya_Mahaa_2.txt	4296
Vin_1_260	05_Vinaya_Mahaa_2.txt	4501
Vin_1_261	05_Vinaya_Mahaa_2.txt	4572
Vin_1_262	05_Vinaya_Mahaa_2.txt	4648
Vin_1_265	05_Vinaya_Mahaa_2.txt	4936
Vin_1_268	05_Vinaya_Mahaa_2.txt	5087
Vin_1_269	05_Vinaya_Mahaa_2.txt	5138
Vin_1_270	05_Vinaya_Mahaa_2.txt	5185
Vin_1_271	05_Vinaya_Mahaa_2.txt	5238
Vin_1_273	05_Vinaya_Mahaa_2.txt	5358
Vin_1_274	05_Vinaya_Mahaa_2.txt	5411
Vin_1_275	05_Vinaya_Mahaa_2.txt	5467
Vin_1_276	05_Vinaya_Mahaa_2.txt	5519
Vin_1_277	05_Vinaya_Mahaa_2.txt	5567
Vin_1_278	05_Vinaya_Mahaa_2.txt	5618
Vin_1_280	05_Vinaya_Mahaa_2.txt	5723
Vin_1_283	05_Vinaya_Mahaa_2.txt	5884
Vin_1_284	05_Vinaya_Mahaa_2.txt	5929
Vin_1_285	05_Vinaya_Mahaa_2.txt	5997
Vin_1_287	05_Vinaya_Mahaa_2.txt	6124
Vin_1_289	05_Vinaya_Mahaa_2.txt	6223
Vin_1_290	05_Vinaya_Mahaa_2.txt	6273
Vin_1_291	05_Vinaya_Mahaa_2.txt	6312
Vin_1_292	05_Vinaya_Mahaa_2.txt	6360
Vin_1_294	05_Vinaya_Mahaa_2.txt	6449
Vin_1_295	05_Vinaya_Mahaa_2.txt	6502
Vin_1_296	05_Vinaya_Mahaa_2.txt	6563
Vin_1_297	05_Vinaya_Mahaa_2.txt	6606
Vin_1_298	05_Vinaya_Mahaa_2.txt	6664
Vin_1_299	05_Vinaya_Mahaa_2.txt	6730
Vin_1_300	05_Vinaya_Mahaa_2.txt	6775
Vin_1_301	05_Vinaya_Mahaa_2.txt	6821
Vin_1_302	05_Vinaya_Mahaa_2.txt	6869
Vin_1_303	05_Vinaya_Mahaa_2.txt	6921
Vin_1_305	05_Vinaya_Mahaa_2.txt	7008
Vin_1_306	05_Vinaya_Mahaa_2.txt	7052
Vin_1_308	05_Vinaya_Mahaa_2.txt	7157
Vin_1_309	05_Vinaya_Mahaa_2.txt	7207
Vin_1_310	05_Vinaya_Mahaa_2.txt	7255
Vin_1_312	05_Vinaya_Mahaa_2.txt	7354
Vin_1_313	05_Vinaya_Mahaa_2.txt	7386
Vin_1_314	05_Vinaya_Mahaa_2.txt	7439
Vin_1_315	05_Vinaya_Mahaa_2.txt	7507
Vin_1_317	05_Vinaya_Mahaa_2.txt	7627
Vin_1_318	05_Vinaya_Mahaa_2.txt	7688
Vin_1_319	05_Vinaya_Mahaa_2.txt	7746
Vin_1_321	05_Vinaya_Mahaa_2.txt	7894
Vin_1_322	05_Vinaya_Mahaa_2.txt	7946
Vin_1_323	05_Vinaya_Mahaa_2.txt	8001
Vin_1_324	05_Vinaya_Mahaa_2.txt	8052
Vin_1_325	05_Vinaya_Mahaa_2.txt	8107
Vin_1_326	05_Vinaya_Mahaa_2.txt	8156
Vin_1_327	05_Vinaya_Mahaa_2.txt	8224
Vin_1_329	05_Vinaya_Mahaa_2.txt	8369
Vin_1_330	05_Vinaya_Mahaa_2.txt	8482
Vin_1_331	05_Vinaya_Mahaa_2.txt	8573
Vin_1_333	05_Vinaya_Mahaa_2.txt	8869
Vin_1_337	05_Vinaya_Mahaa_2.txt	9377
Vin_1_340	05_Vinaya_Mahaa_2.txt	9530
Vin_1_341	05_Vinaya_Mahaa_2.txt	9596
Vin_1_342	05_Vinaya_Mahaa_2.txt	9654
Vin_1_343	05_Vinaya_Mahaa_2.txt	9709
Vin_1_344	05_Vinaya_Mahaa_2.txt	9753
Vin_1_345	05_Vinaya_Mahaa_2.txt	9801
Vin_1_346	05_Vinaya_Mahaa_2.txt	9851
Vin_1_347	05_Vinaya_Mahaa_2.txt	9892
Vin_1_348	05_Vinaya_Mahaa_2.txt	9944
Vin_1_349	05_Vinaya_Mahaa_2.txt	9995
Vin_1_352	05_Vinaya_Mahaa_2.txt	10169
Vin_1_353	05_Vinaya_Mahaa_2.txt	10214
Vin_1_354	05_Vinaya_Mahaa_2.txt	10265
Vin_1_355	05_Vinaya_Mahaa_2.txt	10319
Vin_1_356	05_Vinaya_Mahaa_2.txt	10403
Vin_1_357	05_Vinaya_Mahaa_2.txt	10465
Vin_1_358	05_Vinaya_Mahaa_2.txt	10514
Vin_2_2	06_Vinaya_Culla_1.txt	43
Vin_2_3	06_Vinaya_Culla_1.txt	172
Vin_2_5	06_Vinaya_Culla_1.txt	399
Vin_2_6	06_Vinaya_Culla_1.txt	457
Vin_2_8	06_Vinaya_Culla_1.txt	578
Vin_2_9	06_Vinaya_Culla_1.txt	942
Vin_2_10	06_Vinaya_Culla_1.txt	1006
Vin_2_11	06_Vinaya_Culla_1.txt	1055
Vin_2_16	06_Vinaya_Culla_1.txt	1706
Vin_2_19	06_Vinaya_Culla_1.txt	2046
Vin_2_20	06_Vinaya_Culla_1.txt	2128
Vin_2_21	06_Vinaya_Culla_1.txt	2231
Vin_2_22	06_Vinaya_Culla_1.txt	2330
Vin_2_23	06_Vinaya_Culla_1.txt	2545
Vin_2_24	06_Vinaya_Culla_1.txt	2620
Vin_2_25	06_Vinaya_Culla_1.txt	2790
Vin_2_26	06_Vinaya_Culla_1.txt	3303
Vin_2_28	06_Vinaya_Culla_1.txt	3655
Vin_2_31	06_Vinaya_Culla_1.txt	3959
Vin_2_32	06_Vinaya_Culla_1.txt	4002
Vin_2_33	06_Vinaya_Culla_1.txt	4080
Vin_2_34	06_Vinaya_Culla_1.txt	4165
Vin_2_35	06_Vinaya_Culla_1.txt	4351
Vin_2_37	06_Vinaya_Culla_1.txt	4819
Vin_2_38	06_Vinaya_Culla_1.txt	4936
Vin_2_39	06_Vinaya_Culla_1.txt	4974
Vin_2_40	06_Vinaya_Culla_1.txt	5054
Vin_2_41	06_Vinaya_Culla_1.txt	5136
Vin_2_42	06_Vinaya_Culla_1.txt	5192
Vin_2_43	06_Vinaya_Culla_1.txt	5295
Vin_2_44	06_Vinaya_Culla_1.txt	5429
Vin_2_45	06_Vinaya_Culla_1.txt	5534
Vin_2_46	06_Vinaya_Culla_1.txt	5688
Vin_2_47	06_Vinaya_Culla_1.txt	5914
Vin_2_49	06_Vinaya_Culla_1.txt	6108
Vin_2_50	06_Vinaya_Culla_1.txt	6258
Vin_2_51	06_Vinaya_Culla_1.txt	6354
Vin_2_52	06_Vinaya_Culla_1.txt	6561
Vin_2_53	06_Vinaya_Culla_1.txt	6647
Vin_2_54	06_Vinaya_Culla_1.txt	6713
Vin_2_55	06_Vinaya_Culla_1.txt	6808
Vin_2_56	06_Vinaya_Culla_1.txt	6944
Vin_2_57	06_Vinaya_Culla_1.txt	7009
Vin_2_58	06_Vinaya_Culla_1.txt	7160
Vin_2_59	06_Vinaya_Culla_1.txt	7255
Vin_2_60	06_Vinaya_Culla_1.txt	7333
Vin_2_61	06_Vinaya_Culla_1.txt	7404
Vin_2_62	06_Vinaya_Culla_1.txt	7556
Vin_2_64	06_Vinaya_Culla_1.txt	7802
Vin_2_65	06_Vinaya_Culla_1.txt	7970
Vin_2_66	06_Vinaya_Culla_1.txt	8037
Vin_2_67	06_Vinaya_Culla_1.txt	8316
Vin_2_69	06_Vinaya_Culla_1.txt	8439
Vin_2_70	06_Vinaya_Culla_1.txt	8558
Vin_2_72	06_Vinaya_Culla_1.txt	8760
Vin_2_73	06_Vinaya_Culla_1.txt	8929
Vin_2_74	06_Vinaya_Culla_1.txt	8965
Vin_2_75	06_Vinaya_Culla_1.txt	9085
Vin_2_77	06_Vinaya_Culla_1.txt	9208
Vin_2_78	06_Vinaya_Culla_1.txt	9262
Vin_2_79	06_Vinaya_Culla_1.txt	9312
Vin_2_80	06_Vinaya_Culla_1.txt	9368
Vin_2_81	06_Vinaya_Culla_1.txt	9432
Vin_2_82	06_Vinaya_Culla_1.txt	9468
Vin_2_83	06_Vinaya_Culla_1.txt	9600
Vin_2_85	06_Vinaya_Culla_1.txt	9768
Vin_2_86	06_Vinaya_Culla_1.txt	9838
Vin_2_87	06_Vinaya_Culla_1.txt	9945
Vin_2_88	06_Vinaya_Culla_1.txt	10034
Vin_2_89	06_Vinaya_Culla_1.txt	10115
Vin_2_90	06_Vinaya_Culla_1.txt	10211
Vin_2_91	06_Vinaya_Culla_1.txt	10330
Vin_2_92	06_Vinaya_Culla_1.txt	10419
Vin_2_93	06_Vinaya_Culla_1.txt	10494
Vin_2_94	06_Vinaya_Culla_1.txt	10560
Vin_2_95	06_Vinaya_Culla_1.txt	10632
Vin_2_96	06_Vinaya_Culla_1.txt	10694
Vin_2_97	06_Vinaya_Culla_1.txt	10748
Vin_2_98	06_Vinaya_Culla_1.txt	10831
Vin_2_99	06_Vinaya_Culla_1.txt	10880
Vin_2_102	06_Vinaya_Culla_1.txt	11115
Vin_2_103	06_Vinaya_Culla_1.txt	11166
Vin_2_104	06_Vinaya_Culla_1.txt	11306
Vin_2_105	07_Vinaya_Culla_2.txt	5
Vin_2_106	07_Vinaya_Culla_2.txt	74
Vin_2_107	07_Vinaya_Culla_2.txt	184
Vin_2_108	07_Vinaya_Culla_2.txt	258
Vin_2_109	07_Vinaya_Culla_2.txt	312
Vin_2_111	07_Vinaya_Culla_2.txt	432
Vin_2_112	07_Vinaya_Culla_2.txt	499
Vin_2_113	07_Vinaya_Culla_2.txt	561
Vin_2_114	07_Vinaya_Culla_2.txt	646
Vin_2_115	07_Vinaya_Culla_2.txt	724
Vin_2_116	07_Vinaya_Culla_2.txt	792
Vin_2_117	07_Vinaya_Culla_2.txt	860
Vin_2_118	07_Vinaya_Culla_2.txt	927
Vin_2_119	07_Vinaya_Culla_2.txt	1005
Vin_2_120	07_Vinaya_Culla_2.txt	1060
Vin_2_121	07_Vinaya_Culla_2.txt	1161
Vin_2_122	07_Vinaya_Culla_2.txt	1244
Vin_2_123	07_Vinaya_Culla_2.txt	1352
Vin_2_125	07_Vinaya_Culla_2.txt	1479
Vin_2_126	07_Vinaya_Culla_2.txt	1550
Vin_2_127	07_Vinaya_Culla_2.txt	1603
Vin_2_128	07_Vinaya_Culla_2.txt	1661
Vin_2_130	07_Vinaya_Culla_2.txt	1793
Vin_2_132	07_Vinaya_Culla_2.txt	1908
Vin_2_133	07_Vinaya_Culla_2.txt	2013
Vin_2_134	07_Vinaya_Culla_2.txt	2080
Vin_2_135	07_Vinaya_Culla_2.txt	2154
Vin_2_136	07_Vinaya_Culla_2.txt	2217
Vin_2_137	07_Vinaya_Culla_2.txt	2294
Vin_2_138	07_Vinaya_Culla_2.txt	2358
Vin_2_139	07_Vinaya_Culla_2.txt	2431
Vin_2_140	07_Vinaya_Culla_2.txt	2523
Vin_2_141	07_Vinaya_Culla_2.txt	2557
Vin_2_142	07_Vinaya_Culla_2.txt	2625
Vin_2_146	07_Vinaya_Culla_2.txt	2937
Vin_2_147	07_Vinaya_Culla_2.txt	2975
Vin_2_150	07_Vinaya_Culla_2.txt	3192
Vin_2_151	07_Vinaya_Culla_2.txt	3266
Vin_2_152	07_Vinaya_Culla_2.txt	3345
Vin_2_153	07_Vinaya_Culla_2.txt	3428
Vin_2_155	07_Vinaya_Culla_2.txt	3601
Vin_2_156	07_Vinaya_Culla_2.txt	3665
Vin_2_157	07_Vinaya_Culla_2.txt	3741
Vin_2_158	07_Vinaya_Culla_2.txt	3800
Vin_2_159	07_Vinaya_Culla_2.txt	3843
Vin_2_162	07_Vinaya_Culla_2.txt	4039
Vin_2_163	07_Vinaya_Culla_2.txt	4088
Vin_2_164	07_Vinaya_Culla_2.txt	4152
Vin_2_166	07_Vinaya_Culla_2.txt	4262
Vin_2_167	07_Vinaya_Culla_2.txt	4321
Vin_2_168	07_Vinaya_Culla_2.txt	4397
Vin_2_169	07_Vinaya_Culla_2.txt	4454
Vin_2_170	07_Vinaya_Culla_2.txt	4526
Vin_2_171	07_Vinaya_Culla_2.txt	4587
Vin_2_172	07_Vinaya_Culla_2.txt	4654
Vin_2_174	07_Vinaya_Culla_2.txt	4810
Vin_2_175	07_Vinaya_Culla_2.txt	4893
Vin_2_176	07_Vinaya_Culla_2.txt	4971
Vin_2_177	07_Vinaya_Culla_2.txt	5037
Vin_2_180	07_Vinaya_Culla_2.txt	5258
Vin_2_181	07_Vinaya_Culla_2.txt	5292
Vin_2_182	07_Vinaya_Culla_2.txt	5349
Vin_2_183	07_Vinaya_Culla_2.txt	5410
Vin_2_184	07_Vinaya_Culla_2.txt	5470
Vin_2_185	07_Vinaya_Culla_2.txt	5528
Vin_2_186	07_Vinaya_Culla_2.txt	5582
Vin_2_187	07_Vinaya_Culla_2.txt	5637
Vin_2_188	07_Vinaya_Culla_2.txt	5739
Vin_2_189	07_Vinaya_Culla_2.txt	5795
Vin_2_190	07_Vinaya_Culla_2.txt	5861
Vin_2_191	07_Vinaya_Culla_2.txt	5935
Vin_2_192	07_Vinaya_Culla_2.txt	5997
Vin_2_193	07_Vinaya_Culla_2.txt	6040
Vin_2_194	07_Vinaya_Culla_2.txt	6097
Vin_2_195	07_Vinaya_Culla_2.txt	6209
Vin_2_196	07_Vinaya_Culla_2.txt	6277
Vin_2_198	07_Vinaya_Culla_2.txt	6398
Vin_2_199	07_Vinaya_Culla_2.txt	6448
Vin_2_200	07_Vinaya_Culla_2.txt	6521
Vin_2_201	07_Vinaya_Culla_2.txt	6574
Vin_2_203	07_Vinaya_Culla_2.txt	6701
Vin_2_204	07_Vinaya_Culla_2.txt	6773
Vin_2_205	07_Vinaya_Culla_2.txt	6849
Vin_2_206	07_Vinaya_Culla_2.txt	6942
Vin_2_207	07_Vinaya_Culla_2.txt	6986
Vin_2_208	07_Vinaya_Culla_2.txt	7031
Vin_2_211	07_Vinaya_Culla_2.txt	7182
Vin_2_212	07_Vinaya_Culla_2.txt	7250
Vin_2_213	07_Vinaya_Culla_2.txt	7305
Vin_2_214	07_Vinaya_Culla_2.txt	7370
Vin_2_215	07_Vinaya_Culla_2.txt	7411
Vin_2_216	07_Vinaya_Culla_2.txt	7476
Vin_2_219	07_Vinaya_Culla_2.txt	7657
Vin_2_220	07_Vinaya_Culla_2.txt	7697
Vin_2_221	07_Vinaya_Culla_2.txt	7754
Vin_2_222	07_Vinaya_Culla_2.txt	7809
Vin_2_223	07_Vinaya_Culla_2.txt	7869
Vin_2_224	07_Vinaya_Culla_2.txt	7916
Vin_2_226	07_Vinaya_Culla_2.txt	7989
Vin_2_227	07_Vinaya_Culla_2.txt	8029
Vin_2_229	07_Vinaya_Culla_2.txt	8113
Vin_2_230	07_Vinaya_Culla_2.txt	8153
Vin_2_231	07_Vinaya_Culla_2.txt	8187
Vin_2_236	07_Vinaya_Culla_2.txt	8844
Vin_2_238	07_Vinaya_Culla_2.txt	8941
Vin_2_239	07_Vinaya_Culla_2.txt	9015
Vin_2_241	07_Vinaya_Culla_2.txt	9135
Vin_2_242	07_Vinaya_Culla_2.txt	9193
Vin_2_243	07_Vinaya_Culla_2.txt	9323
Vin_2_244	07_Vinaya_Culla_2.txt	9382
Vin_2_245	07_Vinaya_Culla_2.txt	9436
Vin_2_246	07_Vinaya_Culla_2.txt	9478
Vin_2_247	07_Vinaya_Culla_2.txt	9590
Vin_2_248	07_Vinaya_Culla_2.txt	9630
Vin_2_249	07_Vinaya_Culla_2.txt	9683
Vin_2_250	07_Vinaya_Culla_2.txt	9740
Vin_2_251	07_Vinaya_Culla_2.txt	9805
Vin_2_253	07_Vinaya_Culla_2.txt	9925
Vin_2_255	07_Vinaya_Culla_2.txt	10016
Vin_2_256	07_Vinaya_Culla_2.txt	10086
Vin_2_257	07_Vinaya_Culla_2.txt	10139
Vin_2_258	07_Vinaya_Culla_2.txt	10195
Vin_2_259	07_Vinaya_Culla_2.txt	10240
Vin_2_260	07_Vinaya_Culla_2.txt	10300
Vin_2_261	07_Vinaya_Culla_2.txt	10352
Vin_2_262	07_Vinaya_Culla_2.txt	10408
Vin_2_263	07_Vinaya_Culla_2.txt	10456
Vin_2_264	07_Vinaya_Culla_2.txt	10533
Vin_2_265	07_Vinaya_Culla_2.txt	10588
Vin_2_266	07_Vinaya_Culla_2.txt	10653
Vin_2_267	07_Vinaya_Culla_2.txt	10716
Vin_2_268	07_Vinaya_Culla_2.txt	10775
Vin_2_269	07_Vinaya_Culla_2.txt	10835
Vin_2_270	07_Vinaya_Culla_2.txt	10886
Vin_2_273	07_Vinaya_Culla_2.txt	11089
Vin_2_275	07_Vinaya_Culla_2.txt	11231
Vin_2_278	07_Vinaya_Culla_2.txt	11433
Vin_2_279	07_Vinaya_Culla_2.txt	11491
Vin_2_281	07_Vinaya_Culla_2.txt	11636
Vin_2_284	07_Vinaya_Culla_2.txt	11827
Vin_2_285	07_Vinaya_Culla_2.txt	11859
Vin_2_286	07_Vinaya_Culla_2.txt	11909
Vin_2_287	07_Vinaya_Culla_2.txt	11965
Vin_2_288	07_Vinaya_Culla_2.txt	12030
Vin_2_289	07_Vinaya_Culla_2.txt	12089
Vin_2_291	07_Vinaya_Culla_2.txt	12190
Vin_2_292	07_Vinaya_Culla_2.txt	12245
Vin_2_294	07_Vinaya_Culla_2.txt	12359
Vin_2_295	07_Vinaya_Culla_2.txt	12397
Vin_2_297	07_Vinaya_Culla_2.txt	12504
Vin_2_300	07_Vinaya_Culla_2.txt	12668
Vin_2_301	07_Vinaya_Culla_2.txt	12723
Vin_2_302	07_Vinaya_Culla_2.txt	12790
Vin_2_303	07_Vinaya_Culla_2.txt	12842
Vin_2_304	07_Vinaya_Culla_2.txt	12901
Vin_2_305	07_Vinaya_Culla_2.txt	12964
Vin_2_306	07_Vinaya_Culla_2.txt	13022
Vin_2_307	07_Vinaya_Culla_2.txt	13103
Vin_5_2	08_Vinaya_Parivaara.txt	32
Vin_5_4	08_Vinaya_Parivaara.txt	153
Vin_5_6	08_Vinaya_Parivaara.txt	385
Vin_5_7	08_Vinaya_Parivaara.txt	462
Vin_5_8	08_Vinaya_Parivaara.txt	586
Vin_5_9	08_Vinaya_Parivaara.txt	717
Vin_5_11	08_Vinaya_Parivaara.txt	906
Vin_5_12	08_Vinaya_Parivaara.txt	994
Vin_5_13	08_Vinaya_Parivaara.txt	1074
Vin_5_14	08_Vinaya_Parivaara.txt	1153
Vin_5_15	08_Vinaya_Parivaara.txt	1240
Vin_5_17	08_Vinaya_Parivaara.txt	1408
Vin_5_18	08_Vinaya_Parivaara.txt	1486
Vin_5_19	08_Vinaya_Parivaara.txt	1586
Vin_5_20	08_Vinaya_Parivaara.txt	1686
Vin_5_21	08_Vinaya_Parivaara.txt	1761
Vin_5_24	08_Vinaya_Parivaara.txt	2043
Vin_5_26	08_Vinaya_Parivaara.txt	2231
Vin_5_27	08_Vinaya_Parivaara.txt	2329
Vin_5_28	08_Vinaya_Parivaara.txt	2378
Vin_5_29	08_Vinaya_Parivaara.txt	2473
Vin_5_30	08_Vinaya_Parivaara.txt	2630
Vin_5_31	08_Vinaya_Parivaara.txt	2730
Vin_5_32	08_Vinaya_Parivaara.txt	2892
Vin_5_34	08_Vinaya_Parivaara.txt	3054
Vin_5_35	08_Vinaya_Parivaara.txt	3124
Vin_5_36	08_Vinaya_Parivaara.txt	3214
Vin_5_37	08_Vinaya_Parivaara.txt	3293
Vin_5_38	08_Vinaya_Parivaara.txt	3386
Vin_5_39	08_Vinaya_Parivaara.txt	3467
Vin_5_40	08_Vinaya_Parivaara.txt	3554
Vin_5_41	08_Vinaya_Parivaara.txt	3650
Vin_5_42	08_Vinaya_Parivaara.txt	3722
Vin_5_43	08_Vinaya_Parivaara.txt	3807
Vin_5_44	08_Vinaya_Parivaara.txt	3895
Vin_5_45	08_Vinaya_Parivaara.txt	4037
Vin_5_46	08_Vinaya_Parivaara.txt	4177
Vin_5_47	08_Vinaya_Parivaara.txt	4306
Vin_5_48	08_Vinaya_Parivaara.txt	4370
Vin_5_51	08_Vinaya_Parivaara.txt	4744
Vin_5_52	08_Vinaya_Parivaara.txt	4890
Vin_5_53	08_Vinaya_Parivaara.txt	4979
Vin_5_54	08_Vinaya_Parivaara.txt	5039
Vin_5_56	08_Vinaya_Parivaara.txt	5216
Vin_5_58	08_Vinaya_Parivaara.txt	5363
Vin_5_60	08_Vinaya_Parivaara.txt	5566
Vin_5_61	08_Vinaya_Parivaara.txt	5669
Vin_5_62	08_Vinaya_Parivaara.txt	5772
Vin_5_63	08_Vinaya_Parivaara.txt	5857
Vin_5_64	08_Vinaya_Parivaara.txt	5943
Vin_5_65	08_Vinaya_Parivaara.txt	6046
Vin_5_66	08_Vinaya_Parivaara.txt	6130
Vin_5_67	08_Vinaya_Parivaara.txt	6219
Vin_5_68	08_Vinaya_Parivaara.txt	6349
Vin_5_70	08_Vinaya_Parivaara.txt	6558
Vin_5_72	08_Vinaya_Parivaara.txt	6763
Vin_5_73	08_Vinaya_Parivaara.txt	6837
Vin_5_74	08_Vinaya_Parivaara.txt	6932
Vin_5_75	08_Vinaya_Parivaara.txt	7025
Vin_5_76	08_Vinaya_Parivaara.txt	7111
Vin_5_77	08_Vinaya_Parivaara.txt	7200
Vin_5_78	08_Vinaya_Parivaara.txt	7287
Vin_5_79	08_Vinaya_Parivaara.txt	7381
Vin_5_80	08_Vinaya_Parivaara.txt	7526
Vin_5_81	08_Vinaya_Parivaara.txt	7611
Vin_5_82	08_Vinaya_Parivaara.txt	7716
Vin_5_83	08_Vinaya_Parivaara.txt	7907
Vin_5_84	08_Vinaya_Parivaara.txt	7994
Vin_5_85	08_Vinaya_Parivaara.txt	8095
Vin_5_91	08_Vinaya_Parivaara.txt	8530
Vin_5_92	08_Vinaya_Parivaara.txt	8591
Vin_5_93	08_Vinaya_Parivaara.txt	8730
Vin_5_94	08_Vinaya_Parivaara.txt	8843
Vin_5_95	08_Vinaya_Parivaara.txt	8930
Vin_5_96	08_Vinaya_Parivaara.txt	8995
Vin_5_97	08_Vinaya_Parivaara.txt	9061
Vin_5_99	08_Vinaya_Parivaara.txt	9252
Vin_5_100	08_Vinaya_Parivaara.txt	9335
Vin_5_102	08_Vinaya_Parivaara.txt	9476
Vin_5_103	08_Vinaya_Parivaara.txt	9564
Vin_5_104	08_Vinaya_Parivaara.txt	9618
Vin_5_105	08_Vinaya_Parivaara.txt	9697
Vin_5_106	08_Vinaya_Parivaara.txt	9800
Vin_5_107	08_Vinaya_Parivaara.txt	9868
Vin_5_108	08_Vinaya_Parivaara.txt	9955
Vin_5_109	08_Vinaya_Parivaara.txt	10026
Vin_5_111	08_Vinaya_Parivaara.txt	10187
Vin_5_112	08_Vinaya_Parivaara.txt	10270
Vin_5_113	08_Vinaya_Parivaara.txt	10341
Vin_5_114	08_Vinaya_Parivaara.txt	10368
Vin_5_115	08_Vinaya_Parivaara.txt	10584
Vin_5_118	08_Vinaya_Parivaara.txt	10808
Vin_5_119	08_Vinaya_Parivaara.txt	10873
Vin_5_121	08_Vinaya_Parivaara.txt	11010
Vin_5_123	08_Vinaya_Parivaara.txt	11143
Vin_5_124	08_Vinaya_Parivaara.txt	11202
Vin_5_126	08_Vinaya_Parivaara.txt	11340
Vin_5_127	08_Vinaya_Parivaara.txt	11414
Vin_5_128	08_Vinaya_Parivaara.txt	11498
Vin_5_130	08_Vinaya_Parivaara.txt	11630
Vin_5_131	08_Vinaya_Parivaara.txt	11695
Vin_5_132	08_Vinaya_Parivaara.txt	11785
Vin_5_133	08_Vinaya_Parivaara.txt	11851
Vin_5_134	08_Vinaya_Parivaara.txt	11916
Vin_5_138	08_Vinaya_Parivaara.txt	12252
Vin_5_139	08_Vinaya_Parivaara.txt	12306
Vin_5_140	08_Vinaya_Parivaara.txt	12383
Vin_5_142	08_Vinaya_Parivaara.txt	12475
Vin_5_143	08_Vinaya_Parivaara.txt	12538
Vin_5_144	08_Vinaya_Parivaara.txt	12633
Vin_5_147	08_Vinaya_Parivaara.txt	12867
Vin_5_148	08_Vinaya_Parivaara.txt	12936
Vin_5_150	08_Vinaya_Parivaara.txt	13092
Vin_5_151	08_Vinaya_Parivaara.txt	13125
Vin_5_152	08_Vinaya_Parivaara.txt	13201
Vin_5_153	08_Vinaya_Parivaara.txt	13256
Vin_5_154	08_Vinaya_Parivaara.txt	13333
Vin_5_156	08_Vinaya_Parivaara.txt	13496
Vin_5_157	08_Vinaya_Parivaara.txt	13576
Vin_5_158	08_Vinaya_Parivaara.txt	13690
Vin_5_160	08_Vinaya_Parivaara.txt	13832
Vin_5_161	08_Vinaya_Parivaara.txt	13929
Vin_5_163	08_Vinaya_Parivaara.txt	14097
Vin_5_164	08_Vinaya_Parivaara.txt	14134
Vin_5_166	08_Vinaya_Parivaara.txt	14229
Vin_5_168	08_Vinaya_Parivaara.txt	14362
Vin_5_169	08_Vinaya_Parivaara.txt	14429
Vin_5_170	08_Vinaya_Parivaara.txt	14550
Vin_5_171	08_Vinaya_Parivaara.txt	14670
Vin_5_172	08_Vinaya_Parivaara.txt	14709
Vin_5_173	08_Vinaya_Parivaara.txt	14790
Vin_5_174	08_Vinaya_Parivaara.txt	14851
Vin_5_176	08_Vinaya_Parivaara.txt	15008
Vin_5_177	08_Vinaya_Parivaara.txt	15061
Vin_5_179	08_Vinaya_Parivaara.txt	15227
Vin_5_180	08_Vinaya_Parivaara.txt	15265
Vin_5_181	08_Vinaya_Parivaara.txt	15318
Vin_5_182	08_Vinaya_Parivaara.txt	15378
Vin_5_184	08_Vinaya_Parivaara.txt	15494
Vin_5_185	08_Vinaya_Parivaara.txt	15569
Vin_5_188	08_Vinaya_Parivaara.txt	15811
Vin_5_189	08_Vinaya_Parivaara.txt	15866
Vin_5_190	08_Vinaya_Parivaara.txt	15937
Vin_5_191	08_Vinaya_Parivaara.txt	16054
Vin_5_192	08_Vinaya_Parivaara.txt	16161
Vin_5_193	08_Vinaya_Parivaara.txt	16246
Vin_5_194	08_Vinaya_Parivaara.txt	16325
Vin_5_195	08_Vinaya_Parivaara.txt	16407
Vin_5_196	08_Vinaya_Parivaara.txt	16459
Vin_5_197	08_Vinaya_Parivaara.txt	16520
Vin_5_198	08_Vinaya_Parivaara.txt	16598
Vin_5_199	08_Vinaya_Parivaara.txt	16681
Vin_5_200	08_Vinaya_Parivaara.txt	16746
Vin_5_201	08_Vinaya_Parivaara.txt	16837
Vin_5_202	08_Vinaya_Parivaara.txt	16902
Vin_5_203	08_Vinaya_Parivaara.txt	16984
Vin_5_204	08_Vinaya_Parivaara.txt	17128
Vin_5_205	08_Vinaya_Parivaara.txt	17203
Vin_5_206	08_Vinaya_Parivaara.txt	17265
Vin_5_207	08_Vinaya_Parivaara.txt	17313
Vin_5_208	08_Vinaya_Parivaara.txt	17365
Vin_5_209	08_Vinaya_Parivaara.txt	17443
Vin_5_210	08_Vinaya_Parivaara.txt	17524
Vin_5_216	08_Vinaya_Parivaara.txt	18028
Vin_5_218	08_Vinaya_Parivaara.txt	18187
Vin_5_219	08_Vinaya_Parivaara.txt	18278
Vin_5_220	08_Vinaya_Parivaara.txt	18367
Vin_5_221	08_Vinaya_Parivaara.txt	18414
Vin_5_222	08_Vinaya_Parivaara.txt	18471
Vin_5_223	08_Vinaya_Parivaara.txt	18583
Vin_5_224	08_Vinaya_Parivaara.txt	18660
D_1_2	09_Sutta_DN_Siilakhanda.txt	33
D_1_3	09_Sutta_DN_Siilakhanda.txt	75
D_1_4	09_Sutta_DN_Siilakhanda.txt	112
D_1_5	09_Sutta_DN_Siilakhanda.txt	145
D_1_6	09_Sutta_DN_Siilakhanda.txt	203
D_1_7	09_Sutta_DN_Siilakhanda.txt	242
D_1_9	09_Sutta_DN_Siilakhanda.txt	328
D_1_10	09_Sutta_DN_Siilakhanda.txt	368
D_1_11	09_Sutta_DN_Siilakhanda.txt	407
D_1_12	09_Sutta_DN_Siilakhanda.txt	443
D_1_13	09_Sutta_DN_Siilakhanda.txt	476
D_1_14	09_Sutta_DN_Siilakhanda.txt	507
D_1_15	09_Sutta_DN_Siilakhanda.txt	554
D_1_16	09_Sutta_DN_Siilakhanda.txt	597
D_1_17	09_Sutta_DN_Siilakhanda.txt	645
D_1_18	09_Sutta_DN_Siilakhanda.txt	684
D_1_19	09_Sutta_DN_Siilakhanda.txt	731
D_1_20	09_Sutta_DN_Siilakhanda.txt	764
D_1_21	09_Sutta_DN_Siilakhanda.txt	802
D_1_22	09_Sutta_DN_Siilakhanda.txt	849
D_1_24	09_Sutta_DN_Siilakhanda.txt	938
D_1_25	09_Sutta_DN_Siilakhanda.txt	971
D_1_26	09_Sutta_DN_Siilakhanda.txt	1001
D_1_27	09_Sutta_DN_Siilakhanda.txt	1045
D_1_28	09_Sutta_DN_Siilakhanda.txt	1088
D_1_29	09_Sutta_DN_Siilakhanda.txt	1118
D_1_30	09_Sutta_DN_Siilakhanda.txt	1169
D_1_32	09_Sutta_DN_Siilakhanda.txt	1202
D_1_33	09_Sutta_DN_Siilakhanda.txt	1227
D_1_34	09_Sutta_DN_Siilakhanda.txt	1257
D_1_35	09_Sutta_DN_Siilakhanda.txt	1295
D_1_37	09_Sutta_DN_Siilakhanda.txt	1358
D_1_38	09_Sutta_DN_Siilakhanda.txt	1394
D_1_39	09_Sutta_DN_Siilakhanda.txt	1411
D_1_41	09_Sutta_DN_Siilakhanda.txt	1490
D_1_42	09_Sutta_DN_Siilakhanda.txt	1523
D_1_45	09_Sutta_DN_Siilakhanda.txt	1673
D_1_46	09_Sutta_DN_Siilakhanda.txt	1706
D_1_47	09_Sutta_DN_Siilakhanda.txt	1750
D_1_49	09_Sutta_DN_Siilakhanda.txt	1813
D_1_50	09_Sutta_DN_Siilakhanda.txt	1856
D_1_51	09_Sutta_DN_Siilakhanda.txt	1895
D_1_52	09_Sutta_DN_Siilakhanda.txt	1933
D_1_53	09_Sutta_DN_Siilakhanda.txt	1969
D_1_54	09_Sutta_DN_Siilakhanda.txt	2013
D_1_55	09_Sutta_DN_Siilakhanda.txt	2047
D_1_56	09_Sutta_DN_Siilakhanda.txt	2080
D_1_57	09_Sutta_DN_Siilakhanda.txt	2123
D_1_58	09_Sutta_DN_Siilakhanda.txt	2156
D_1_59	09_Sutta_DN_Siilakhanda.txt	2200
D_1_60	09_Sutta_DN_Siilakhanda.txt	2232
D_1_61	09_Sutta_DN_Siilakhanda.txt	2270
D_1_62	09_Sutta_DN_Siilakhanda.txt	2313
D_1_63	09_Sutta_DN_Siilakhanda.txt	2346
D_1_64	09_Sutta_DN_Siilakhanda.txt	2383
D_1_65	09_Sutta_DN_Siilakhanda.txt	2433
D_1_66	09_Sutta_DN_Siilakhanda.txt	2480
D_1_68	09_Sutta_DN_Siilakhanda.txt	2590
D_1_70	09_Sutta_DN_Siilakhanda.txt	2665
D_1_71	09_Sutta_DN_Siilakhanda.txt	2726
D_1_73	09_Sutta_DN_Siilakhanda.txt	2798
D_1_76	09_Sutta_DN_Siilakhanda.txt	2886
D_1_77	09_Sutta_DN_Siilakhanda.txt	2915
D_1_78	09_Sutta_DN_Siilakhanda.txt	2955
D_1_79	09_Sutta_DN_Siilakhanda.txt	2980
D_1_80	09_Sutta_DN_Siilakhanda.txt	3009
D_1_82	09_Sutta_DN_Siilakhanda.txt	3068
D_1_83	09_Sutta_DN_Siilakhanda.txt	3106
D_1_84	09_Sutta_DN_Siilakhanda.txt	3139
D_1_86	09_Sutta_DN_Siilakhanda.txt	3212
D_1_87	09_Sutta_DN_Siilakhanda.txt	3227
D_1_88	09_Sutta_DN_Siilakhanda.txt	3248
D_1_89	09_Sutta_DN_Siilakhanda.txt	3291
D_1_93	09_Sutta_DN_Siilakhanda.txt	3428
D_1_94	09_Sutta_DN_Siilakhanda.txt	3463
D_1_95	09_Sutta_DN_Siilakhanda.txt	3495
D_1_96	09_Sutta_DN_Siilakhanda.txt	3527
D_1_97	09_Sutta_DN_Siilakhanda.txt	3562
D_1_99	09_Sutta_DN_Siilakhanda.txt	3622
D_1_102	09_Sutta_DN_Siilakhanda.txt	3717
D_1_103	09_Sutta_DN_Siilakhanda.txt	3749
D_1_104	09_Sutta_DN_Siilakhanda.txt	3779
D_1_105	09_Sutta_DN_Siilakhanda.txt	3805
D_1_106	09_Sutta_DN_Siilakhanda.txt	3832
D_1_108	09_Sutta_DN_Siilakhanda.txt	3897
D_1_109	09_Sutta_DN_Siilakhanda.txt	3928
D_1_110	09_Sutta_DN_Siilakhanda.txt	3961
D_1_111	09_Sutta_DN_Siilakhanda.txt	3997
D_1_112	09_Sutta_DN_Siilakhanda.txt	4021
D_1_113	09_Sutta_DN_Siilakhanda.txt	4049
D_1_114	09_Sutta_DN_Siilakhanda.txt	4079
D_1_115	09_Sutta_DN_Siilakhanda.txt	4110
D_1_116	09_Sutta_DN_Siilakhanda.txt	4140
D_1_117	09_Sutta_DN_Siilakhanda.txt	4175
D_1_118	09_Sutta_DN_Siilakhanda.txt	4205
D_1_119	09_Sutta_DN_Siilakhanda.txt	4238
D_1_120	09_Sutta_DN_Siilakhanda.txt	4271
D_1_121	09_Sutta_DN_Siilakhanda.txt	4305
D_1_122	09_Sutta_DN_Siilakhanda.txt	4343
D_1_123	09_Sutta_DN_Siilakhanda.txt	4369
D_1_124	09_Sutta_DN_Siilakhanda.txt	4404
D_1_125	09_Sutta_DN_Siilakhanda.txt	4448
D_1_126	09_Sutta_DN_Siilakhanda.txt	4487
D_1_127	09_Sutta_DN_Siilakhanda.txt	4507
D_1_128	09_Sutta_DN_Siilakhanda.txt	4528
D_1_129	09_Sutta_DN_Siilakhanda.txt	4561
D_1_130	09_Sutta_DN_Siilakhanda.txt	4592
D_1_131	09_Sutta_DN_Siilakhanda.txt	4616
D_1_132	09_Sutta_DN_Siilakhanda.txt	4648
D_1_133	09_Sutta_DN_Siilakhanda.txt	4678
D_1_134	09_Sutta_DN_Siilakhanda.txt	4711
D_1_135	09_Sutta_DN_Siilakhanda.txt	4740
D_1_136	09_Sutta_DN_Siilakhanda.txt	4768
D_1_137	09_Sutta_DN_Siilakhanda.txt	4802
D_1_138	09_Sutta_DN_Siilakhanda.txt	4834
D_1_139	09_Sutta_DN_Siilakhanda.txt	4919
D_1_140	09_Sutta_DN_Siilakhanda.txt	5012
D_1_141	09_Sutta_DN_Siilakhanda.txt	5031
D_1_142	09_Sutta_DN_Siilakhanda.txt	5051
D_1_144	09_Sutta_DN_Siilakhanda.txt	5132
D_1_145	09_Sutta_DN_Siilakhanda.txt	5169
D_1_147	09_Sutta_DN_Siilakhanda.txt	5215
D_1_148	09_Sutta_DN_Siilakhanda.txt	5247
D_1_149	09_Sutta_DN_Siilakhanda.txt	5285
D_1_150	09_Sutta_DN_Siilakhanda.txt	5303
D_1_152	09_Sutta_DN_Siilakhanda.txt	5352
D_1_153	09_Sutta_DN_Siilakhanda.txt	5399
D_1_154	09_Sutta_DN_Siilakhanda.txt	5434
D_1_155	09_Sutta_DN_Siilakhanda.txt	5475
D_1_156	09_Sutta_DN_Siilakhanda.txt	5512
D_1_157	09_Sutta_DN_Siilakhanda.txt	5546
D_1_158	09_Sutta_DN_Siilakhanda.txt	5577
D_1_159	09_Sutta_DN_Siilakhanda.txt	5608
D_1_160	09_Sutta_DN_Siilakhanda.txt	5629
D_1_161	09_Sutta_DN_Siilakhanda.txt	5663
D_1_162	09_Sutta_DN_Siilakhanda.txt	5680
D_1_163	09_Sutta_DN_Siilakhanda.txt	5710
D_1_164	09_Sutta_DN_Siilakhanda.txt	5743
D_1_165	09_Sutta_DN_Siilakhanda.txt	5769
D_1_167	09_Sutta_DN_Siilakhanda.txt	5827
D_1_168	09_Sutta_DN_Siilakhanda.txt	5856
D_1_170	09_Sutta_DN_Siilakhanda.txt	5938
D_1_171	09_Sutta_DN_Siilakhanda.txt	5980
D_1_172	09_Sutta_DN_Siilakhanda.txt	6011
D_1_173	09_Sutta_DN_Siilakhanda.txt	6016
D_1_174	09_Sutta_DN_Siilakhanda.txt	6017
D_1_175	09_Sutta_DN_Siilakhanda.txt	6045
D_1_176	09_Sutta_DN_Siilakhanda.txt	6081
D_1_177	09_Sutta_DN_Siilakhanda.txt	6113
D_1_178	09_Sutta_DN_Siilakhanda.txt	6131
D_1_179	09_Sutta_DN_Siilakhanda.txt	6152
D_1_180	09_Sutta_DN_Siilakhanda.txt	6183
D_1_181	09_Sutta_DN_Siilakhanda.txt	6214
D_1_183	09_Sutta_DN_Siilakhanda.txt	6235
D_1_185	09_Sutta_DN_Siilakhanda.txt	6306
D_1_186	09_Sutta_DN_Siilakhanda.txt	6350
D_1_187	09_Sutta_DN_Siilakhanda.txt	6378
D_1_188	09_Sutta_DN_Siilakhanda.txt	6414
D_1_189	09_Sutta_DN_Siilakhanda.txt	6423
D_1_190	09_Sutta_DN_Siilakhanda.txt	6452
D_1_193	09_Sutta_DN_Siilakhanda.txt	6557
D_1_194	09_Sutta_DN_Siilakhanda.txt	6586
D_1_195	09_Sutta_DN_Siilakhanda.txt	6618
D_1_196	09_Sutta_DN_Siilakhanda.txt	6659
D_1_197	09_Sutta_DN_Siilakhanda.txt	6684
D_1_198	09_Sutta_DN_Siilakhanda.txt	6708
D_1_199	09_Sutta_DN_Siilakhanda.txt	6733
D_1_200	09_Sutta_DN_Siilakhanda.txt	6763
D_1_201	09_Sutta_DN_Siilakhanda.txt	6802
D_1_202	09_Sutta_DN_Siilakhanda.txt	6841
D_1_203	09_Sutta_DN_Siilakhanda.txt	6868
D_1_204	09_Sutta_DN_Siilakhanda.txt	6880
D_1_207	09_Sutta_DN_Siilakhanda.txt	7016
D_1_208	09_Sutta_DN_Siilakhanda.txt	7194
D_1_209	09_Sutta_DN_Siilakhanda.txt	7244
D_1_210	09_Sutta_DN_Siilakhanda.txt	7451
D_1_211	09_Sutta_DN_Siilakhanda.txt	7470
D_1_212	09_Sutta_DN_Siilakhanda.txt	7488
D_1_214	09_Sutta_DN_Siilakhanda.txt	7536
D_1_215	09_Sutta_DN_Siilakhanda.txt	7562
D_1_216	09_Sutta_DN_Siilakhanda.txt	7590
D_1_217	09_Sutta_DN_Siilakhanda.txt	7619
D_1_220	09_Sutta_DN_Siilakhanda.txt	7643
D_1_221	09_Sutta_DN_Siilakhanda.txt	7673
D_1_223	09_Sutta_DN_Siilakhanda.txt	7731
D_1_224	09_Sutta_DN_Siilakhanda.txt	7769
D_1_225	09_Sutta_DN_Siilakhanda.txt	7789
D_1_226	09_Sutta_DN_Siilakhanda.txt	7817
D_1_227	09_Sutta_DN_Siilakhanda.txt	7847
D_1_228	09_Sutta_DN_Siilakhanda.txt	7882
D_1_229	09_Sutta_DN_Siilakhanda.txt	7922
D_1_230	09_Sutta_DN_Siilakhanda.txt	7951
D_1_231	09_Sutta_DN_Siilakhanda.txt	7982
D_1_234	09_Sutta_DN_Siilakhanda.txt	8054
D_1_235	09_Sutta_DN_Siilakhanda.txt	8073
D_1_236	09_Sutta_DN_Siilakhanda.txt	8093
D_1_238	09_Sutta_DN_Siilakhanda.txt	8151
D_1_239	09_Sutta_DN_Siilakhanda.txt	8175
D_1_240	09_Sutta_DN_Siilakhanda.txt	8211
D_1_241	09_Sutta_DN_Siilakhanda.txt	8239
D_1_242	09_Sutta_DN_Siilakhanda.txt	8272
D_1_243	09_Sutta_DN_Siilakhanda.txt	8283
D_1_244	09_Sutta_DN_Siilakhanda.txt	8311
D_1_245	09_Sutta_DN_Siilakhanda.txt	8342
D_1_246	09_Sutta_DN_Siilakhanda.txt	8370
D_1_247	09_Sutta_DN_Siilakhanda.txt	8398
D_1_248	09_Sutta_DN_Siilakhanda.txt	8427
D_1_249	09_Sutta_DN_Siilakhanda.txt	8456
D_1_250	09_Sutta_DN_Siilakhanda.txt	8481
D_1_251	09_Sutta_DN_Siilakhanda.txt	8499
D_1_252	09_Sutta_DN_Siilakhanda.txt	8520
D_2_2	10_Sutta_DN_Mahaa.txt	22
D_2_3	10_Sutta_DN_Mahaa.txt	58
D_2_4	10_Sutta_DN_Mahaa.txt	95
D_2_5	10_Sutta_DN_Mahaa.txt	120
D_2_7	10_Sutta_DN_Mahaa.txt	197
D_2_8	10_Sutta_DN_Mahaa.txt	237
D_2_9	10_Sutta_DN_Mahaa.txt	262
D_2_10	10_Sutta_DN_Mahaa.txt	299
D_2_12	10_Sutta_DN_Mahaa.txt	366
D_2_13	10_Sutta_DN_Mahaa.txt	405
D_2_14	10_Sutta_DN_Mahaa.txt	446
D_2_15	10_Sutta_DN_Mahaa.txt	498
D_2_16	10_Sutta_DN_Mahaa.txt	540
D_2_17	10_Sutta_DN_Mahaa.txt	570
D_2_18	10_Sutta_DN_Mahaa.txt	623
D_2_19	10_Sutta_DN_Mahaa.txt	695
D_2_20	10_Sutta_DN_Mahaa.txt	740
D_2_21	10_Sutta_DN_Mahaa.txt	756
D_2_23	10_Sutta_DN_Mahaa.txt	826
D_2_25	10_Sutta_DN_Mahaa.txt	900
D_2_26	10_Sutta_DN_Mahaa.txt	935
D_2_28	10_Sutta_DN_Mahaa.txt	1001
D_2_29	10_Sutta_DN_Mahaa.txt	1039
D_2_30	10_Sutta_DN_Mahaa.txt	1070
D_2_32	10_Sutta_DN_Mahaa.txt	1133
D_2_33	10_Sutta_DN_Mahaa.txt	1166
D_2_34	10_Sutta_DN_Mahaa.txt	1200
D_2_35	10_Sutta_DN_Mahaa.txt	1235
D_2_36	10_Sutta_DN_Mahaa.txt	1269
D_2_38	10_Sutta_DN_Mahaa.txt	1332
D_2_39	10_Sutta_DN_Mahaa.txt	1365
D_2_40	10_Sutta_DN_Mahaa.txt	1402
D_2_41	10_Sutta_DN_Mahaa.txt	1437
D_2_42	10_Sutta_DN_Mahaa.txt	1466
D_2_43	10_Sutta_DN_Mahaa.txt	1506
D_2_46	10_Sutta_DN_Mahaa.txt	1598
D_2_47	10_Sutta_DN_Mahaa.txt	1628
D_2_48	10_Sutta_DN_Mahaa.txt	1665
D_2_49	10_Sutta_DN_Mahaa.txt	1701
D_2_51	10_Sutta_DN_Mahaa.txt	1769
D_2_52	10_Sutta_DN_Mahaa.txt	1811
D_2_53	10_Sutta_DN_Mahaa.txt	1847
D_2_55	10_Sutta_DN_Mahaa.txt	1944
D_2_56	10_Sutta_DN_Mahaa.txt	1958
D_2_58	10_Sutta_DN_Mahaa.txt	2037
D_2_59	10_Sutta_DN_Mahaa.txt	2072
D_2_61	10_Sutta_DN_Mahaa.txt	2142
D_2_62	10_Sutta_DN_Mahaa.txt	2176
D_2_63	10_Sutta_DN_Mahaa.txt	2219
D_2_65	10_Sutta_DN_Mahaa.txt	2293
D_2_66	10_Sutta_DN_Mahaa.txt	2338
D_2_68	10_Sutta_DN_Mahaa.txt	2406
D_2_70	10_Sutta_DN_Mahaa.txt	2475
D_2_71	10_Sutta_DN_Mahaa.txt	2511
D_2_72	10_Sutta_DN_Mahaa.txt	2545
D_2_73	10_Sutta_DN_Mahaa.txt	2559
D_2_74	10_Sutta_DN_Mahaa.txt	2597
D_2_75	10_Sutta_DN_Mahaa.txt	2639
D_2_76	10_Sutta_DN_Mahaa.txt	2668
D_2_77	10_Sutta_DN_Mahaa.txt	2704
D_2_78	10_Sutta_DN_Mahaa.txt	2736
D_2_79	10_Sutta_DN_Mahaa.txt	2773
D_2_81	10_Sutta_DN_Mahaa.txt	2840
D_2_82	10_Sutta_DN_Mahaa.txt	2883
D_2_83	10_Sutta_DN_Mahaa.txt	2916
D_2_84	10_Sutta_DN_Mahaa.txt	2952
D_2_85	10_Sutta_DN_Mahaa.txt	2983
D_2_86	10_Sutta_DN_Mahaa.txt	3022
D_2_87	10_Sutta_DN_Mahaa.txt	3053
D_2_88	10_Sutta_DN_Mahaa.txt	3089
D_2_90	10_Sutta_DN_Mahaa.txt	3159
D_2_91	10_Sutta_DN_Mahaa.txt	3189
D_2_92	10_Sutta_DN_Mahaa.txt	3225
D_2_93	10_Sutta_DN_Mahaa.txt	3266
D_2_94	10_Sutta_DN_Mahaa.txt	3302
D_2_95	10_Sutta_DN_Mahaa.txt	3334
D_2_96	10_Sutta_DN_Mahaa.txt	3382
D_2_97	10_Sutta_DN_Mahaa.txt	3415
D_2_98	10_Sutta_DN_Mahaa.txt	3445
D_2_99	10_Sutta_DN_Mahaa.txt	3473
D_2_100	10_Sutta_DN_Mahaa.txt	3502
D_2_101	10_Sutta_DN_Mahaa.txt	3536
D_2_102	10_Sutta_DN_Mahaa.txt	3548
D_2_103	10_Sutta_DN_Mahaa.txt	3568
D_2_104	10_Sutta_DN_Mahaa.txt	3596
D_2_105	10_Sutta_DN_Mahaa.txt	3622
D_2_106	10_Sutta_DN_Mahaa.txt	3667
D_2_110	10_Sutta_DN_Mahaa.txt	3796
D_2_111	10_Sutta_DN_Mahaa.txt	3822
D_2_112	10_Sutta_DN_Mahaa.txt	3859
D_2_113	10_Sutta_DN_Mahaa.txt	3889
D_2_114	10_Sutta_DN_Mahaa.txt	3929
D_2_115	10_Sutta_DN_Mahaa.txt	3948
D_2_116	10_Sutta_DN_Mahaa.txt	3984
D_2_117	10_Sutta_DN_Mahaa.txt	4022
D_2_118	10_Sutta_DN_Mahaa.txt	4069
D_2_119	10_Sutta_DN_Mahaa.txt	4102
D_2_120	10_Sutta_DN_Mahaa.txt	4135
D_2_122	10_Sutta_DN_Mahaa.txt	4186
D_2_123	10_Sutta_DN_Mahaa.txt	4217
D_2_124	10_Sutta_DN_Mahaa.txt	4248
D_2_125	10_Sutta_DN_Mahaa.txt	4292
D_2_126	10_Sutta_DN_Mahaa.txt	4328
D_2_127	10_Sutta_DN_Mahaa.txt	4367
D_2_128	10_Sutta_DN_Mahaa.txt	4406
D_2_129	10_Sutta_DN_Mahaa.txt	4443
D_2_130	10_Sutta_DN_Mahaa.txt	4483
D_2_131	10_Sutta_DN_Mahaa.txt	4513
D_2_132	10_Sutta_DN_Mahaa.txt	4559
D_2_133	10_Sutta_DN_Mahaa.txt	4599
D_2_134	10_Sutta_DN_Mahaa.txt	4633
D_2_136	10_Sutta_DN_Mahaa.txt	4709
D_2_137	10_Sutta_DN_Mahaa.txt	4739
D_2_138	10_Sutta_DN_Mahaa.txt	4764
D_2_139	10_Sutta_DN_Mahaa.txt	4796
D_2_140	10_Sutta_DN_Mahaa.txt	4824
D_2_142	10_Sutta_DN_Mahaa.txt	4891
D_2_143	10_Sutta_DN_Mahaa.txt	4927
D_2_144	10_Sutta_DN_Mahaa.txt	4961
D_2_145	10_Sutta_DN_Mahaa.txt	4993
D_2_146	10_Sutta_DN_Mahaa.txt	5034
D_2_147	10_Sutta_DN_Mahaa.txt	5067
D_2_150	10_Sutta_DN_Mahaa.txt	5175
D_2_151	10_Sutta_DN_Mahaa.txt	5209
D_2_153	10_Sutta_DN_Mahaa.txt	5283
D_2_154	10_Sutta_DN_Mahaa.txt	5305
D_2_156	10_Sutta_DN_Mahaa.txt	5352
D_2_157	10_Sutta_DN_Mahaa.txt	5392
D_2_158	10_Sutta_DN_Mahaa.txt	5425
D_2_159	10_Sutta_DN_Mahaa.txt	5466
D_2_160	10_Sutta_DN_Mahaa.txt	5507
D_2_161	10_Sutta_DN_Mahaa.txt	5540
D_2_162	10_Sutta_DN_Mahaa.txt	5576
D_2_163	10_Sutta_DN_Mahaa.txt	5618
D_2_164	10_Sutta_DN_Mahaa.txt	5652
D_2_165	10_Sutta_DN_Mahaa.txt	5689
D_2_166	10_Sutta_DN_Mahaa.txt	5722
D_2_167	10_Sutta_DN_Mahaa.txt	5764
D_2_169	10_Sutta_DN_Mahaa.txt	5835
D_2_171	10_Sutta_DN_Mahaa.txt	5878
D_2_172	10_Sutta_DN_Mahaa.txt	5915
D_2_173	10_Sutta_DN_Mahaa.txt	5951
D_2_174	10_Sutta_DN_Mahaa.txt	5980
D_2_175	10_Sutta_DN_Mahaa.txt	6028
D_2_177	10_Sutta_DN_Mahaa.txt	6095
D_2_178	10_Sutta_DN_Mahaa.txt	6139
D_2_179	10_Sutta_DN_Mahaa.txt	6176
D_2_180	10_Sutta_DN_Mahaa.txt	6209
D_2_181	10_Sutta_DN_Mahaa.txt	6243
D_2_183	10_Sutta_DN_Mahaa.txt	6325
D_2_184	10_Sutta_DN_Mahaa.txt	6361
D_2_185	10_Sutta_DN_Mahaa.txt	6397
D_2_186	10_Sutta_DN_Mahaa.txt	6430
D_2_189	10_Sutta_DN_Mahaa.txt	6513
D_2_190	10_Sutta_DN_Mahaa.txt	6541
D_2_191	10_Sutta_DN_Mahaa.txt	6575
D_2_192	10_Sutta_DN_Mahaa.txt	6604
D_2_193	10_Sutta_DN_Mahaa.txt	6622
D_2_194	10_Sutta_DN_Mahaa.txt	6653
D_2_195	10_Sutta_DN_Mahaa.txt	6685
D_2_196	10_Sutta_DN_Mahaa.txt	6712
D_2_197	10_Sutta_DN_Mahaa.txt	6744
D_2_198	10_Sutta_DN_Mahaa.txt	6766
D_2_199	10_Sutta_DN_Mahaa.txt	6793
D_2_200	10_Sutta_DN_Mahaa.txt	6808
D_2_201	10_Sutta_DN_Mahaa.txt	6823
D_2_202	10_Sutta_DN_Mahaa.txt	6869
D_2_203	10_Sutta_DN_Mahaa.txt	6898
D_2_205	10_Sutta_DN_Mahaa.txt	6959
D_2_206	10_Sutta_DN_Mahaa.txt	6988
D_2_207	10_Sutta_DN_Mahaa.txt	7015
D_2_208	10_Sutta_DN_Mahaa.txt	7045
D_2_209	10_Sutta_DN_Mahaa.txt	7077
D_2_212	10_Sutta_DN_Mahaa.txt	7191
D_2_213	10_Sutta_DN_Mahaa.txt	7230
D_2_214	10_Sutta_DN_Mahaa.txt	7262
D_2_217	10_Sutta_DN_Mahaa.txt	7395
D_2_218	10_Sutta_DN_Mahaa.txt	7423
D_2_219	10_Sutta_DN_Mahaa.txt	7459
D_2_220	10_Sutta_DN_Mahaa.txt	7490
D_2_221	10_Sutta_DN_Mahaa.txt	7505
D_2_222	10_Sutta_DN_Mahaa.txt	7542
D_2_223	10_Sutta_DN_Mahaa.txt	7566
D_2_224	10_Sutta_DN_Mahaa.txt	7598
D_2_225	10_Sutta_DN_Mahaa.txt	7643
D_2_226	10_Sutta_DN_Mahaa.txt	7680
D_2_227	10_Sutta_DN_Mahaa.txt	7706
D_2_228	10_Sutta_DN_Mahaa.txt	7743
D_2_229	10_Sutta_DN_Mahaa.txt	7778
D_2_230	10_Sutta_DN_Mahaa.txt	7811
D_2_232	10_Sutta_DN_Mahaa.txt	7876
D_2_234	10_Sutta_DN_Mahaa.txt	7941
D_2_235	10_Sutta_DN_Mahaa.txt	7971
D_2_236	10_Sutta_DN_Mahaa.txt	7997
D_2_237	10_Sutta_DN_Mahaa.txt	8029
D_2_238	10_Sutta_DN_Mahaa.txt	8065
D_2_239	10_Sutta_DN_Mahaa.txt	8103
D_2_240	10_Sutta_DN_Mahaa.txt	8133
D_2_245	10_Sutta_DN_Mahaa.txt	8310
D_2_246	10_Sutta_DN_Mahaa.txt	8337
D_2_247	10_Sutta_DN_Mahaa.txt	8375
D_2_248	10_Sutta_DN_Mahaa.txt	8411
D_2_251	10_Sutta_DN_Mahaa.txt	8503
D_2_252	10_Sutta_DN_Mahaa.txt	8532
D_2_253	10_Sutta_DN_Mahaa.txt	8566
D_2_254	10_Sutta_DN_Mahaa.txt	8581
D_2_255	10_Sutta_DN_Mahaa.txt	8613
D_2_263	10_Sutta_DN_Mahaa.txt	8973
D_2_264	10_Sutta_DN_Mahaa.txt	8989
D_2_265	10_Sutta_DN_Mahaa.txt	9020
D_2_271	10_Sutta_DN_Mahaa.txt	9201
D_2_272	10_Sutta_DN_Mahaa.txt	9230
D_2_276	10_Sutta_DN_Mahaa.txt	9402
D_2_277	10_Sutta_DN_Mahaa.txt	9428
D_2_278	10_Sutta_DN_Mahaa.txt	9460
D_2_279	10_Sutta_DN_Mahaa.txt	9494
D_2_280	10_Sutta_DN_Mahaa.txt	9532
D_2_281	10_Sutta_DN_Mahaa.txt	9568
D_2_282	10_Sutta_DN_Mahaa.txt	9586
D_2_284	10_Sutta_DN_Mahaa.txt	9651
D_2_285	10_Sutta_DN_Mahaa.txt	9680
D_2_286	10_Sutta_DN_Mahaa.txt	9714
D_2_290	10_Sutta_DN_Mahaa.txt	9838
D_2_291	10_Sutta_DN_Mahaa.txt	9858
D_2_292	10_Sutta_DN_Mahaa.txt	9886
D_2_294	10_Sutta_DN_Mahaa.txt	9971
D_2_295	10_Sutta_DN_Mahaa.txt	9995
D_2_298	10_Sutta_DN_Mahaa.txt	10080
D_2_300	10_Sutta_DN_Mahaa.txt	10151
D_2_301	10_Sutta_DN_Mahaa.txt	10193
D_2_302	10_Sutta_DN_Mahaa.txt	10228
D_2_303	10_Sutta_DN_Mahaa.txt	10260
D_2_304	10_Sutta_DN_Mahaa.txt	10298
D_2_305	10_Sutta_DN_Mahaa.txt	10335
D_2_308	10_Sutta_DN_Mahaa.txt	10430
D_2_309	10_Sutta_DN_Mahaa.txt	10466
D_2_310	10_Sutta_DN_Mahaa.txt	10514
D_2_311	10_Sutta_DN_Mahaa.txt	10546
D_2_312	10_Sutta_DN_Mahaa.txt	10589
D_2_313	10_Sutta_DN_Mahaa.txt	10616
D_2_315	10_Sutta_DN_Mahaa.txt	10672
D_2_316	10_Sutta_DN_Mahaa.txt	10698
D_2_317	10_Sutta_DN_Mahaa.txt	10711
D_2_320	10_Sutta_DN_Mahaa.txt	10809
D_2_321	10_Sutta_DN_Mahaa.txt	10845
D_2_322	10_Sutta_DN_Mahaa.txt	10873
D_2_324	10_Sutta_DN_Mahaa.txt	10940
D_2_325	10_Sutta_DN_Mahaa.txt	10970
D_2_328	10_Sutta_DN_Mahaa.txt	11072
D_2_330	10_Sutta_DN_Mahaa.txt	11124
D_2_331	10_Sutta_DN_Mahaa.txt	11155
D_2_334	10_Sutta_DN_Mahaa.txt	11244
D_2_336	10_Sutta_DN_Mahaa.txt	11316
D_2_337	10_Sutta_DN_Mahaa.txt	11338
D_2_338	10_Sutta_DN_Mahaa.txt	11373
D_2_339	10_Sutta_DN_Mahaa.txt	11411
D_2_342	10_Sutta_DN_Mahaa.txt	11510
D_2_343	10_Sutta_DN_Mahaa.txt	11538
D_2_344	10_Sutta_DN_Mahaa.txt	11553
D_2_345	10_Sutta_DN_Mahaa.txt	11585
D_2_346	10_Sutta_DN_Mahaa.txt	11611
D_2_347	10_Sutta_DN_Mahaa.txt	11649
D_2_348	10_Sutta_DN_Mahaa.txt	11676
D_2_349	10_Sutta_DN_Mahaa.txt	11725
D_2_350	10_Sutta_DN_Mahaa.txt	11762
D_2_351	10_Sutta_DN_Mahaa.txt	11793
D_2_352	10_Sutta_DN_Mahaa.txt	11826
D_2_353	10_Sutta_DN_Mahaa.txt	11859
D_2_354	10_Sutta_DN_Mahaa.txt	11890
D_2_355	10_Sutta_DN_Mahaa.txt	11916
D_2_356	10_Sutta_DN_Mahaa.txt	11945
D_2_358	10_Sutta_DN_Mahaa.txt	12005
D_3_1	11_Sutta_DN_Paatika.txt	9
D_3_2	11_Sutta_DN_Paatika.txt	16
D_3_4	11_Sutta_DN_Paatika.txt	72
D_3_6	11_Sutta_DN_Paatika.txt	144
D_3_7	11_Sutta_DN_Paatika.txt	161
D_3_8	11_Sutta_DN_Paatika.txt	188
D_3_10	11_Sutta_DN_Paatika.txt	254
D_3_11	11_Sutta_DN_Paatika.txt	280
D_3_12	11_Sutta_DN_Paatika.txt	307
D_3_13	11_Sutta_DN_Paatika.txt	335
D_3_14	11_Sutta_DN_Paatika.txt	364
D_3_15	11_Sutta_DN_Paatika.txt	395
D_3_16	11_Sutta_DN_Paatika.txt	430
D_3_17	11_Sutta_DN_Paatika.txt	460
D_3_18	11_Sutta_DN_Paatika.txt	485
D_3_20	11_Sutta_DN_Paatika.txt	546
D_3_21	11_Sutta_DN_Paatika.txt	568
D_3_23	11_Sutta_DN_Paatika.txt	637
D_3_24	11_Sutta_DN_Paatika.txt	672
D_3_26	11_Sutta_DN_Paatika.txt	734
D_3_27	11_Sutta_DN_Paatika.txt	766
D_3_28	11_Sutta_DN_Paatika.txt	791
D_3_30	11_Sutta_DN_Paatika.txt	850
D_3_32	11_Sutta_DN_Paatika.txt	911
D_3_33	11_Sutta_DN_Paatika.txt	950
D_3_34	11_Sutta_DN_Paatika.txt	985
D_3_35	11_Sutta_DN_Paatika.txt	1016
D_3_36	11_Sutta_DN_Paatika.txt	1041
D_3_37	11_Sutta_DN_Paatika.txt	1057
D_3_38	11_Sutta_DN_Paatika.txt	1085
D_3_39	11_Sutta_DN_Paatika.txt	1114
D_3_40	11_Sutta_DN_Paatika.txt	1150
D_3_41	11_Sutta_DN_Paatika.txt	1173
D_3_42	11_Sutta_DN_Paatika.txt	1203
D_3_43	11_Sutta_DN_Paatika.txt	1238
D_3_46	11_Sutta_DN_Paatika.txt	1330
D_3_47	11_Sutta_DN_Paatika.txt	1370
D_3_49	11_Sutta_DN_Paatika.txt	1429
D_3_50	11_Sutta_DN_Paatika.txt	1461
D_3_51	11_Sutta_DN_Paatika.txt	1492
D_3_53	11_Sutta_DN_Paatika.txt	1563
D_3_56	11_Sutta_DN_Paatika.txt	1666
D_3_58	11_Sutta_DN_Paatika.txt	1733
D_3_59	11_Sutta_DN_Paatika.txt	1754
D_3_60	11_Sutta_DN_Paatika.txt	1778
D_3_61	11_Sutta_DN_Paatika.txt	1808
D_3_62	11_Sutta_DN_Paatika.txt	1853
D_3_63	11_Sutta_DN_Paatika.txt	1892
D_3_64	11_Sutta_DN_Paatika.txt	1939
D_3_65	11_Sutta_DN_Paatika.txt	1973
D_3_66	11_Sutta_DN_Paatika.txt	2006
D_3_67	11_Sutta_DN_Paatika.txt	2044
D_3_68	11_Sutta_DN_Paatika.txt	2077
D_3_69	11_Sutta_DN_Paatika.txt	2117
D_3_71	11_Sutta_DN_Paatika.txt	2196
D_3_72	11_Sutta_DN_Paatika.txt	2226
D_3_73	11_Sutta_DN_Paatika.txt	2260
D_3_75	11_Sutta_DN_Paatika.txt	2340
D_3_76	11_Sutta_DN_Paatika.txt	2380
D_3_77	11_Sutta_DN_Paatika.txt	2404
D_3_79	11_Sutta_DN_Paatika.txt	2473
D_3_80	11_Sutta_DN_Paatika.txt	2489
D_3_81	11_Sutta_DN_Paatika.txt	2505
D_3_83	11_Sutta_DN_Paatika.txt	2581
D_3_84	11_Sutta_DN_Paatika.txt	2619
D_3_85	11_Sutta_DN_Paatika.txt	2657
D_3_86	11_Sutta_DN_Paatika.txt	2684
D_3_87	11_Sutta_DN_Paatika.txt	2719
D_3_88	11_Sutta_DN_Paatika.txt	2753
D_3_89	11_Sutta_DN_Paatika.txt	2801
D_3_90	11_Sutta_DN_Paatika.txt	2838
D_3_91	11_Sutta_DN_Paatika.txt	2870
D_3_92	11_Sutta_DN_Paatika.txt	2901
D_3_93	11_Sutta_DN_Paatika.txt	2938
D_3_94	11_Sutta_DN_Paatika.txt	2973
D_3_95	11_Sutta_DN_Paatika.txt	3002
D_3_96	11_Sutta_DN_Paatika.txt	3030
D_3_97	11_Sutta_DN_Paatika.txt	3082
D_3_99	11_Sutta_DN_Paatika.txt	3155
D_3_100	11_Sutta_DN_Paatika.txt	3173
D_3_101	11_Sutta_DN_Paatika.txt	3201
D_3_102	11_Sutta_DN_Paatika.txt	3228
D_3_103	11_Sutta_DN_Paatika.txt	3262
D_3_104	11_Sutta_DN_Paatika.txt	3316
D_3_105	11_Sutta_DN_Paatika.txt	3352
D_3_106	11_Sutta_DN_Paatika.txt	3389
D_3_107	11_Sutta_DN_Paatika.txt	3432
D_3_108	11_Sutta_DN_Paatika.txt	3470
D_3_109	11_Sutta_DN_Paatika.txt	3509
D_3_110	11_Sutta_DN_Paatika.txt	3530
D_3_112	11_Sutta_DN_Paatika.txt	3607
D_3_113	11_Sutta_DN_Paatika.txt	3640
D_3_114	11_Sutta_DN_Paatika.txt	3675
D_3_115	11_Sutta_DN_Paatika.txt	3707
D_3_117	11_Sutta_DN_Paatika.txt	3762
D_3_118	11_Sutta_DN_Paatika.txt	3775
D_3_119	11_Sutta_DN_Paatika.txt	3810
D_3_120	11_Sutta_DN_Paatika.txt	3842
D_3_121	11_Sutta_DN_Paatika.txt	3888
D_3_124	11_Sutta_DN_Paatika.txt	4035
D_3_125	11_Sutta_DN_Paatika.txt	4047
D_3_126	11_Sutta_DN_Paatika.txt	4080
D_3_127	11_Sutta_DN_Paatika.txt	4117
D_3_128	11_Sutta_DN_Paatika.txt	4153
D_3_129	11_Sutta_DN_Paatika.txt	4191
D_3_130	11_Sutta_DN_Paatika.txt	4230
D_3_131	11_Sutta_DN_Paatika.txt	4275
D_3_132	11_Sutta_DN_Paatika.txt	4314
D_3_134	11_Sutta_DN_Paatika.txt	4385
D_3_135	11_Sutta_DN_Paatika.txt	4414
D_3_136	11_Sutta_DN_Paatika.txt	4450
D_3_137	11_Sutta_DN_Paatika.txt	4496
D_3_138	11_Sutta_DN_Paatika.txt	4534
D_3_139	11_Sutta_DN_Paatika.txt	4572
D_3_140	11_Sutta_DN_Paatika.txt	4609
D_3_141	11_Sutta_DN_Paatika.txt	4649
D_3_142	11_Sutta_DN_Paatika.txt	4699
D_3_143	11_Sutta_DN_Paatika.txt	4716
D_3_146	11_Sutta_DN_Paatika.txt	4797
D_3_147	11_Sutta_DN_Paatika.txt	4832
D_3_148	11_Sutta_DN_Paatika.txt	4877
D_3_150	11_Sutta_DN_Paatika.txt	4947
D_3_151	11_Sutta_DN_Paatika.txt	4984
D_3_153	11_Sutta_DN_Paatika.txt	5053
D_3_155	11_Sutta_DN_Paatika.txt	5126
D_3_158	11_Sutta_DN_Paatika.txt	5228
D_3_163	11_Sutta_DN_Paatika.txt	5397
D_3_165	11_Sutta_DN_Paatika.txt	5457
D_3_166	11_Sutta_DN_Paatika.txt	5494
D_3_168	11_Sutta_DN_Paatika.txt	5560
D_3_172	11_Sutta_DN_Paatika.txt	5709
D_3_174	11_Sutta_DN_Paatika.txt	5778
D_3_177	11_Sutta_DN_Paatika.txt	5872
D_3_180	11_Sutta_DN_Paatika.txt	5970
D_3_181	11_Sutta_DN_Paatika.txt	5984
D_3_182	11_Sutta_DN_Paatika.txt	6020
D_3_183	11_Sutta_DN_Paatika.txt	6056
D_3_184	11_Sutta_DN_Paatika.txt	6090
D_3_186	11_Sutta_DN_Paatika.txt	6165
D_3_187	11_Sutta_DN_Paatika.txt	6218
D_3_188	11_Sutta_DN_Paatika.txt	6258
D_3_189	11_Sutta_DN_Paatika.txt	6291
D_3_190	11_Sutta_DN_Paatika.txt	6325
D_3_191	11_Sutta_DN_Paatika.txt	6364
D_3_194	11_Sutta_DN_Paatika.txt	6455
D_3_195	11_Sutta_DN_Paatika.txt	6473
D_3_197	11_Sutta_DN_Paatika.txt	6545
D_3_198	11_Sutta_DN_Paatika.txt	6578
D_3_203	11_Sutta_DN_Paatika.txt	6752
D_3_204	11_Sutta_DN_Paatika.txt	6781
D_3_207	11_Sutta_DN_Paatika.txt	6950
D_3_208	11_Sutta_DN_Paatika.txt	6966
D_3_209	11_Sutta_DN_Paatika.txt	6994
D_3_210	11_Sutta_DN_Paatika.txt	7029
D_3_211	11_Sutta_DN_Paatika.txt	7056
D_3_213	11_Sutta_DN_Paatika.txt	7102
D_3_214	11_Sutta_DN_Paatika.txt	7122
D_3_215	11_Sutta_DN_Paatika.txt	7142
D_3_216	11_Sutta_DN_Paatika.txt	7170
D_3_217	11_Sutta_DN_Paatika.txt	7190
D_3_218	11_Sutta_DN_Paatika.txt	7217
D_3_220	11_Sutta_DN_Paatika.txt	7263
D_3_221	11_Sutta_DN_Paatika.txt	7297
D_3_223	11_Sutta_DN_Paatika.txt	7355
D_3_224	11_Sutta_DN_Paatika.txt	7386
D_3_225	11_Sutta_DN_Paatika.txt	7424
D_3_226	11_Sutta_DN_Paatika.txt	7456
D_3_227	11_Sutta_DN_Paatika.txt	7503
D_3_228	11_Sutta_DN_Paatika.txt	7538
D_3_229	11_Sutta_DN_Paatika.txt	7577
D_3_230	11_Sutta_DN_Paatika.txt	7613
D_3_231	11_Sutta_DN_Paatika.txt	7650
D_3_232	11_Sutta_DN_Paatika.txt	7683
D_3_233	11_Sutta_DN_Paatika.txt	7728
D_3_234	11_Sutta_DN_Paatika.txt	7769
D_3_235	11_Sutta_DN_Paatika.txt	7807
D_3_237	11_Sutta_DN_Paatika.txt	7887
D_3_239	11_Sutta_DN_Paatika.txt	7947
D_3_241	11_Sutta_DN_Paatika.txt	8018
D_3_242	11_Sutta_DN_Paatika.txt	8043
D_3_243	11_Sutta_DN_Paatika.txt	8051
D_3_245	11_Sutta_DN_Paatika.txt	8131
D_3_246	11_Sutta_DN_Paatika.txt	8167
D_3_248	11_Sutta_DN_Paatika.txt	8240
D_3_249	11_Sutta_DN_Paatika.txt	8279
D_3_250	11_Sutta_DN_Paatika.txt	8313
D_3_251	11_Sutta_DN_Paatika.txt	8349
D_3_255	11_Sutta_DN_Paatika.txt	8493
D_3_256	11_Sutta_DN_Paatika.txt	8531
D_3_257	11_Sutta_DN_Paatika.txt	8564
D_3_258	11_Sutta_DN_Paatika.txt	8610
D_3_259	11_Sutta_DN_Paatika.txt	8645
D_3_260	11_Sutta_DN_Paatika.txt	8685
D_3_261	11_Sutta_DN_Paatika.txt	8725
D_3_262	11_Sutta_DN_Paatika.txt	8766
D_3_263	11_Sutta_DN_Paatika.txt	8813
D_3_265	11_Sutta_DN_Paatika.txt	8876
D_3_266	11_Sutta_DN_Paatika.txt	8911
D_3_267	11_Sutta_DN_Paatika.txt	8941
D_3_268	11_Sutta_DN_Paatika.txt	8977
D_3_269	11_Sutta_DN_Paatika.txt	9021
D_3_270	11_Sutta_DN_Paatika.txt	9053
D_3_271	11_Sutta_DN_Paatika.txt	9092
D_3_272	11_Sutta_DN_Paatika.txt	9131
D_3_273	11_Sutta_DN_Paatika.txt	9157
D_3_274	11_Sutta_DN_Paatika.txt	9222
D_3_275	11_Sutta_DN_Paatika.txt	9271
D_3_277	11_Sutta_DN_Paatika.txt	9371
D_3_278	11_Sutta_DN_Paatika.txt	9436
D_3_279	11_Sutta_DN_Paatika.txt	9528
D_3_280	11_Sutta_DN_Paatika.txt	9617
D_3_281	11_Sutta_DN_Paatika.txt	9764
D_3_282	11_Sutta_DN_Paatika.txt	9857
D_3_283	11_Sutta_DN_Paatika.txt	9927
D_3_284	11_Sutta_DN_Paatika.txt	9987
D_3_285	11_Sutta_DN_Paatika.txt	10029
D_3_286	11_Sutta_DN_Paatika.txt	10069
D_3_288	11_Sutta_DN_Paatika.txt	10358
D_3_290	11_Sutta_DN_Paatika.txt	10501
D_3_291	11_Sutta_DN_Paatika.txt	10665
D_3_292	11_Sutta_DN_Paatika.txt	10802
M_1_1	12_Sutta_MN_Muu.txt	11
M_1_2	12_Sutta_MN_Muu.txt	41
M_1_3	12_Sutta_MN_Muu.txt	86
M_1_4	12_Sutta_MN_Muu.txt	130
M_1_5	12_Sutta_MN_Muu.txt	192
M_1_6	12_Sutta_MN_Muu.txt	259
M_1_7	12_Sutta_MN_Muu.txt	326
M_1_8	12_Sutta_MN_Muu.txt	368
M_1_9	12_Sutta_MN_Muu.txt	408
M_1_10	12_Sutta_MN_Muu.txt	460
M_1_11	12_Sutta_MN_Muu.txt	512
M_1_13	12_Sutta_MN_Muu.txt	620
M_1_14	12_Sutta_MN_Muu.txt	663
M_1_15	12_Sutta_MN_Muu.txt	718
M_1_16	12_Sutta_MN_Muu.txt	763
M_1_17	12_Sutta_MN_Muu.txt	806
M_1_18	12_Sutta_MN_Muu.txt	864
M_1_20	12_Sutta_MN_Muu.txt	981
M_1_21	12_Sutta_MN_Muu.txt	1045
M_1_22	12_Sutta_MN_Muu.txt	1097
M_1_23	12_Sutta_MN_Muu.txt	1141
M_1_25	12_Sutta_MN_Muu.txt	1233
M_1_26	12_Sutta_MN_Muu.txt	1277
M_1_28	12_Sutta_MN_Muu.txt	1378
M_1_29	12_Sutta_MN_Muu.txt	1435
M_1_30	12_Sutta_MN_Muu.txt	1498
M_1_31	12_Sutta_MN_Muu.txt	1548
M_1_32	12_Sutta_MN_Muu.txt	1598
M_1_33	12_Sutta_MN_Muu.txt	1660
M_1_34	12_Sutta_MN_Muu.txt	1717
M_1_35	12_Sutta_MN_Muu.txt	1775
M_1_37	12_Sutta_MN_Muu.txt	1880
M_1_38	12_Sutta_MN_Muu.txt	1959
M_1_39	12_Sutta_MN_Muu.txt	1998
M_1_40	12_Sutta_MN_Muu.txt	2047
M_1_41	12_Sutta_MN_Muu.txt	2095
M_1_42	12_Sutta_MN_Muu.txt	2135
M_1_43	12_Sutta_MN_Muu.txt	2190
M_1_44	12_Sutta_MN_Muu.txt	2248
M_1_45	12_Sutta_MN_Muu.txt	2334
M_1_47	12_Sutta_MN_Muu.txt	2478
M_1_48	12_Sutta_MN_Muu.txt	2528
M_1_49	12_Sutta_MN_Muu.txt	2580
M_1_50	12_Sutta_MN_Muu.txt	2637
M_1_51	12_Sutta_MN_Muu.txt	2692
M_1_52	12_Sutta_MN_Muu.txt	2744
M_1_53	12_Sutta_MN_Muu.txt	2790
M_1_54	12_Sutta_MN_Muu.txt	2859
M_1_55	12_Sutta_MN_Muu.txt	2895
M_1_56	12_Sutta_MN_Muu.txt	2956
M_1_57	12_Sutta_MN_Muu.txt	3011
M_1_58	12_Sutta_MN_Muu.txt	3057
M_1_59	12_Sutta_MN_Muu.txt	3118
M_1_61	12_Sutta_MN_Muu.txt	3255
M_1_63	12_Sutta_MN_Muu.txt	3607
M_1_65	12_Sutta_MN_Muu.txt	3731
M_1_66	12_Sutta_MN_Muu.txt	3785
M_1_67	12_Sutta_MN_Muu.txt	3834
M_1_69	12_Sutta_MN_Muu.txt	3947
M_1_70	12_Sutta_MN_Muu.txt	4009
M_1_71	12_Sutta_MN_Muu.txt	4068
M_1_72	12_Sutta_MN_Muu.txt	4104
M_1_73	12_Sutta_MN_Muu.txt	4163
M_1_74	12_Sutta_MN_Muu.txt	4226
M_1_75	12_Sutta_MN_Muu.txt	4270
M_1_76	12_Sutta_MN_Muu.txt	4330
M_1_78	12_Sutta_MN_Muu.txt	4414
M_1_79	12_Sutta_MN_Muu.txt	4469
M_1_80	12_Sutta_MN_Muu.txt	4528
M_1_82	12_Sutta_MN_Muu.txt	4609
M_1_83	12_Sutta_MN_Muu.txt	4660
M_1_84	12_Sutta_MN_Muu.txt	4702
M_1_85	12_Sutta_MN_Muu.txt	4742
M_1_87	12_Sutta_MN_Muu.txt	4837
M_1_88	12_Sutta_MN_Muu.txt	4886
M_1_89	12_Sutta_MN_Muu.txt	4930
M_1_90	12_Sutta_MN_Muu.txt	4988
M_1_91	12_Sutta_MN_Muu.txt	5052
M_1_92	12_Sutta_MN_Muu.txt	5090
M_1_93	12_Sutta_MN_Muu.txt	5237
M_1_94	12_Sutta_MN_Muu.txt	5289
M_1_95	12_Sutta_MN_Muu.txt	5338
M_1_96	12_Sutta_MN_Muu.txt	5401
M_1_97	12_Sutta_MN_Muu.txt	5463
M_1_98	12_Sutta_MN_Muu.txt	5567
M_1_99	12_Sutta_MN_Muu.txt	5623
M_1_100	12_Sutta_MN_Muu.txt	5753
M_1_101	12_Sutta_MN_Muu.txt	5791
M_1_102	12_Sutta_MN_Muu.txt	5841
M_1_103	12_Sutta_MN_Muu.txt	5903
M_1_104	12_Sutta_MN_Muu.txt	5961
M_1_105	12_Sutta_MN_Muu.txt	6005
M_1_106	12_Sutta_MN_Muu.txt	6051
M_1_107	12_Sutta_MN_Muu.txt	6110
M_1_108	12_Sutta_MN_Muu.txt	6171
M_1_109	12_Sutta_MN_Muu.txt	6214
M_1_110	12_Sutta_MN_Muu.txt	6257
M_1_111	12_Sutta_MN_Muu.txt	6312
M_1_112	12_Sutta_MN_Muu.txt	6362
M_1_113	12_Sutta_MN_Muu.txt	6414
M_1_114	12_Sutta_MN_Muu.txt	6462
M_1_116	12_Sutta_MN_Muu.txt	6561
M_1_117	12_Sutta_MN_Muu.txt	6618
M_1_118	12_Sutta_MN_Muu.txt	6692
M_1_119	12_Sutta_MN_Muu.txt	6738
M_1_121	12_Sutta_MN_Muu.txt	6853
M_1_122	12_Sutta_MN_Muu.txt	6909
M_1_124	12_Sutta_MN_Muu.txt	7015
M_1_125	12_Sutta_MN_Muu.txt	7049
M_1_126	12_Sutta_MN_Muu.txt	7109
M_1_127	12_Sutta_MN_Muu.txt	7156
M_1_128	12_Sutta_MN_Muu.txt	7216
M_1_129	12_Sutta_MN_Muu.txt	7259
M_1_130	12_Sutta_MN_Muu.txt	7312
M_1_131	12_Sutta_MN_Muu.txt	7367
M_1_132	12_Sutta_MN_Muu.txt	7408
M_1_134	12_Sutta_MN_Muu.txt	7514
M_1_136	12_Sutta_MN_Muu.txt	7620
M_1_137	12_Sutta_MN_Muu.txt	7662
M_1_138	12_Sutta_MN_Muu.txt	7712
M_1_139	12_Sutta_MN_Muu.txt	7752
M_1_140	12_Sutta_MN_Muu.txt	7799
M_1_141	12_Sutta_MN_Muu.txt	7844
M_1_143	12_Sutta_MN_Muu.txt	7930
M_1_144	12_Sutta_MN_Muu.txt	8004
M_1_145	12_Sutta_MN_Muu.txt	8045
M_1_146	12_Sutta_MN_Muu.txt	8081
M_1_147	12_Sutta_MN_Muu.txt	8137
M_1_148	12_Sutta_MN_Muu.txt	8191
M_1_149	12_Sutta_MN_Muu.txt	8251
M_1_151	12_Sutta_MN_Muu.txt	8334
M_1_152	12_Sutta_MN_Muu.txt	8379
M_1_153	12_Sutta_MN_Muu.txt	8415
M_1_154	12_Sutta_MN_Muu.txt	8463
M_1_155	12_Sutta_MN_Muu.txt	8488
M_1_156	12_Sutta_MN_Muu.txt	8527
M_1_157	12_Sutta_MN_Muu.txt	8568
M_1_158	12_Sutta_MN_Muu.txt	8612
M_1_159	12_Sutta_MN_Muu.txt	8662
M_1_160	12_Sutta_MN_Muu.txt	8695
M_1_161	12_Sutta_MN_Muu.txt	8733
M_1_162	12_Sutta_MN_Muu.txt	8782
M_1_163	12_Sutta_MN_Muu.txt	8839
M_1_164	12_Sutta_MN_Muu.txt	8893
M_1_165	12_Sutta_MN_Muu.txt	8927
M_1_167	12_Sutta_MN_Muu.txt	9018
M_1_168	12_Sutta_MN_Muu.txt	9058
M_1_170	12_Sutta_MN_Muu.txt	9153
M_1_171	12_Sutta_MN_Muu.txt	9192
M_1_173	12_Sutta_MN_Muu.txt	9295
M_1_174	12_Sutta_MN_Muu.txt	9346
M_1_175	12_Sutta_MN_Muu.txt	9393
M_1_176	12_Sutta_MN_Muu.txt	9445
M_1_178	12_Sutta_MN_Muu.txt	9525
M_1_179	12_Sutta_MN_Muu.txt	9568
M_1_180	12_Sutta_MN_Muu.txt	9614
M_1_181	12_Sutta_MN_Muu.txt	9657
M_1_182	12_Sutta_MN_Muu.txt	9705
M_1_183	12_Sutta_MN_Muu.txt	9721
M_1_184	12_Sutta_MN_Muu.txt	9749
M_1_185	12_Sutta_MN_Muu.txt	9787
M_1_186	12_Sutta_MN_Muu.txt	9825
M_1_187	12_Sutta_MN_Muu.txt	9864
M_1_188	12_Sutta_MN_Muu.txt	9904
M_1_192	12_Sutta_MN_Muu.txt	10081
M_1_193	12_Sutta_MN_Muu.txt	10122
M_1_194	12_Sutta_MN_Muu.txt	10173
M_1_195	12_Sutta_MN_Muu.txt	10232
M_1_196	12_Sutta_MN_Muu.txt	10270
M_1_197	12_Sutta_MN_Muu.txt	10343
M_1_198	12_Sutta_MN_Muu.txt	10390
M_1_199	12_Sutta_MN_Muu.txt	10426
M_1_202	12_Sutta_MN_Muu.txt	10549
M_1_203	12_Sutta_MN_Muu.txt	10595
M_1_204	12_Sutta_MN_Muu.txt	10628
M_1_205	12_Sutta_MN_Muu.txt	10664
M_1_206	12_Sutta_MN_Muu.txt	10705
M_1_207	12_Sutta_MN_Muu.txt	10757
M_1_209	12_Sutta_MN_Muu.txt	10847
M_1_210	12_Sutta_MN_Muu.txt	10895
M_1_211	12_Sutta_MN_Muu.txt	10941
M_1_212	12_Sutta_MN_Muu.txt	10987
M_1_213	12_Sutta_MN_Muu.txt	11023
M_1_214	12_Sutta_MN_Muu.txt	11072
M_1_215	12_Sutta_MN_Muu.txt	11115
M_1_216	12_Sutta_MN_Muu.txt	11159
M_1_217	12_Sutta_MN_Muu.txt	11193
M_1_218	12_Sutta_MN_Muu.txt	11239
M_1_220	12_Sutta_MN_Muu.txt	11339
M_1_221	12_Sutta_MN_Muu.txt	11376
M_1_222	12_Sutta_MN_Muu.txt	11417
M_1_223	12_Sutta_MN_Muu.txt	11458
M_1_224	12_Sutta_MN_Muu.txt	11500
M_1_225	12_Sutta_MN_Muu.txt	11540
M_1_226	12_Sutta_MN_Muu.txt	11580
M_1_227	12_Sutta_MN_Muu.txt	11629
M_1_228	12_Sutta_MN_Muu.txt	11671
M_1_229	12_Sutta_MN_Muu.txt	11720
M_1_230	12_Sutta_MN_Muu.txt	11766
M_1_232	12_Sutta_MN_Muu.txt	11854
M_1_233	12_Sutta_MN_Muu.txt	11897
M_1_234	12_Sutta_MN_Muu.txt	11946
M_1_237	12_Sutta_MN_Muu.txt	12073
M_1_238	12_Sutta_MN_Muu.txt	12115
M_1_239	12_Sutta_MN_Muu.txt	12166
M_1_240	12_Sutta_MN_Muu.txt	12210
M_1_241	12_Sutta_MN_Muu.txt	12391
M_1_243	12_Sutta_MN_Muu.txt	12490
M_1_244	12_Sutta_MN_Muu.txt	12548
M_1_245	12_Sutta_MN_Muu.txt	12600
M_1_246	12_Sutta_MN_Muu.txt	12657
M_1_247	12_Sutta_MN_Muu.txt	12705
M_1_248	12_Sutta_MN_Muu.txt	12739
M_1_249	12_Sutta_MN_Muu.txt	12756
M_1_250	12_Sutta_MN_Muu.txt	12798
M_1_251	12_Sutta_MN_Muu.txt	12842
M_1_252	12_Sutta_MN_Muu.txt	12889
M_1_253	12_Sutta_MN_Muu.txt	12932
M_1_254	12_Sutta_MN_Muu.txt	12976
M_1_255	12_Sutta_MN_Muu.txt	13015
M_1_256	12_Sutta_MN_Muu.txt	13060
M_1_257	12_Sutta_MN_Muu.txt	13099
M_1_259	12_Sutta_MN_Muu.txt	13187
M_1_260	12_Sutta_MN_Muu.txt	13225
M_1_261	12_Sutta_MN_Muu.txt	13280
M_1_262	12_Sutta_MN_Muu.txt	13329
M_1_263	12_Sutta_MN_Muu.txt	13375
M_1_264	12_Sutta_MN_Muu.txt	13422
M_1_267	12_Sutta_MN_Muu.txt	13576
M_1_268	12_Sutta_MN_Muu.txt	13613
M_1_270	12_Sutta_MN_Muu.txt	13717
M_1_273	12_Sutta_MN_Muu.txt	13856
M_1_274	12_Sutta_MN_Muu.txt	13910
M_1_275	12_Sutta_MN_Muu.txt	13957
M_1_276	12_Sutta_MN_Muu.txt	14001
M_1_279	12_Sutta_MN_Muu.txt	14130
M_1_280	12_Sutta_MN_Muu.txt	14159
M_1_281	12_Sutta_MN_Muu.txt	14215
M_1_282	12_Sutta_MN_Muu.txt	14261
M_1_284	12_Sutta_MN_Muu.txt	14367
M_1_285	12_Sutta_MN_Muu.txt	14432
M_1_287	12_Sutta_MN_Muu.txt	14519
M_1_288	12_Sutta_MN_Muu.txt	14566
M_1_289	12_Sutta_MN_Muu.txt	14617
M_1_290	12_Sutta_MN_Muu.txt	14677
M_1_292	12_Sutta_MN_Muu.txt	14899
M_1_293	12_Sutta_MN_Muu.txt	14937
M_1_294	12_Sutta_MN_Muu.txt	14980
M_1_297	12_Sutta_MN_Muu.txt	15115
M_1_298	12_Sutta_MN_Muu.txt	15155
M_1_299	12_Sutta_MN_Muu.txt	15200
M_1_301	12_Sutta_MN_Muu.txt	15273
M_1_302	12_Sutta_MN_Muu.txt	15319
M_1_303	12_Sutta_MN_Muu.txt	15367
M_1_304	12_Sutta_MN_Muu.txt	15406
M_1_305	12_Sutta_MN_Muu.txt	15448
M_1_306	12_Sutta_MN_Muu.txt	15501
M_1_307	12_Sutta_MN_Muu.txt	15543
M_1_308	12_Sutta_MN_Muu.txt	15591
M_1_309	12_Sutta_MN_Muu.txt	15630
M_1_310	12_Sutta_MN_Muu.txt	15671
M_1_311	12_Sutta_MN_Muu.txt	15719
M_1_312	12_Sutta_MN_Muu.txt	15757
M_1_313	12_Sutta_MN_Muu.txt	15810
M_1_314	12_Sutta_MN_Muu.txt	15854
M_1_315	12_Sutta_MN_Muu.txt	15899
M_1_316	12_Sutta_MN_Muu.txt	15941
M_1_317	12_Sutta_MN_Muu.txt	15986
M_1_319	12_Sutta_MN_Muu.txt	16079
M_1_320	12_Sutta_MN_Muu.txt	16120
M_1_321	12_Sutta_MN_Muu.txt	16169
M_1_322	12_Sutta_MN_Muu.txt	16203
M_1_325	12_Sutta_MN_Muu.txt	16357
M_1_326	12_Sutta_MN_Muu.txt	16406
M_1_327	12_Sutta_MN_Muu.txt	16441
M_1_328	12_Sutta_MN_Muu.txt	16490
M_1_329	12_Sutta_MN_Muu.txt	16536
M_1_330	12_Sutta_MN_Muu.txt	16586
M_1_331	12_Sutta_MN_Muu.txt	16633
M_1_332	12_Sutta_MN_Muu.txt	16692
M_1_333	12_Sutta_MN_Muu.txt	16730
M_1_334	12_Sutta_MN_Muu.txt	16780
M_1_335	12_Sutta_MN_Muu.txt	16830
M_1_336	12_Sutta_MN_Muu.txt	16876
M_1_339	13_Sutta_MN_Ma.txt	11
M_1_341	13_Sutta_MN_Ma.txt	94
M_1_344	13_Sutta_MN_Ma.txt	249
M_1_345	13_Sutta_MN_Ma.txt	298
M_1_346	13_Sutta_MN_Ma.txt	337
M_1_347	13_Sutta_MN_Ma.txt	386
M_1_349	13_Sutta_MN_Ma.txt	471
M_1_350	13_Sutta_MN_Ma.txt	524
M_1_351	13_Sutta_MN_Ma.txt	554
M_1_352	13_Sutta_MN_Ma.txt	587
M_1_353	13_Sutta_MN_Ma.txt	624
M_1_354	13_Sutta_MN_Ma.txt	671
M_1_355	13_Sutta_MN_Ma.txt	727
M_1_356	13_Sutta_MN_Ma.txt	778
M_1_357	13_Sutta_MN_Ma.txt	833
M_1_358	13_Sutta_MN_Ma.txt	878
M_1_360	13_Sutta_MN_Ma.txt	969
M_1_361	13_Sutta_MN_Ma.txt	1018
M_1_362	13_Sutta_MN_Ma.txt	1067
M_1_363	13_Sutta_MN_Ma.txt	1117
M_1_365	13_Sutta_MN_Ma.txt	1212
M_1_366	13_Sutta_MN_Ma.txt	1262
M_1_367	13_Sutta_MN_Ma.txt	1311
M_1_369	13_Sutta_MN_Ma.txt	1406
M_1_371	13_Sutta_MN_Ma.txt	1500
M_1_373	13_Sutta_MN_Ma.txt	1602
M_1_375	13_Sutta_MN_Ma.txt	1689
M_1_376	13_Sutta_MN_Ma.txt	1760
M_1_377	13_Sutta_MN_Ma.txt	1806
M_1_378	13_Sutta_MN_Ma.txt	1862
M_1_379	13_Sutta_MN_Ma.txt	1914
M_1_380	13_Sutta_MN_Ma.txt	1969
M_1_381	13_Sutta_MN_Ma.txt	2009
M_1_383	13_Sutta_MN_Ma.txt	2114
M_1_385	13_Sutta_MN_Ma.txt	2212
M_1_386	13_Sutta_MN_Ma.txt	2263
M_1_388	13_Sutta_MN_Ma.txt	2361
M_1_389	13_Sutta_MN_Ma.txt	2402
M_1_390	13_Sutta_MN_Ma.txt	2447
M_1_391	13_Sutta_MN_Ma.txt	2485
M_1_392	13_Sutta_MN_Ma.txt	2537
M_1_393	13_Sutta_MN_Ma.txt	2585
M_1_394	13_Sutta_MN_Ma.txt	2632
M_1_395	13_Sutta_MN_Ma.txt	2679
M_1_397	13_Sutta_MN_Ma.txt	2777
M_1_398	13_Sutta_MN_Ma.txt	2827
M_1_399	13_Sutta_MN_Ma.txt	2870
M_1_400	13_Sutta_MN_Ma.txt	2900
M_1_401	13_Sutta_MN_Ma.txt	2939
M_1_402	13_Sutta_MN_Ma.txt	2981
M_1_403	13_Sutta_MN_Ma.txt	3027
M_1_404	13_Sutta_MN_Ma.txt	3067
M_1_405	13_Sutta_MN_Ma.txt	3118
M_1_406	13_Sutta_MN_Ma.txt	3176
M_1_407	13_Sutta_MN_Ma.txt	3234
M_1_408	13_Sutta_MN_Ma.txt	3288
M_1_409	13_Sutta_MN_Ma.txt	3340
M_1_411	13_Sutta_MN_Ma.txt	3439
M_1_413	13_Sutta_MN_Ma.txt	3536
M_1_414	13_Sutta_MN_Ma.txt	3605
M_1_416	13_Sutta_MN_Ma.txt	3702
M_1_417	13_Sutta_MN_Ma.txt	3740
M_1_418	13_Sutta_MN_Ma.txt	3768
M_1_419	13_Sutta_MN_Ma.txt	3830
M_1_420	13_Sutta_MN_Ma.txt	3874
M_1_421	13_Sutta_MN_Ma.txt	3927
M_1_423	13_Sutta_MN_Ma.txt	4024
M_1_425	13_Sutta_MN_Ma.txt	4120
M_1_426	13_Sutta_MN_Ma.txt	4171
M_1_427	13_Sutta_MN_Ma.txt	4217
M_1_428	13_Sutta_MN_Ma.txt	4270
M_1_429	13_Sutta_MN_Ma.txt	4322
M_1_431	13_Sutta_MN_Ma.txt	4414
M_1_432	13_Sutta_MN_Ma.txt	4455
M_1_433	13_Sutta_MN_Ma.txt	4515
M_1_434	13_Sutta_MN_Ma.txt	4557
M_1_435	13_Sutta_MN_Ma.txt	4601
M_1_436	13_Sutta_MN_Ma.txt	4646
M_1_437	13_Sutta_MN_Ma.txt	4711
M_1_438	13_Sutta_MN_Ma.txt	4761
M_1_439	13_Sutta_MN_Ma.txt	4816
M_1_440	13_Sutta_MN_Ma.txt	4870
M_1_441	13_Sutta_MN_Ma.txt	4911
M_1_442	13_Sutta_MN_Ma.txt	4948
M_1_443	13_Sutta_MN_Ma.txt	4992
M_1_444	13_Sutta_MN_Ma.txt	5032
M_1_445	13_Sutta_MN_Ma.txt	5071
M_1_446	13_Sutta_MN_Ma.txt	5130
M_1_447	13_Sutta_MN_Ma.txt	5176
M_1_448	13_Sutta_MN_Ma.txt	5216
M_1_449	13_Sutta_MN_Ma.txt	5271
M_1_451	13_Sutta_MN_Ma.txt	5360
M_1_452	13_Sutta_MN_Ma.txt	5413
M_1_453	13_Sutta_MN_Ma.txt	5452
M_1_454	13_Sutta_MN_Ma.txt	5491
M_1_455	13_Sutta_MN_Ma.txt	5541
M_1_456	13_Sutta_MN_Ma.txt	5583
M_1_457	13_Sutta_MN_Ma.txt	5627
M_1_458	13_Sutta_MN_Ma.txt	5673
M_1_460	13_Sutta_MN_Ma.txt	5758
M_1_461	13_Sutta_MN_Ma.txt	5807
M_1_463	13_Sutta_MN_Ma.txt	5904
M_1_464	13_Sutta_MN_Ma.txt	5965
M_1_465	13_Sutta_MN_Ma.txt	6010
M_1_466	13_Sutta_MN_Ma.txt	6067
M_1_467	13_Sutta_MN_Ma.txt	6125
M_1_468	13_Sutta_MN_Ma.txt	6177
M_1_469	13_Sutta_MN_Ma.txt	6231
M_1_470	13_Sutta_MN_Ma.txt	6286
M_1_471	13_Sutta_MN_Ma.txt	6335
M_1_473	13_Sutta_MN_Ma.txt	6451
M_1_475	13_Sutta_MN_Ma.txt	6564
M_1_476	13_Sutta_MN_Ma.txt	6604
M_1_477	13_Sutta_MN_Ma.txt	6678
M_1_478	13_Sutta_MN_Ma.txt	6725
M_1_479	13_Sutta_MN_Ma.txt	6762
M_1_480	13_Sutta_MN_Ma.txt	6839
M_1_481	13_Sutta_MN_Ma.txt	6886
M_1_482	13_Sutta_MN_Ma.txt	6956
M_1_483	13_Sutta_MN_Ma.txt	7008
M_1_484	13_Sutta_MN_Ma.txt	7066
M_1_485	13_Sutta_MN_Ma.txt	7111
M_1_486	13_Sutta_MN_Ma.txt	7181
M_1_487	13_Sutta_MN_Ma.txt	7230
M_1_489	13_Sutta_MN_Ma.txt	7349
M_1_490	13_Sutta_MN_Ma.txt	7395
M_1_491	13_Sutta_MN_Ma.txt	7447
M_1_493	13_Sutta_MN_Ma.txt	7532
M_1_494	13_Sutta_MN_Ma.txt	7581
M_1_495	13_Sutta_MN_Ma.txt	7624
M_1_496	13_Sutta_MN_Ma.txt	7680
M_1_497	13_Sutta_MN_Ma.txt	7721
M_1_498	13_Sutta_MN_Ma.txt	7774
M_1_499	13_Sutta_MN_Ma.txt	7827
M_1_500	13_Sutta_MN_Ma.txt	7868
M_1_502	13_Sutta_MN_Ma.txt	7963
M_1_503	13_Sutta_MN_Ma.txt	8016
M_1_505	13_Sutta_MN_Ma.txt	8107
M_1_506	13_Sutta_MN_Ma.txt	8147
M_1_507	13_Sutta_MN_Ma.txt	8201
M_1_508	13_Sutta_MN_Ma.txt	8242
M_1_509	13_Sutta_MN_Ma.txt	8297
M_1_510	13_Sutta_MN_Ma.txt	8339
M_1_511	13_Sutta_MN_Ma.txt	8384
M_1_512	13_Sutta_MN_Ma.txt	8423
M_1_513	13_Sutta_MN_Ma.txt	8471
M_1_515	13_Sutta_MN_Ma.txt	8558
M_1_516	13_Sutta_MN_Ma.txt	8620
M_1_517	13_Sutta_MN_Ma.txt	8689
M_1_518	13_Sutta_MN_Ma.txt	8751
M_1_519	13_Sutta_MN_Ma.txt	8826
M_1_520	13_Sutta_MN_Ma.txt	8897
M_1_523	13_Sutta_MN_Ma.txt	9062
M_1_524	13_Sutta_MN_Ma.txt	9102
M_2_1	13_Sutta_MN_Ma.txt	9128
M_2_2	13_Sutta_MN_Ma.txt	9151
M_2_3	13_Sutta_MN_Ma.txt	9199
M_2_4	13_Sutta_MN_Ma.txt	9242
M_2_5	13_Sutta_MN_Ma.txt	9289
M_2_6	13_Sutta_MN_Ma.txt	9331
M_2_7	13_Sutta_MN_Ma.txt	9375
M_2_9	13_Sutta_MN_Ma.txt	9462
M_2_10	13_Sutta_MN_Ma.txt	9503
M_2_11	13_Sutta_MN_Ma.txt	9555
M_2_14	13_Sutta_MN_Ma.txt	9696
M_2_15	13_Sutta_MN_Ma.txt	9753
M_2_17	13_Sutta_MN_Ma.txt	9845
M_2_18	13_Sutta_MN_Ma.txt	9886
M_2_19	13_Sutta_MN_Ma.txt	9935
M_2_20	13_Sutta_MN_Ma.txt	9979
M_2_21	13_Sutta_MN_Ma.txt	10021
M_2_22	13_Sutta_MN_Ma.txt	10056
M_2_23	13_Sutta_MN_Ma.txt	10100
M_2_24	13_Sutta_MN_Ma.txt	10143
M_2_25	13_Sutta_MN_Ma.txt	10189
M_2_26	13_Sutta_MN_Ma.txt	10229
M_2_27	13_Sutta_MN_Ma.txt	10276
M_2_31	13_Sutta_MN_Ma.txt	10435
M_2_32	13_Sutta_MN_Ma.txt	10482
M_2_33	13_Sutta_MN_Ma.txt	10522
M_2_35	13_Sutta_MN_Ma.txt	10616
M_2_37	13_Sutta_MN_Ma.txt	10702
M_2_39	13_Sutta_MN_Ma.txt	10794
M_2_40	13_Sutta_MN_Ma.txt	10843
M_2_41	13_Sutta_MN_Ma.txt	10888
M_2_42	13_Sutta_MN_Ma.txt	10929
M_2_43	13_Sutta_MN_Ma.txt	10974
M_2_44	13_Sutta_MN_Ma.txt	11015
M_2_45	13_Sutta_MN_Ma.txt	11071
M_2_48	13_Sutta_MN_Ma.txt	11194
M_2_50	13_Sutta_MN_Ma.txt	11283
M_2_51	13_Sutta_MN_Ma.txt	11320
M_2_53	13_Sutta_MN_Ma.txt	11400
M_2_54	13_Sutta_MN_Ma.txt	11441
M_2_56	13_Sutta_MN_Ma.txt	11524
M_2_57	13_Sutta_MN_Ma.txt	11561
M_2_58	13_Sutta_MN_Ma.txt	11599
M_2_59	13_Sutta_MN_Ma.txt	11630
M_2_61	13_Sutta_MN_Ma.txt	11700
M_2_62	13_Sutta_MN_Ma.txt	11750
M_2_63	13_Sutta_MN_Ma.txt	11786
M_2_64	13_Sutta_MN_Ma.txt	11826
M_2_66	13_Sutta_MN_Ma.txt	11904
M_2_67	13_Sutta_MN_Ma.txt	11949
M_2_68	13_Sutta_MN_Ma.txt	11997
M_2_69	13_Sutta_MN_Ma.txt	12039
M_2_70	13_Sutta_MN_Ma.txt	12082
M_2_71	13_Sutta_MN_Ma.txt	12123
M_2_72	13_Sutta_MN_Ma.txt	12161
M_2_75	13_Sutta_MN_Ma.txt	12285
M_2_76	13_Sutta_MN_Ma.txt	12322
M_2_77	13_Sutta_MN_Ma.txt	12362
M_2_78	13_Sutta_MN_Ma.txt	12404
M_2_80	13_Sutta_MN_Ma.txt	12495
M_2_81	13_Sutta_MN_Ma.txt	12530
M_2_82	13_Sutta_MN_Ma.txt	12579
M_2_84	13_Sutta_MN_Ma.txt	12655
M_2_85	13_Sutta_MN_Ma.txt	12708
M_2_86	13_Sutta_MN_Ma.txt	12763
M_2_87	13_Sutta_MN_Ma.txt	12801
M_2_88	13_Sutta_MN_Ma.txt	12840
M_2_90	13_Sutta_MN_Ma.txt	12932
M_2_91	13_Sutta_MN_Ma.txt	12982
M_2_92	13_Sutta_MN_Ma.txt	13019
M_2_94	13_Sutta_MN_Ma.txt	13881
M_2_96	13_Sutta_MN_Ma.txt	13978
M_2_98	13_Sutta_MN_Ma.txt	14087
M_2_99	13_Sutta_MN_Ma.txt	14146
M_2_101	13_Sutta_MN_Ma.txt	14234
M_2_103	13_Sutta_MN_Ma.txt	14318
M_2_104	13_Sutta_MN_Ma.txt	14362
M_2_106	13_Sutta_MN_Ma.txt	14446
M_2_107	13_Sutta_MN_Ma.txt	14481
M_2_109	13_Sutta_MN_Ma.txt	14557
M_2_110	13_Sutta_MN_Ma.txt	14610
M_2_113	13_Sutta_MN_Ma.txt	14753
M_2_114	13_Sutta_MN_Ma.txt	14805
M_2_115	13_Sutta_MN_Ma.txt	14842
M_2_116	13_Sutta_MN_Ma.txt	14891
M_2_117	13_Sutta_MN_Ma.txt	14933
M_2_118	13_Sutta_MN_Ma.txt	14982
M_2_119	13_Sutta_MN_Ma.txt	15022
M_2_120	13_Sutta_MN_Ma.txt	15062
M_2_121	13_Sutta_MN_Ma.txt	15104
M_2_123	13_Sutta_MN_Ma.txt	15188
M_2_124	13_Sutta_MN_Ma.txt	15238
M_2_125	13_Sutta_MN_Ma.txt	15286
M_2_127	13_Sutta_MN_Ma.txt	15366
M_2_128	13_Sutta_MN_Ma.txt	15408
M_2_130	13_Sutta_MN_Ma.txt	15492
M_2_133	13_Sutta_MN_Ma.txt	15612
M_2_134	13_Sutta_MN_Ma.txt	15660
M_2_135	13_Sutta_MN_Ma.txt	15705
M_2_136	13_Sutta_MN_Ma.txt	15757
M_2_137	13_Sutta_MN_Ma.txt	15794
M_2_138	13_Sutta_MN_Ma.txt	15825
M_2_141	13_Sutta_MN_Ma.txt	15954
M_2_142	13_Sutta_MN_Ma.txt	16008
M_2_143	13_Sutta_MN_Ma.txt	16050
M_2_145	13_Sutta_MN_Ma.txt	16125
M_2_146	13_Sutta_MN_Ma.txt	16176
M_2_147	13_Sutta_MN_Ma.txt	16510
M_2_148	13_Sutta_MN_Ma.txt	16548
M_2_149	13_Sutta_MN_Ma.txt	16593
M_2_150	13_Sutta_MN_Ma.txt	16642
M_2_151	13_Sutta_MN_Ma.txt	16683
M_2_155	13_Sutta_MN_Ma.txt	16857
M_2_156	13_Sutta_MN_Ma.txt	16894
M_2_157	13_Sutta_MN_Ma.txt	16926
M_2_158	13_Sutta_MN_Ma.txt	16968
M_2_160	13_Sutta_MN_Ma.txt	17039
M_2_162	13_Sutta_MN_Ma.txt	17110
M_2_163	13_Sutta_MN_Ma.txt	17391
M_2_164	13_Sutta_MN_Ma.txt	17436
M_2_165	13_Sutta_MN_Ma.txt	17496
M_2_166	13_Sutta_MN_Ma.txt	17531
M_2_167	13_Sutta_MN_Ma.txt	17568
M_2_168	13_Sutta_MN_Ma.txt	17608
M_2_169	13_Sutta_MN_Ma.txt	17646
M_2_170	13_Sutta_MN_Ma.txt	17687
M_2_171	13_Sutta_MN_Ma.txt	17720
M_2_172	13_Sutta_MN_Ma.txt	17759
M_2_173	13_Sutta_MN_Ma.txt	17802
M_2_174	13_Sutta_MN_Ma.txt	17841
M_2_177	13_Sutta_MN_Ma.txt	17948
M_2_178	13_Sutta_MN_Ma.txt	17986
M_2_181	13_Sutta_MN_Ma.txt	18126
M_2_182	13_Sutta_MN_Ma.txt	18177
M_2_183	13_Sutta_MN_Ma.txt	18237
M_2_184	13_Sutta_MN_Ma.txt	18287
M_2_185	13_Sutta_MN_Ma.txt	18342
M_2_186	13_Sutta_MN_Ma.txt	18381
M_2_187	13_Sutta_MN_Ma.txt	18422
M_2_188	13_Sutta_MN_Ma.txt	18489
M_2_189	13_Sutta_MN_Ma.txt	18551
M_2_190	13_Sutta_MN_Ma.txt	18594
M_2_192	13_Sutta_MN_Ma.txt	18675
M_2_193	13_Sutta_MN_Ma.txt	18721
M_2_195	13_Sutta_MN_Ma.txt	18793
M_2_196	13_Sutta_MN_Ma.txt	18832
M_2_197	13_Sutta_MN_Ma.txt	19104
M_2_198	13_Sutta_MN_Ma.txt	19144
M_2_199	13_Sutta_MN_Ma.txt	19182
M_2_200	13_Sutta_MN_Ma.txt	19220
M_2_201	13_Sutta_MN_Ma.txt	19262
M_2_202	13_Sutta_MN_Ma.txt	19305
M_2_203	13_Sutta_MN_Ma.txt	19342
M_2_204	13_Sutta_MN_Ma.txt	19385
M_2_205	13_Sutta_MN_Ma.txt	19432
M_2_206	13_Sutta_MN_Ma.txt	19475
M_2_207	13_Sutta_MN_Ma.txt	19514
M_2_208	13_Sutta_MN_Ma.txt	19550
M_2_210	13_Sutta_MN_Ma.txt	19627
M_2_211	13_Sutta_MN_Ma.txt	19666
M_2_214	14_Sutta_MN_U.txt	11
M_2_215	14_Sutta_MN_U.txt	47
M_2_216	14_Sutta_MN_U.txt	80
M_2_217	14_Sutta_MN_U.txt	119
M_2_218	14_Sutta_MN_U.txt	159
M_2_219	14_Sutta_MN_U.txt	203
M_2_221	14_Sutta_MN_U.txt	277
M_2_222	14_Sutta_MN_U.txt	316
M_2_223	14_Sutta_MN_U.txt	346
M_2_224	14_Sutta_MN_U.txt	384
M_2_225	14_Sutta_MN_U.txt	417
M_2_227	14_Sutta_MN_U.txt	636
M_2_228	14_Sutta_MN_U.txt	687
M_2_230	14_Sutta_MN_U.txt	763
M_2_231	14_Sutta_MN_U.txt	798
M_2_232	14_Sutta_MN_U.txt	840
M_2_233	14_Sutta_MN_U.txt	869
M_2_234	14_Sutta_MN_U.txt	915
M_2_235	14_Sutta_MN_U.txt	960
M_2_236	14_Sutta_MN_U.txt	996
M_2_237	14_Sutta_MN_U.txt	1032
M_2_238	14_Sutta_MN_U.txt	1072
M_2_239	14_Sutta_MN_U.txt	1124
M_2_242	14_Sutta_MN_U.txt	1240
M_2_243	14_Sutta_MN_U.txt	1287
M_2_244	14_Sutta_MN_U.txt	1329
M_2_246	14_Sutta_MN_U.txt	1409
M_2_247	14_Sutta_MN_U.txt	1445
M_2_248	14_Sutta_MN_U.txt	1493
M_2_249	14_Sutta_MN_U.txt	1541
M_2_250	14_Sutta_MN_U.txt	1576
M_2_251	14_Sutta_MN_U.txt	1619
M_2_252	14_Sutta_MN_U.txt	1667
M_2_253	14_Sutta_MN_U.txt	1706
M_2_255	14_Sutta_MN_U.txt	1776
M_2_257	14_Sutta_MN_U.txt	1862
M_2_258	14_Sutta_MN_U.txt	1894
M_2_259	14_Sutta_MN_U.txt	1930
M_2_260	14_Sutta_MN_U.txt	1966
M_2_261	14_Sutta_MN_U.txt	2015
M_2_262	14_Sutta_MN_U.txt	2058
M_2_263	14_Sutta_MN_U.txt	2100
M_2_264	14_Sutta_MN_U.txt	2150
M_2_265	14_Sutta_MN_U.txt	2196
M_3_1	14_Sutta_MN_U.txt	2261
M_3_2	14_Sutta_MN_U.txt	2280
M_3_4	14_Sutta_MN_U.txt	2363
M_3_6	14_Sutta_MN_U.txt	2434
M_3_7	14_Sutta_MN_U.txt	2468
M_3_8	14_Sutta_MN_U.txt	2502
M_3_10	14_Sutta_MN_U.txt	2588
M_3_12	14_Sutta_MN_U.txt	2668
M_3_13	14_Sutta_MN_U.txt	2717
M_3_15	14_Sutta_MN_U.txt	2803
M_3_16	14_Sutta_MN_U.txt	2846
M_3_17	14_Sutta_MN_U.txt	2878
M_3_18	14_Sutta_MN_U.txt	2914
M_3_20	14_Sutta_MN_U.txt	3001
M_3_21	14_Sutta_MN_U.txt	3049
M_3_22	14_Sutta_MN_U.txt	3104
M_3_23	14_Sutta_MN_U.txt	3160
M_3_25	14_Sutta_MN_U.txt	3272
M_3_26	14_Sutta_MN_U.txt	3305
M_3_28	14_Sutta_MN_U.txt	3395
M_3_29	14_Sutta_MN_U.txt	3441
M_3_31	14_Sutta_MN_U.txt	3524
M_3_33	14_Sutta_MN_U.txt	3604
M_3_34	14_Sutta_MN_U.txt	3647
M_3_35	14_Sutta_MN_U.txt	3682
M_3_36	14_Sutta_MN_U.txt	3726
M_3_37	14_Sutta_MN_U.txt	3759
M_3_38	14_Sutta_MN_U.txt	3800
M_3_39	14_Sutta_MN_U.txt	3848
M_3_40	14_Sutta_MN_U.txt	3889
M_3_42	14_Sutta_MN_U.txt	3974
M_3_43	14_Sutta_MN_U.txt	4010
M_3_44	14_Sutta_MN_U.txt	4061
M_3_45	14_Sutta_MN_U.txt	4110
M_3_46	14_Sutta_MN_U.txt	4151
M_3_47	14_Sutta_MN_U.txt	4185
M_3_48	14_Sutta_MN_U.txt	4224
M_3_49	14_Sutta_MN_U.txt	4257
M_3_50	14_Sutta_MN_U.txt	4289
M_3_51	14_Sutta_MN_U.txt	4334
M_3_52	14_Sutta_MN_U.txt	4379
M_3_53	14_Sutta_MN_U.txt	4423
M_3_54	14_Sutta_MN_U.txt	4467
M_3_56	14_Sutta_MN_U.txt	4554
M_3_57	14_Sutta_MN_U.txt	4565
M_3_58	14_Sutta_MN_U.txt	4580
M_3_59	14_Sutta_MN_U.txt	4637
M_3_60	14_Sutta_MN_U.txt	4679
M_3_62	14_Sutta_MN_U.txt	4771
M_3_63	14_Sutta_MN_U.txt	4811
M_3_64	14_Sutta_MN_U.txt	4852
M_3_65	14_Sutta_MN_U.txt	4888
M_3_66	14_Sutta_MN_U.txt	4919
M_3_67	14_Sutta_MN_U.txt	4977
M_3_68	14_Sutta_MN_U.txt	5014
M_3_69	14_Sutta_MN_U.txt	5047
M_3_72	14_Sutta_MN_U.txt	5190
M_3_73	14_Sutta_MN_U.txt	5231
M_3_74	14_Sutta_MN_U.txt	5283
M_3_76	14_Sutta_MN_U.txt	5390
M_3_77	14_Sutta_MN_U.txt	5410
M_3_78	14_Sutta_MN_U.txt	5437
M_3_79	14_Sutta_MN_U.txt	5478
M_3_80	14_Sutta_MN_U.txt	5514
M_3_86	14_Sutta_MN_U.txt	5732
M_3_87	14_Sutta_MN_U.txt	5776
M_3_88	14_Sutta_MN_U.txt	5810
M_3_90	14_Sutta_MN_U.txt	5911
M_3_91	14_Sutta_MN_U.txt	5953
M_3_92	14_Sutta_MN_U.txt	5993
M_3_93	14_Sutta_MN_U.txt	6038
M_3_94	14_Sutta_MN_U.txt	6079
M_3_95	14_Sutta_MN_U.txt	6126
M_3_96	14_Sutta_MN_U.txt	6178
M_3_98	14_Sutta_MN_U.txt	6252
M_3_99	14_Sutta_MN_U.txt	6271
M_3_100	14_Sutta_MN_U.txt	6310
M_3_102	14_Sutta_MN_U.txt	6441
M_3_103	14_Sutta_MN_U.txt	6492
M_3_104	14_Sutta_MN_U.txt	6583
M_3_106	14_Sutta_MN_U.txt	6655
M_3_107	14_Sutta_MN_U.txt	6699
M_3_108	14_Sutta_MN_U.txt	6735
M_3_110	14_Sutta_MN_U.txt	6813
M_3_111	14_Sutta_MN_U.txt	6854
M_3_112	14_Sutta_MN_U.txt	6886
M_3_113	14_Sutta_MN_U.txt	6936
M_3_114	14_Sutta_MN_U.txt	6973
M_3_115	14_Sutta_MN_U.txt	7019
M_3_116	14_Sutta_MN_U.txt	7064
M_3_117	14_Sutta_MN_U.txt	7107
M_3_118	14_Sutta_MN_U.txt	7156
M_3_119	14_Sutta_MN_U.txt	7192
M_3_120	14_Sutta_MN_U.txt	7259
M_3_121	14_Sutta_MN_U.txt	7299
M_3_122	14_Sutta_MN_U.txt	7350
M_3_123	14_Sutta_MN_U.txt	7396
M_3_124	14_Sutta_MN_U.txt	7436
M_3_125	14_Sutta_MN_U.txt	7482
M_3_126	14_Sutta_MN_U.txt	7525
M_3_128	14_Sutta_MN_U.txt	7608
M_3_129	14_Sutta_MN_U.txt	7644
M_3_130	14_Sutta_MN_U.txt	7683
M_3_132	14_Sutta_MN_U.txt	7757
M_3_133	14_Sutta_MN_U.txt	7788
M_3_134	14_Sutta_MN_U.txt	7831
M_3_135	14_Sutta_MN_U.txt	7862
M_3_136	14_Sutta_MN_U.txt	7865
M_3_137	14_Sutta_MN_U.txt	7944
M_3_138	14_Sutta_MN_U.txt	7993
M_3_140	14_Sutta_MN_U.txt	8085
M_3_141	14_Sutta_MN_U.txt	8124
M_3_142	14_Sutta_MN_U.txt	8171
M_3_143	14_Sutta_MN_U.txt	8215
M_3_144	14_Sutta_MN_U.txt	8260
M_3_145	14_Sutta_MN_U.txt	8307
M_3_147	14_Sutta_MN_U.txt	8384
M_3_148	14_Sutta_MN_U.txt	8432
M_3_149	14_Sutta_MN_U.txt	8471
M_3_150	14_Sutta_MN_U.txt	8509
M_3_151	14_Sutta_MN_U.txt	8542
M_3_152	14_Sutta_MN_U.txt	8573
M_3_153	14_Sutta_MN_U.txt	8616
M_3_155	14_Sutta_MN_U.txt	8687
M_3_156	14_Sutta_MN_U.txt	8735
M_3_157	14_Sutta_MN_U.txt	8776
M_3_158	14_Sutta_MN_U.txt	8809
M_3_159	14_Sutta_MN_U.txt	8849
M_3_160	14_Sutta_MN_U.txt	8896
M_3_161	14_Sutta_MN_U.txt	8963
M_3_162	14_Sutta_MN_U.txt	9006
M_3_163	14_Sutta_MN_U.txt	9068
M_3_164	14_Sutta_MN_U.txt	9107
M_3_165	14_Sutta_MN_U.txt	9142
M_3_166	14_Sutta_MN_U.txt	9183
M_3_170	14_Sutta_MN_U.txt	9373
M_3_171	14_Sutta_MN_U.txt	9424
M_3_172	14_Sutta_MN_U.txt	9484
M_3_173	14_Sutta_MN_U.txt	9519
M_3_174	14_Sutta_MN_U.txt	9559
M_3_175	14_Sutta_MN_U.txt	9600
M_3_177	14_Sutta_MN_U.txt	9683
M_3_179	14_Sutta_MN_U.txt	9767
M_3_180	14_Sutta_MN_U.txt	9815
M_3_181	14_Sutta_MN_U.txt	9849
M_3_182	14_Sutta_MN_U.txt	9905
M_3_184	14_Sutta_MN_U.txt	9991
M_3_185	14_Sutta_MN_U.txt	10037
M_3_186	14_Sutta_MN_U.txt	10080
M_3_187	14_Sutta_MN_U.txt	10122
M_3_188	14_Sutta_MN_U.txt	10177
M_3_189	14_Sutta_MN_U.txt	10224
M_3_190	14_Sutta_MN_U.txt	10280
M_3_191	14_Sutta_MN_U.txt	10385
M_3_192	14_Sutta_MN_U.txt	10448
M_3_193	14_Sutta_MN_U.txt	10486
M_3_194	14_Sutta_MN_U.txt	10542
M_3_197	14_Sutta_MN_U.txt	10664
M_3_198	14_Sutta_MN_U.txt	10714
M_3_200	14_Sutta_MN_U.txt	10805
M_3_202	14_Sutta_MN_U.txt	10917
M_3_203	14_Sutta_MN_U.txt	11008
M_3_204	14_Sutta_MN_U.txt	11057
M_3_205	14_Sutta_MN_U.txt	11128
M_3_206	14_Sutta_MN_U.txt	11219
M_3_207	14_Sutta_MN_U.txt	11270
M_3_209	14_Sutta_MN_U.txt	11346
M_3_210	14_Sutta_MN_U.txt	11390
M_3_211	14_Sutta_MN_U.txt	11431
M_3_213	14_Sutta_MN_U.txt	11532
M_3_214	14_Sutta_MN_U.txt	11581
M_3_215	14_Sutta_MN_U.txt	11626
M_3_216	14_Sutta_MN_U.txt	11669
M_3_217	14_Sutta_MN_U.txt	11714
M_3_218	14_Sutta_MN_U.txt	11759
M_3_219	14_Sutta_MN_U.txt	11803
M_3_220	14_Sutta_MN_U.txt	11848
M_3_221	14_Sutta_MN_U.txt	11896
M_3_222	14_Sutta_MN_U.txt	11954
M_3_223	14_Sutta_MN_U.txt	12005
M_3_224	14_Sutta_MN_U.txt	12047
M_3_225	14_Sutta_MN_U.txt	12099
M_3_226	14_Sutta_MN_U.txt	12147
M_3_227	14_Sutta_MN_U.txt	12185
M_3_228	14_Sutta_MN_U.txt	12225
M_3_229	14_Sutta_MN_U.txt	12274
M_3_230	14_Sutta_MN_U.txt	12335
M_3_231	14_Sutta_MN_U.txt	12376
M_3_232	14_Sutta_MN_U.txt	12418
M_3_233	14_Sutta_MN_U.txt	12465
M_3_234	14_Sutta_MN_U.txt	12510
M_3_235	14_Sutta_MN_U.txt	12553
M_3_236	14_Sutta_MN_U.txt	12599
M_3_237	14_Sutta_MN_U.txt	12647
M_3_238	14_Sutta_MN_U.txt	12696
M_3_239	14_Sutta_MN_U.txt	12734
M_3_240	14_Sutta_MN_U.txt	12778
M_3_243	14_Sutta_MN_U.txt	12917
M_3_244	14_Sutta_MN_U.txt	12962
M_3_245	14_Sutta_MN_U.txt	12998
M_3_246	14_Sutta_MN_U.txt	13033
M_3_247	14_Sutta_MN_U.txt	13077
M_3_248	14_Sutta_MN_U.txt	13130
M_3_249	14_Sutta_MN_U.txt	13167
M_3_250	14_Sutta_MN_U.txt	13217
M_3_251	14_Sutta_MN_U.txt	13255
M_3_252	14_Sutta_MN_U.txt	13294
M_3_253	14_Sutta_MN_U.txt	13337
M_3_254	14_Sutta_MN_U.txt	13383
M_3_256	14_Sutta_MN_U.txt	13480
M_3_257	14_Sutta_MN_U.txt	13538
M_3_258	14_Sutta_MN_U.txt	13597
M_3_259	14_Sutta_MN_U.txt	13637
M_3_261	14_Sutta_MN_U.txt	13778
M_3_262	14_Sutta_MN_U.txt	13825
M_3_264	14_Sutta_MN_U.txt	13926
M_3_265	14_Sutta_MN_U.txt	14004
M_3_267	14_Sutta_MN_U.txt	14098
M_3_269	14_Sutta_MN_U.txt	14180
M_3_270	14_Sutta_MN_U.txt	14234
M_3_271	14_Sutta_MN_U.txt	14278
M_3_272	14_Sutta_MN_U.txt	14329
M_3_273	14_Sutta_MN_U.txt	14369
M_3_275	14_Sutta_MN_U.txt	14456
M_3_276	14_Sutta_MN_U.txt	14510
M_3_278	14_Sutta_MN_U.txt	14809
M_3_279	14_Sutta_MN_U.txt	14848
M_3_280	14_Sutta_MN_U.txt	14946
M_3_281	14_Sutta_MN_U.txt	14990
M_3_282	14_Sutta_MN_U.txt	15046
M_3_283	14_Sutta_MN_U.txt	15105
M_3_284	14_Sutta_MN_U.txt	15155
M_3_285	14_Sutta_MN_U.txt	15214
M_3_286	14_Sutta_MN_U.txt	15267
M_3_288	14_Sutta_MN_U.txt	15359
M_3_289	14_Sutta_MN_U.txt	15413
M_3_290	14_Sutta_MN_U.txt	15448
M_3_291	14_Sutta_MN_U.txt	15534
M_3_292	14_Sutta_MN_U.txt	15579
M_3_293	14_Sutta_MN_U.txt	15623
M_3_294	14_Sutta_MN_U.txt	15669
M_3_295	14_Sutta_MN_U.txt	15713
M_3_297	14_Sutta_MN_U.txt	15841
M_3_298	14_Sutta_MN_U.txt	15897
M_3_299	14_Sutta_MN_U.txt	15936
M_3_300	14_Sutta_MN_U.txt	15991
M_3_301	14_Sutta_MN_U.txt	16074
M_3_302	14_Sutta_MN_U.txt	16121
S_1_1	15_Sutta_SN_Sa.txt	12
S_1_2	15_Sutta_SN_Sa.txt	41
S_1_3	15_Sutta_SN_Sa.txt	97
S_1_4	15_Sutta_SN_Sa.txt	141
S_1_5	15_Sutta_SN_Sa.txt	182
S_1_6	15_Sutta_SN_Sa.txt	232
S_1_7	15_Sutta_SN_Sa.txt	291
S_1_8	15_Sutta_SN_Sa.txt	343
S_1_9	15_Sutta_SN_Sa.txt	391
S_1_10	15_Sutta_SN_Sa.txt	431
S_1_11	15_Sutta_SN_Sa.txt	466
S_1_12	15_Sutta_SN_Sa.txt	497
S_1_13	15_Sutta_SN_Sa.txt	555
S_1_14	15_Sutta_SN_Sa.txt	596
S_1_16	15_Sutta_SN_Sa.txt	695
S_1_17	15_Sutta_SN_Sa.txt	739
S_1_19	15_Sutta_SN_Sa.txt	820
S_1_20	15_Sutta_SN_Sa.txt	867
S_1_22	15_Sutta_SN_Sa.txt	940
S_1_24	15_Sutta_SN_Sa.txt	1031
S_1_25	15_Sutta_SN_Sa.txt	1076
S_1_26	15_Sutta_SN_Sa.txt	1130
S_1_27	15_Sutta_SN_Sa.txt	1167
S_1_28	15_Sutta_SN_Sa.txt	1203
S_1_29	15_Sutta_SN_Sa.txt	1257
S_1_33	15_Sutta_SN_Sa.txt	1420
S_1_38	15_Sutta_SN_Sa.txt	1644
S_1_39	15_Sutta_SN_Sa.txt	1702
S_1_40	15_Sutta_SN_Sa.txt	1750
S_1_41	15_Sutta_SN_Sa.txt	1797
S_1_42	15_Sutta_SN_Sa.txt	1838
S_1_44	15_Sutta_SN_Sa.txt	1934
S_1_46	15_Sutta_SN_Sa.txt	2011
S_1_47	15_Sutta_SN_Sa.txt	2043
S_1_48	15_Sutta_SN_Sa.txt	2094
S_1_49	15_Sutta_SN_Sa.txt	2162
S_1_51	15_Sutta_SN_Sa.txt	2250
S_1_52	15_Sutta_SN_Sa.txt	2304
S_1_58	15_Sutta_SN_Sa.txt	2638
S_1_59	15_Sutta_SN_Sa.txt	2672
S_1_60	15_Sutta_SN_Sa.txt	2718
S_1_61	15_Sutta_SN_Sa.txt	2773
S_1_62	15_Sutta_SN_Sa.txt	2820
S_1_64	15_Sutta_SN_Sa.txt	2916
S_1_65	15_Sutta_SN_Sa.txt	2965
S_1_66	15_Sutta_SN_Sa.txt	3025
S_1_67	15_Sutta_SN_Sa.txt	3074
S_1_68	15_Sutta_SN_Sa.txt	3127
S_1_69	15_Sutta_SN_Sa.txt	3157
S_1_71	15_Sutta_SN_Sa.txt	3244
S_1_72	15_Sutta_SN_Sa.txt	3283
S_1_73	15_Sutta_SN_Sa.txt	3339
S_1_74	15_Sutta_SN_Sa.txt	3381
S_1_75	15_Sutta_SN_Sa.txt	3441
S_1_76	15_Sutta_SN_Sa.txt	3479
S_1_77	15_Sutta_SN_Sa.txt	3529
S_1_78	15_Sutta_SN_Sa.txt	3584
S_1_79	15_Sutta_SN_Sa.txt	3621
S_1_80	15_Sutta_SN_Sa.txt	3674
S_1_82	15_Sutta_SN_Sa.txt	3767
S_1_83	15_Sutta_SN_Sa.txt	3805
S_1_84	15_Sutta_SN_Sa.txt	3860
S_1_85	15_Sutta_SN_Sa.txt	3891
S_1_86	15_Sutta_SN_Sa.txt	3935
S_1_87	15_Sutta_SN_Sa.txt	3978
S_1_88	15_Sutta_SN_Sa.txt	4020
S_1_89	15_Sutta_SN_Sa.txt	4066
S_1_90	15_Sutta_SN_Sa.txt	4107
S_1_91	15_Sutta_SN_Sa.txt	4146
S_1_93	15_Sutta_SN_Sa.txt	4217
S_1_94	15_Sutta_SN_Sa.txt	4275
S_1_95	15_Sutta_SN_Sa.txt	4323
S_1_96	15_Sutta_SN_Sa.txt	4363
S_1_98	15_Sutta_SN_Sa.txt	4458
S_1_99	15_Sutta_SN_Sa.txt	4501
S_1_100	15_Sutta_SN_Sa.txt	4547
S_1_101	15_Sutta_SN_Sa.txt	4590
S_1_102	15_Sutta_SN_Sa.txt	4637
S_1_103	15_Sutta_SN_Sa.txt	4694
S_1_104	15_Sutta_SN_Sa.txt	4732
S_1_105	15_Sutta_SN_Sa.txt	4786
S_1_106	15_Sutta_SN_Sa.txt	4834
S_1_110	15_Sutta_SN_Sa.txt	5063
S_1_112	15_Sutta_SN_Sa.txt	5178
S_1_113	15_Sutta_SN_Sa.txt	5219
S_1_114	15_Sutta_SN_Sa.txt	5258
S_1_115	15_Sutta_SN_Sa.txt	5302
S_1_116	15_Sutta_SN_Sa.txt	5337
S_1_117	15_Sutta_SN_Sa.txt	5381
S_1_119	15_Sutta_SN_Sa.txt	5473
S_1_120	15_Sutta_SN_Sa.txt	5511
S_1_124	15_Sutta_SN_Sa.txt	5706
S_1_126	15_Sutta_SN_Sa.txt	5813
S_1_127	15_Sutta_SN_Sa.txt	5859
S_1_128	15_Sutta_SN_Sa.txt	5915
S_1_130	15_Sutta_SN_Sa.txt	5996
S_1_132	15_Sutta_SN_Sa.txt	6087
S_1_135	15_Sutta_SN_Sa.txt	6255
S_1_136	15_Sutta_SN_Sa.txt	6309
S_1_138	15_Sutta_SN_Sa.txt	6375
S_1_139	15_Sutta_SN_Sa.txt	6412
S_1_140	15_Sutta_SN_Sa.txt	6462
S_1_141	15_Sutta_SN_Sa.txt	6500
S_1_143	15_Sutta_SN_Sa.txt	6583
S_1_145	15_Sutta_SN_Sa.txt	6677
S_1_146	15_Sutta_SN_Sa.txt	6728
S_1_147	15_Sutta_SN_Sa.txt	6776
S_1_150	15_Sutta_SN_Sa.txt	6912
S_1_151	15_Sutta_SN_Sa.txt	6957
S_1_152	15_Sutta_SN_Sa.txt	7003
S_1_154	15_Sutta_SN_Sa.txt	7095
S_1_155	15_Sutta_SN_Sa.txt	7139
S_1_156	15_Sutta_SN_Sa.txt	7177
S_1_158	15_Sutta_SN_Sa.txt	7260
S_1_159	15_Sutta_SN_Sa.txt	7312
S_1_160	15_Sutta_SN_Sa.txt	7355
S_1_161	15_Sutta_SN_Sa.txt	7383
S_1_163	15_Sutta_SN_Sa.txt	7462
S_1_164	15_Sutta_SN_Sa.txt	7513
S_1_165	15_Sutta_SN_Sa.txt	7557
S_1_166	15_Sutta_SN_Sa.txt	7613
S_1_168	15_Sutta_SN_Sa.txt	7706
S_1_169	15_Sutta_SN_Sa.txt	7750
S_1_172	15_Sutta_SN_Sa.txt	7900
S_1_174	15_Sutta_SN_Sa.txt	7986
S_1_176	15_Sutta_SN_Sa.txt	8081
S_1_177	15_Sutta_SN_Sa.txt	8132
S_1_178	15_Sutta_SN_Sa.txt	8171
S_1_179	15_Sutta_SN_Sa.txt	8226
S_1_180	15_Sutta_SN_Sa.txt	8270
S_1_182	15_Sutta_SN_Sa.txt	8363
S_1_183	15_Sutta_SN_Sa.txt	8411
S_1_184	15_Sutta_SN_Sa.txt	8457
S_1_185	15_Sutta_SN_Sa.txt	8503
S_1_189	15_Sutta_SN_Sa.txt	8668
S_1_191	15_Sutta_SN_Sa.txt	8759
S_1_194	15_Sutta_SN_Sa.txt	8883
S_1_195	15_Sutta_SN_Sa.txt	8926
S_1_197	15_Sutta_SN_Sa.txt	9019
S_1_198	15_Sutta_SN_Sa.txt	9052
S_1_202	15_Sutta_SN_Sa.txt	9242
S_1_204	15_Sutta_SN_Sa.txt	9340
S_1_205	15_Sutta_SN_Sa.txt	9394
S_1_206	15_Sutta_SN_Sa.txt	9433
S_1_207	15_Sutta_SN_Sa.txt	9471
S_1_210	15_Sutta_SN_Sa.txt	9613
S_1_211	15_Sutta_SN_Sa.txt	9659
S_1_212	15_Sutta_SN_Sa.txt	9714
S_1_214	15_Sutta_SN_Sa.txt	9802
S_1_216	15_Sutta_SN_Sa.txt	9888
S_1_217	15_Sutta_SN_Sa.txt	9914
S_1_218	15_Sutta_SN_Sa.txt	9962
S_1_220	15_Sutta_SN_Sa.txt	10048
S_1_221	15_Sutta_SN_Sa.txt	10083
S_1_222	15_Sutta_SN_Sa.txt	10137
S_1_223	15_Sutta_SN_Sa.txt	10182
S_1_225	15_Sutta_SN_Sa.txt	10269
S_1_226	15_Sutta_SN_Sa.txt	10316
S_1_228	15_Sutta_SN_Sa.txt	10433
S_1_229	15_Sutta_SN_Sa.txt	10488
S_1_231	15_Sutta_SN_Sa.txt	10570
S_1_232	15_Sutta_SN_Sa.txt	10622
S_1_233	15_Sutta_SN_Sa.txt	10662
S_1_234	15_Sutta_SN_Sa.txt	10712
S_1_235	15_Sutta_SN_Sa.txt	10763
S_1_236	15_Sutta_SN_Sa.txt	10804
S_1_237	15_Sutta_SN_Sa.txt	10863
S_1_238	15_Sutta_SN_Sa.txt	10902
S_1_239	15_Sutta_SN_Sa.txt	10942
S_2_3	16_Sutta_SN_Ni.txt	69
S_2_4	16_Sutta_SN_Ni.txt	121
S_2_5	16_Sutta_SN_Ni.txt	163
S_2_6	16_Sutta_SN_Ni.txt	199
S_2_7	16_Sutta_SN_Ni.txt	233
S_2_8	16_Sutta_SN_Ni.txt	269
S_2_10	16_Sutta_SN_Ni.txt	340
S_2_11	16_Sutta_SN_Ni.txt	374
S_2_13	16_Sutta_SN_Ni.txt	455
S_2_14	16_Sutta_SN_Ni.txt	495
S_2_15	16_Sutta_SN_Ni.txt	539
S_2_16	16_Sutta_SN_Ni.txt	586
S_2_17	16_Sutta_SN_Ni.txt	617
S_2_18	16_Sutta_SN_Ni.txt	653
S_2_19	16_Sutta_SN_Ni.txt	690
S_2_20	16_Sutta_SN_Ni.txt	724
S_2_21	16_Sutta_SN_Ni.txt	759
S_2_23	16_Sutta_SN_Ni.txt	829
S_2_24	16_Sutta_SN_Ni.txt	867
S_2_25	16_Sutta_SN_Ni.txt	902
S_2_26	16_Sutta_SN_Ni.txt	941
S_2_27	16_Sutta_SN_Ni.txt	979
S_2_28	16_Sutta_SN_Ni.txt	1011
S_2_29	16_Sutta_SN_Ni.txt	1049
S_2_30	16_Sutta_SN_Ni.txt	1087
S_2_31	16_Sutta_SN_Ni.txt	1128
S_2_32	16_Sutta_SN_Ni.txt	1164
S_2_33	16_Sutta_SN_Ni.txt	1192
S_2_34	16_Sutta_SN_Ni.txt	1227
S_2_35	16_Sutta_SN_Ni.txt	1266
S_2_36	16_Sutta_SN_Ni.txt	1302
S_2_37	16_Sutta_SN_Ni.txt	1343
S_2_39	16_Sutta_SN_Ni.txt	1418
S_2_41	16_Sutta_SN_Ni.txt	1491
S_2_42	16_Sutta_SN_Ni.txt	1531
S_2_44	16_Sutta_SN_Ni.txt	1592
S_2_45	16_Sutta_SN_Ni.txt	1638
S_2_46	16_Sutta_SN_Ni.txt	1674
S_2_49	16_Sutta_SN_Ni.txt	1782
S_2_50	16_Sutta_SN_Ni.txt	1815
S_2_53	16_Sutta_SN_Ni.txt	1921
S_2_55	16_Sutta_SN_Ni.txt	1996
S_2_57	16_Sutta_SN_Ni.txt	2077
S_2_58	16_Sutta_SN_Ni.txt	2115
S_2_59	16_Sutta_SN_Ni.txt	2150
S_2_60	16_Sutta_SN_Ni.txt	2191
S_2_61	16_Sutta_SN_Ni.txt	2231
S_2_62	16_Sutta_SN_Ni.txt	2274
S_2_63	16_Sutta_SN_Ni.txt	2313
S_2_64	16_Sutta_SN_Ni.txt	2349
S_2_65	16_Sutta_SN_Ni.txt	2393
S_2_66	16_Sutta_SN_Ni.txt	2428
S_2_69	16_Sutta_SN_Ni.txt	2533
S_2_70	16_Sutta_SN_Ni.txt	2567
S_2_75	16_Sutta_SN_Ni.txt	2750
S_2_79	16_Sutta_SN_Ni.txt	2912
S_2_80	16_Sutta_SN_Ni.txt	2955
S_2_81	16_Sutta_SN_Ni.txt	2992
S_2_82	16_Sutta_SN_Ni.txt	3041
S_2_83	16_Sutta_SN_Ni.txt	3078
S_2_84	16_Sutta_SN_Ni.txt	3107
S_2_85	16_Sutta_SN_Ni.txt	3134
S_2_86	16_Sutta_SN_Ni.txt	3164
S_2_87	16_Sutta_SN_Ni.txt	3204
S_2_88	16_Sutta_SN_Ni.txt	3246
S_2_89	16_Sutta_SN_Ni.txt	3282
S_2_90	16_Sutta_SN_Ni.txt	3326
S_2_91	16_Sutta_SN_Ni.txt	3355
S_2_92	16_Sutta_SN_Ni.txt	3398
S_2_93	16_Sutta_SN_Ni.txt	3434
S_2_95	16_Sutta_SN_Ni.txt	3515
S_2_97	16_Sutta_SN_Ni.txt	3587
S_2_99	16_Sutta_SN_Ni.txt	3658
S_2_100	16_Sutta_SN_Ni.txt	3698
S_2_101	16_Sutta_SN_Ni.txt	3731
S_2_103	16_Sutta_SN_Ni.txt	3799
S_2_104	16_Sutta_SN_Ni.txt	3832
S_2_105	16_Sutta_SN_Ni.txt	3874
S_2_106	16_Sutta_SN_Ni.txt	3918
S_2_108	16_Sutta_SN_Ni.txt	3989
S_2_109	16_Sutta_SN_Ni.txt	4030
S_2_110	16_Sutta_SN_Ni.txt	4062
S_2_111	16_Sutta_SN_Ni.txt	4098
S_2_112	16_Sutta_SN_Ni.txt	4126
S_2_113	16_Sutta_SN_Ni.txt	4166
S_2_114	16_Sutta_SN_Ni.txt	4199
S_2_115	16_Sutta_SN_Ni.txt	4240
S_2_116	16_Sutta_SN_Ni.txt	4274
S_2_117	16_Sutta_SN_Ni.txt	4311
S_2_120	16_Sutta_SN_Ni.txt	4442
S_2_121	16_Sutta_SN_Ni.txt	4476
S_2_123	16_Sutta_SN_Ni.txt	4550
S_2_124	16_Sutta_SN_Ni.txt	4579
S_2_125	16_Sutta_SN_Ni.txt	4621
S_2_126	16_Sutta_SN_Ni.txt	4666
S_2_128	16_Sutta_SN_Ni.txt	4765
S_2_130	16_Sutta_SN_Ni.txt	4836
S_2_132	16_Sutta_SN_Ni.txt	4911
S_2_133	16_Sutta_SN_Ni.txt	4923
S_2_134	16_Sutta_SN_Ni.txt	4961
S_2_138	16_Sutta_SN_Ni.txt	5113
S_2_141	16_Sutta_SN_Ni.txt	5210
S_2_143	16_Sutta_SN_Ni.txt	5281
S_2_144	16_Sutta_SN_Ni.txt	5313
S_2_145	16_Sutta_SN_Ni.txt	5344
S_2_148	16_Sutta_SN_Ni.txt	5427
S_2_149	16_Sutta_SN_Ni.txt	5457
S_2_152	16_Sutta_SN_Ni.txt	5576
S_2_153	16_Sutta_SN_Ni.txt	5622
S_2_155	16_Sutta_SN_Ni.txt	5700
S_2_156	16_Sutta_SN_Ni.txt	5736
S_2_157	16_Sutta_SN_Ni.txt	5770
S_2_158	16_Sutta_SN_Ni.txt	5803
S_2_159	16_Sutta_SN_Ni.txt	5840
S_2_161	16_Sutta_SN_Ni.txt	5897
S_2_162	16_Sutta_SN_Ni.txt	5935
S_2_165	16_Sutta_SN_Ni.txt	6024
S_2_167	16_Sutta_SN_Ni.txt	6095
S_2_169	16_Sutta_SN_Ni.txt	6195
S_2_170	16_Sutta_SN_Ni.txt	6239
S_2_171	16_Sutta_SN_Ni.txt	6272
S_2_172	16_Sutta_SN_Ni.txt	6304
S_2_173	16_Sutta_SN_Ni.txt	6336
S_2_175	16_Sutta_SN_Ni.txt	6408
S_2_176	16_Sutta_SN_Ni.txt	6441
S_2_177	16_Sutta_SN_Ni.txt	6472
S_2_179	16_Sutta_SN_Ni.txt	6535
S_2_180	16_Sutta_SN_Ni.txt	6565
S_2_181	16_Sutta_SN_Ni.txt	6600
S_2_182	16_Sutta_SN_Ni.txt	6637
S_2_183	16_Sutta_SN_Ni.txt	6673
S_2_185	16_Sutta_SN_Ni.txt	6758
S_2_187	16_Sutta_SN_Ni.txt	6825
S_2_188	16_Sutta_SN_Ni.txt	6858
S_2_189	16_Sutta_SN_Ni.txt	6889
S_2_190	16_Sutta_SN_Ni.txt	6920
S_2_192	16_Sutta_SN_Ni.txt	6984
S_2_195	16_Sutta_SN_Ni.txt	7080
S_2_196	16_Sutta_SN_Ni.txt	7123
S_2_197	16_Sutta_SN_Ni.txt	7149
S_2_198	16_Sutta_SN_Ni.txt	7179
S_2_199	16_Sutta_SN_Ni.txt	7207
S_2_200	16_Sutta_SN_Ni.txt	7238
S_2_201	16_Sutta_SN_Ni.txt	7269
S_2_202	16_Sutta_SN_Ni.txt	7306
S_2_204	16_Sutta_SN_Ni.txt	7399
S_2_205	16_Sutta_SN_Ni.txt	7433
S_2_206	16_Sutta_SN_Ni.txt	7465
S_2_207	16_Sutta_SN_Ni.txt	7499
S_2_208	16_Sutta_SN_Ni.txt	7552
S_2_209	16_Sutta_SN_Ni.txt	7591
S_2_210	16_Sutta_SN_Ni.txt	7629
S_2_211	16_Sutta_SN_Ni.txt	7651
S_2_212	16_Sutta_SN_Ni.txt	7704
S_2_213	16_Sutta_SN_Ni.txt	7749
S_2_215	16_Sutta_SN_Ni.txt	7832
S_2_216	16_Sutta_SN_Ni.txt	7863
S_2_217	16_Sutta_SN_Ni.txt	7895
S_2_218	16_Sutta_SN_Ni.txt	7927
S_2_219	16_Sutta_SN_Ni.txt	7959
S_2_221	16_Sutta_SN_Ni.txt	8029
S_2_223	16_Sutta_SN_Ni.txt	8094
S_2_225	16_Sutta_SN_Ni.txt	8168
S_2_226	16_Sutta_SN_Ni.txt	8207
S_2_227	16_Sutta_SN_Ni.txt	8243
S_2_228	16_Sutta_SN_Ni.txt	8282
S_2_229	16_Sutta_SN_Ni.txt	8315
S_2_230	16_Sutta_SN_Ni.txt	8345
S_2_231	16_Sutta_SN_Ni.txt	8381
S_2_232	16_Sutta_SN_Ni.txt	8417
S_2_233	16_Sutta_SN_Ni.txt	8455
S_2_234	16_Sutta_SN_Ni.txt	8482
S_2_235	16_Sutta_SN_Ni.txt	8525
S_2_236	16_Sutta_SN_Ni.txt	8562
S_2_237	16_Sutta_SN_Ni.txt	8594
S_2_239	16_Sutta_SN_Ni.txt	8656
S_2_240	16_Sutta_SN_Ni.txt	8693
S_2_241	16_Sutta_SN_Ni.txt	8729
S_2_242	16_Sutta_SN_Ni.txt	8776
S_2_243	16_Sutta_SN_Ni.txt	8814
S_2_244	16_Sutta_SN_Ni.txt	8842
S_2_245	16_Sutta_SN_Ni.txt	8878
S_2_246	16_Sutta_SN_Ni.txt	8913
S_2_247	16_Sutta_SN_Ni.txt	8961
S_2_250	16_Sutta_SN_Ni.txt	9076
S_2_251	16_Sutta_SN_Ni.txt	9106
S_2_252	16_Sutta_SN_Ni.txt	9157
S_2_253	16_Sutta_SN_Ni.txt	9191
S_2_255	16_Sutta_SN_Ni.txt	9264
S_2_256	16_Sutta_SN_Ni.txt	9303
S_2_257	16_Sutta_SN_Ni.txt	9333
S_2_258	16_Sutta_SN_Ni.txt	9364
S_2_259	16_Sutta_SN_Ni.txt	9404
S_2_260	16_Sutta_SN_Ni.txt	9430
S_2_261	16_Sutta_SN_Ni.txt	9460
S_2_262	16_Sutta_SN_Ni.txt	9497
S_2_263	16_Sutta_SN_Ni.txt	9543
S_2_264	16_Sutta_SN_Ni.txt	9570
S_2_265	16_Sutta_SN_Ni.txt	9606
S_2_266	16_Sutta_SN_Ni.txt	9633
S_2_267	16_Sutta_SN_Ni.txt	9669
S_2_268	16_Sutta_SN_Ni.txt	9704
S_2_269	16_Sutta_SN_Ni.txt	9741
S_2_270	16_Sutta_SN_Ni.txt	9780
S_2_271	16_Sutta_SN_Ni.txt	9815
S_2_272	16_Sutta_SN_Ni.txt	9851
S_2_273	16_Sutta_SN_Ni.txt	9893
S_2_274	16_Sutta_SN_Ni.txt	9926
S_2_275	16_Sutta_SN_Ni.txt	9954
S_2_276	16_Sutta_SN_Ni.txt	9991
S_2_277	16_Sutta_SN_Ni.txt	10027
S_2_278	16_Sutta_SN_Ni.txt	10067
S_2_280	16_Sutta_SN_Ni.txt	10144
S_2_283	16_Sutta_SN_Ni.txt	10255
S_2_284	16_Sutta_SN_Ni.txt	10301
S_3_2	17_Sutta_SN_Kha.txt	33
S_3_6	17_Sutta_SN_Kha.txt	196
S_3_7	17_Sutta_SN_Kha.txt	229
S_3_8	17_Sutta_SN_Kha.txt	277
S_3_9	17_Sutta_SN_Kha.txt	319
S_3_10	17_Sutta_SN_Kha.txt	356
S_3_11	17_Sutta_SN_Kha.txt	412
S_3_12	17_Sutta_SN_Kha.txt	458
S_3_13	17_Sutta_SN_Kha.txt	507
S_3_16	17_Sutta_SN_Kha.txt	621
S_3_17	17_Sutta_SN_Kha.txt	658
S_3_18	17_Sutta_SN_Kha.txt	689
S_3_19	17_Sutta_SN_Kha.txt	722
S_3_20	17_Sutta_SN_Kha.txt	758
S_3_21	17_Sutta_SN_Kha.txt	793
S_3_22	17_Sutta_SN_Kha.txt	838
S_3_24	17_Sutta_SN_Kha.txt	895
S_3_25	17_Sutta_SN_Kha.txt	923
S_3_26	17_Sutta_SN_Kha.txt	967
S_3_27	17_Sutta_SN_Kha.txt	1000
S_3_28	17_Sutta_SN_Kha.txt	1043
S_3_29	17_Sutta_SN_Kha.txt	1086
S_3_30	17_Sutta_SN_Kha.txt	1117
S_3_31	17_Sutta_SN_Kha.txt	1158
S_3_32	17_Sutta_SN_Kha.txt	1192
S_3_35	17_Sutta_SN_Kha.txt	1288
S_3_36	17_Sutta_SN_Kha.txt	1335
S_3_37	17_Sutta_SN_Kha.txt	1365
S_3_38	17_Sutta_SN_Kha.txt	1403
S_3_39	17_Sutta_SN_Kha.txt	1443
S_3_40	17_Sutta_SN_Kha.txt	1494
S_3_43	17_Sutta_SN_Kha.txt	1638
S_3_44	17_Sutta_SN_Kha.txt	1676
S_3_45	17_Sutta_SN_Kha.txt	1711
S_3_47	17_Sutta_SN_Kha.txt	1775
S_3_48	17_Sutta_SN_Kha.txt	1812
S_3_49	17_Sutta_SN_Kha.txt	1849
S_3_50	17_Sutta_SN_Kha.txt	1885
S_3_51	17_Sutta_SN_Kha.txt	1925
S_3_52	17_Sutta_SN_Kha.txt	1956
S_3_54	17_Sutta_SN_Kha.txt	2017
S_3_55	17_Sutta_SN_Kha.txt	2042
S_3_57	17_Sutta_SN_Kha.txt	2117
S_3_59	17_Sutta_SN_Kha.txt	2194
S_3_60	17_Sutta_SN_Kha.txt	2238
S_3_61	17_Sutta_SN_Kha.txt	2285
S_3_62	17_Sutta_SN_Kha.txt	2326
S_3_63	17_Sutta_SN_Kha.txt	2363
S_3_64	17_Sutta_SN_Kha.txt	2412
S_3_65	17_Sutta_SN_Kha.txt	2450
S_3_66	17_Sutta_SN_Kha.txt	2486
S_3_67	17_Sutta_SN_Kha.txt	2525
S_3_68	17_Sutta_SN_Kha.txt	2568
S_3_69	17_Sutta_SN_Kha.txt	2612
S_3_70	17_Sutta_SN_Kha.txt	2636
S_3_71	17_Sutta_SN_Kha.txt	2686
S_3_72	17_Sutta_SN_Kha.txt	2716
S_3_73	17_Sutta_SN_Kha.txt	2755
S_3_74	17_Sutta_SN_Kha.txt	2793
S_3_75	17_Sutta_SN_Kha.txt	2833
S_3_76	17_Sutta_SN_Kha.txt	2875
S_3_78	17_Sutta_SN_Kha.txt	2948
S_3_79	17_Sutta_SN_Kha.txt	2980
S_3_80	17_Sutta_SN_Kha.txt	3019
S_3_81	17_Sutta_SN_Kha.txt	3055
S_3_82	17_Sutta_SN_Kha.txt	3090
S_3_83	17_Sutta_SN_Kha.txt	3123
S_3_85	17_Sutta_SN_Kha.txt	3206
S_3_86	17_Sutta_SN_Kha.txt	3246
S_3_87	17_Sutta_SN_Kha.txt	3290
S_3_88	17_Sutta_SN_Kha.txt	3343
S_3_90	17_Sutta_SN_Kha.txt	3413
S_3_92	17_Sutta_SN_Kha.txt	3495
S_3_93	17_Sutta_SN_Kha.txt	3527
S_3_94	17_Sutta_SN_Kha.txt	3576
S_3_95	17_Sutta_SN_Kha.txt	3618
S_3_96	17_Sutta_SN_Kha.txt	3655
S_3_97	17_Sutta_SN_Kha.txt	3685
S_3_99	17_Sutta_SN_Kha.txt	3772
S_3_100	17_Sutta_SN_Kha.txt	3811
S_3_101	17_Sutta_SN_Kha.txt	3852
S_3_102	17_Sutta_SN_Kha.txt	3907
S_3_103	17_Sutta_SN_Kha.txt	3959
S_3_104	17_Sutta_SN_Kha.txt	4005
S_3_105	17_Sutta_SN_Kha.txt	4053
S_3_106	17_Sutta_SN_Kha.txt	4085
S_3_107	17_Sutta_SN_Kha.txt	4123
S_3_108	17_Sutta_SN_Kha.txt	4165
S_3_109	17_Sutta_SN_Kha.txt	4202
S_3_110	17_Sutta_SN_Kha.txt	4235
S_3_111	17_Sutta_SN_Kha.txt	4270
S_3_112	17_Sutta_SN_Kha.txt	4328
S_3_113	17_Sutta_SN_Kha.txt	4369
S_3_115	17_Sutta_SN_Kha.txt	4444
S_3_116	17_Sutta_SN_Kha.txt	4486
S_3_117	17_Sutta_SN_Kha.txt	4518
S_3_119	17_Sutta_SN_Kha.txt	4612
S_3_120	17_Sutta_SN_Kha.txt	4645
S_3_121	17_Sutta_SN_Kha.txt	4678
S_3_122	17_Sutta_SN_Kha.txt	4724
S_3_124	17_Sutta_SN_Kha.txt	4809
S_3_125	17_Sutta_SN_Kha.txt	4851
S_3_126	17_Sutta_SN_Kha.txt	4887
S_3_127	17_Sutta_SN_Kha.txt	4928
S_3_128	17_Sutta_SN_Kha.txt	4969
S_3_129	17_Sutta_SN_Kha.txt	5017
S_3_131	17_Sutta_SN_Kha.txt	5110
S_3_132	17_Sutta_SN_Kha.txt	5148
S_3_133	17_Sutta_SN_Kha.txt	5187
S_3_134	17_Sutta_SN_Kha.txt	5236
S_3_135	17_Sutta_SN_Kha.txt	5266
S_3_136	17_Sutta_SN_Kha.txt	5300
S_3_137	17_Sutta_SN_Kha.txt	5336
S_3_138	17_Sutta_SN_Kha.txt	5372
S_3_139	17_Sutta_SN_Kha.txt	5405
S_3_140	17_Sutta_SN_Kha.txt	5434
S_3_141	17_Sutta_SN_Kha.txt	5471
S_3_142	17_Sutta_SN_Kha.txt	5520
S_3_144	17_Sutta_SN_Kha.txt	5606
S_3_145	17_Sutta_SN_Kha.txt	5647
S_3_147	17_Sutta_SN_Kha.txt	5716
S_3_148	17_Sutta_SN_Kha.txt	5755
S_3_149	17_Sutta_SN_Kha.txt	5790
S_3_150	17_Sutta_SN_Kha.txt	5819
S_3_151	17_Sutta_SN_Kha.txt	5874
S_3_152	17_Sutta_SN_Kha.txt	5909
S_3_153	17_Sutta_SN_Kha.txt	5946
S_3_154	17_Sutta_SN_Kha.txt	5998
S_3_155	17_Sutta_SN_Kha.txt	6044
S_3_156	17_Sutta_SN_Kha.txt	6078
S_3_157	17_Sutta_SN_Kha.txt	6140
S_3_158	17_Sutta_SN_Kha.txt	6181
S_3_159	17_Sutta_SN_Kha.txt	6247
S_3_160	17_Sutta_SN_Kha.txt	6300
S_3_161	17_Sutta_SN_Kha.txt	6361
S_3_162	17_Sutta_SN_Kha.txt	6393
S_3_163	17_Sutta_SN_Kha.txt	6430
S_3_164	17_Sutta_SN_Kha.txt	6463
S_3_165	17_Sutta_SN_Kha.txt	6500
S_3_166	17_Sutta_SN_Kha.txt	6533
S_3_167	17_Sutta_SN_Kha.txt	6564
S_3_168	17_Sutta_SN_Kha.txt	6607
S_3_170	17_Sutta_SN_Kha.txt	6736
S_3_171	17_Sutta_SN_Kha.txt	6779
S_3_172	17_Sutta_SN_Kha.txt	6809
S_3_173	17_Sutta_SN_Kha.txt	6855
S_3_174	17_Sutta_SN_Kha.txt	6888
S_3_175	17_Sutta_SN_Kha.txt	6928
S_3_176	17_Sutta_SN_Kha.txt	6964
S_3_177	17_Sutta_SN_Kha.txt	7004
S_3_178	17_Sutta_SN_Kha.txt	7037
S_3_179	17_Sutta_SN_Kha.txt	7084
S_3_181	17_Sutta_SN_Kha.txt	7179
S_3_182	17_Sutta_SN_Kha.txt	7205
S_3_183	17_Sutta_SN_Kha.txt	7239
S_3_184	17_Sutta_SN_Kha.txt	7273
S_3_185	17_Sutta_SN_Kha.txt	7313
S_3_186	17_Sutta_SN_Kha.txt	7349
S_3_187	17_Sutta_SN_Kha.txt	7394
S_3_188	17_Sutta_SN_Kha.txt	7452
S_3_189	17_Sutta_SN_Kha.txt	7501
S_3_190	17_Sutta_SN_Kha.txt	7544
S_3_191	17_Sutta_SN_Kha.txt	7580
S_3_192	17_Sutta_SN_Kha.txt	7636
S_3_194	17_Sutta_SN_Kha.txt	7714
S_3_195	17_Sutta_SN_Kha.txt	7753
S_3_196	17_Sutta_SN_Kha.txt	7790
S_3_197	17_Sutta_SN_Kha.txt	7821
S_3_199	17_Sutta_SN_Kha.txt	7908
S_3_201	17_Sutta_SN_Kha.txt	8018
S_3_203	17_Sutta_SN_Kha.txt	8115
S_3_204	17_Sutta_SN_Kha.txt	8149
S_3_206	17_Sutta_SN_Kha.txt	8241
S_3_207	17_Sutta_SN_Kha.txt	8291
S_3_208	17_Sutta_SN_Kha.txt	8332
S_3_209	17_Sutta_SN_Kha.txt	8358
S_3_210	17_Sutta_SN_Kha.txt	8414
S_3_212	17_Sutta_SN_Kha.txt	8498
S_3_213	17_Sutta_SN_Kha.txt	8532
S_3_214	17_Sutta_SN_Kha.txt	8582
S_3_215	17_Sutta_SN_Kha.txt	8624
S_3_216	17_Sutta_SN_Kha.txt	8658
S_3_217	17_Sutta_SN_Kha.txt	8713
S_3_219	17_Sutta_SN_Kha.txt	8799
S_3_220	17_Sutta_SN_Kha.txt	8849
S_3_221	17_Sutta_SN_Kha.txt	8894
S_3_222	17_Sutta_SN_Kha.txt	8962
S_3_224	17_Sutta_SN_Kha.txt	9064
S_3_226	17_Sutta_SN_Kha.txt	9142
S_3_227	17_Sutta_SN_Kha.txt	9194
S_3_228	17_Sutta_SN_Kha.txt	9246
S_3_229	17_Sutta_SN_Kha.txt	9282
S_3_230	17_Sutta_SN_Kha.txt	9336
S_3_231	17_Sutta_SN_Kha.txt	9397
S_3_232	17_Sutta_SN_Kha.txt	9455
S_3_233	17_Sutta_SN_Kha.txt	9473
S_3_237	17_Sutta_SN_Kha.txt	9619
S_3_238	17_Sutta_SN_Kha.txt	9671
S_3_239	17_Sutta_SN_Kha.txt	9720
S_3_240	17_Sutta_SN_Kha.txt	9753
S_3_241	17_Sutta_SN_Kha.txt	9786
S_3_242	17_Sutta_SN_Kha.txt	9829
S_3_244	17_Sutta_SN_Kha.txt	9892
S_3_247	17_Sutta_SN_Kha.txt	9971
S_3_248	17_Sutta_SN_Kha.txt	10010
S_3_249	17_Sutta_SN_Kha.txt	10045
S_3_251	17_Sutta_SN_Kha.txt	10120
S_3_252	17_Sutta_SN_Kha.txt	10172
S_3_253	17_Sutta_SN_Kha.txt	10206
S_3_254	17_Sutta_SN_Kha.txt	10238
S_3_255	17_Sutta_SN_Kha.txt	10275
S_3_256	17_Sutta_SN_Kha.txt	10322
S_3_258	17_Sutta_SN_Kha.txt	10386
S_3_260	17_Sutta_SN_Kha.txt	10457
S_3_261	17_Sutta_SN_Kha.txt	10484
S_3_262	17_Sutta_SN_Kha.txt	10550
S_3_263	17_Sutta_SN_Kha.txt	10597
S_3_265	17_Sutta_SN_Kha.txt	10664
S_3_266	17_Sutta_SN_Kha.txt	10702
S_3_267	17_Sutta_SN_Kha.txt	10745
S_3_270	17_Sutta_SN_Kha.txt	10853
S_3_271	17_Sutta_SN_Kha.txt	10888
S_3_273	17_Sutta_SN_Kha.txt	10961
S_3_274	17_Sutta_SN_Kha.txt	10977
S_3_275	17_Sutta_SN_Kha.txt	10984
S_3_276	17_Sutta_SN_Kha.txt	11002
S_3_277	17_Sutta_SN_Kha.txt	11019
S_4_2	18_Sutta_SN_Sala.txt	29
S_4_3	18_Sutta_SN_Sala.txt	69
S_4_4	18_Sutta_SN_Sala.txt	103
S_4_5	18_Sutta_SN_Sala.txt	143
S_4_6	18_Sutta_SN_Sala.txt	180
S_4_8	18_Sutta_SN_Sala.txt	237
S_4_9	18_Sutta_SN_Sala.txt	280
S_4_10	18_Sutta_SN_Sala.txt	321
S_4_11	18_Sutta_SN_Sala.txt	358
S_4_12	18_Sutta_SN_Sala.txt	386
S_4_13	18_Sutta_SN_Sala.txt	420
S_4_14	18_Sutta_SN_Sala.txt	458
S_4_16	18_Sutta_SN_Sala.txt	535
S_4_17	18_Sutta_SN_Sala.txt	575
S_4_18	18_Sutta_SN_Sala.txt	618
S_4_19	18_Sutta_SN_Sala.txt	647
S_4_20	18_Sutta_SN_Sala.txt	684
S_4_21	18_Sutta_SN_Sala.txt	721
S_4_22	18_Sutta_SN_Sala.txt	753
S_4_23	18_Sutta_SN_Sala.txt	789
S_4_24	18_Sutta_SN_Sala.txt	819
S_4_25	18_Sutta_SN_Sala.txt	854
S_4_26	18_Sutta_SN_Sala.txt	885
S_4_27	18_Sutta_SN_Sala.txt	919
S_4_28	18_Sutta_SN_Sala.txt	958
S_4_29	18_Sutta_SN_Sala.txt	1017
S_4_30	18_Sutta_SN_Sala.txt	1048
S_4_32	18_Sutta_SN_Sala.txt	1131
S_4_33	18_Sutta_SN_Sala.txt	1174
S_4_34	18_Sutta_SN_Sala.txt	1214
S_4_35	18_Sutta_SN_Sala.txt	1248
S_4_36	18_Sutta_SN_Sala.txt	1288
S_4_37	18_Sutta_SN_Sala.txt	1323
S_4_39	18_Sutta_SN_Sala.txt	1404
S_4_40	18_Sutta_SN_Sala.txt	1444
S_4_41	18_Sutta_SN_Sala.txt	1478
S_4_43	18_Sutta_SN_Sala.txt	1564
S_4_44	18_Sutta_SN_Sala.txt	1605
S_4_45	18_Sutta_SN_Sala.txt	1638
S_4_47	18_Sutta_SN_Sala.txt	1713
S_4_49	18_Sutta_SN_Sala.txt	1832
S_4_50	18_Sutta_SN_Sala.txt	1877
S_4_51	18_Sutta_SN_Sala.txt	1922
S_4_52	18_Sutta_SN_Sala.txt	1953
S_4_53	18_Sutta_SN_Sala.txt	2003
S_4_54	18_Sutta_SN_Sala.txt	2042
S_4_55	18_Sutta_SN_Sala.txt	2071
S_4_56	18_Sutta_SN_Sala.txt	2110
S_4_60	18_Sutta_SN_Sala.txt	2266
S_4_61	18_Sutta_SN_Sala.txt	2305
S_4_62	18_Sutta_SN_Sala.txt	2362
S_4_63	18_Sutta_SN_Sala.txt	2397
S_4_64	18_Sutta_SN_Sala.txt	2430
S_4_65	18_Sutta_SN_Sala.txt	2471
S_4_66	18_Sutta_SN_Sala.txt	2508
S_4_68	18_Sutta_SN_Sala.txt	2580
S_4_69	18_Sutta_SN_Sala.txt	2623
S_4_70	18_Sutta_SN_Sala.txt	2674
S_4_72	18_Sutta_SN_Sala.txt	2735
S_4_73	18_Sutta_SN_Sala.txt	2775
S_4_76	18_Sutta_SN_Sala.txt	2939
S_4_77	18_Sutta_SN_Sala.txt	2983
S_4_78	18_Sutta_SN_Sala.txt	3019
S_4_79	18_Sutta_SN_Sala.txt	3049
S_4_80	18_Sutta_SN_Sala.txt	3089
S_4_81	18_Sutta_SN_Sala.txt	3118
S_4_83	18_Sutta_SN_Sala.txt	3197
S_4_84	18_Sutta_SN_Sala.txt	3226
S_4_86	18_Sutta_SN_Sala.txt	3301
S_4_87	18_Sutta_SN_Sala.txt	3346
S_4_88	18_Sutta_SN_Sala.txt	3395
S_4_89	18_Sutta_SN_Sala.txt	3433
S_4_90	18_Sutta_SN_Sala.txt	3461
S_4_92	18_Sutta_SN_Sala.txt	3542
S_4_93	18_Sutta_SN_Sala.txt	3594
S_4_94	18_Sutta_SN_Sala.txt	3628
S_4_97	18_Sutta_SN_Sala.txt	3751
S_4_98	18_Sutta_SN_Sala.txt	3785
S_4_99	18_Sutta_SN_Sala.txt	3823
S_4_101	18_Sutta_SN_Sala.txt	3914
S_4_102	18_Sutta_SN_Sala.txt	3959
S_4_103	18_Sutta_SN_Sala.txt	4005
S_4_105	18_Sutta_SN_Sala.txt	4098
S_4_106	18_Sutta_SN_Sala.txt	4134
S_4_107	18_Sutta_SN_Sala.txt	4164
S_4_108	18_Sutta_SN_Sala.txt	4209
S_4_110	18_Sutta_SN_Sala.txt	4289
S_4_112	18_Sutta_SN_Sala.txt	4359
S_4_115	18_Sutta_SN_Sala.txt	4478
S_4_116	18_Sutta_SN_Sala.txt	4500
S_4_117	18_Sutta_SN_Sala.txt	4559
S_4_119	18_Sutta_SN_Sala.txt	4617
S_4_121	18_Sutta_SN_Sala.txt	4688
S_4_122	18_Sutta_SN_Sala.txt	4722
S_4_123	18_Sutta_SN_Sala.txt	4768
S_4_124	18_Sutta_SN_Sala.txt	4796
S_4_125	18_Sutta_SN_Sala.txt	4836
S_4_126	18_Sutta_SN_Sala.txt	4878
S_4_129	18_Sutta_SN_Sala.txt	5005
S_4_130	18_Sutta_SN_Sala.txt	5039
S_4_131	18_Sutta_SN_Sala.txt	5068
S_4_133	18_Sutta_SN_Sala.txt	5149
S_4_134	18_Sutta_SN_Sala.txt	5189
S_4_135	18_Sutta_SN_Sala.txt	5226
S_4_137	18_Sutta_SN_Sala.txt	5299
S_4_138	18_Sutta_SN_Sala.txt	5340
S_4_139	18_Sutta_SN_Sala.txt	5380
S_4_140	18_Sutta_SN_Sala.txt	5450
S_4_141	18_Sutta_SN_Sala.txt	5492
S_4_143	18_Sutta_SN_Sala.txt	5571
S_4_144	18_Sutta_SN_Sala.txt	5603
S_4_145	18_Sutta_SN_Sala.txt	5640
S_4_146	18_Sutta_SN_Sala.txt	5680
S_4_147	18_Sutta_SN_Sala.txt	5718
S_4_148	18_Sutta_SN_Sala.txt	5756
S_4_149	18_Sutta_SN_Sala.txt	5797
S_4_150	18_Sutta_SN_Sala.txt	5831
S_4_151	18_Sutta_SN_Sala.txt	5898
S_4_152	18_Sutta_SN_Sala.txt	5944
S_4_153	18_Sutta_SN_Sala.txt	5985
S_4_154	18_Sutta_SN_Sala.txt	6029
S_4_155	18_Sutta_SN_Sala.txt	6075
S_4_156	18_Sutta_SN_Sala.txt	6112
S_4_158	18_Sutta_SN_Sala.txt	6171
S_4_159	18_Sutta_SN_Sala.txt	6206
S_4_160	18_Sutta_SN_Sala.txt	6255
S_4_161	18_Sutta_SN_Sala.txt	6298
S_4_163	18_Sutta_SN_Sala.txt	6385
S_4_164	18_Sutta_SN_Sala.txt	6419
S_4_165	18_Sutta_SN_Sala.txt	6462
S_4_166	18_Sutta_SN_Sala.txt	6498
S_4_170	18_Sutta_SN_Sala.txt	6646
S_4_173	18_Sutta_SN_Sala.txt	6763
S_4_174	18_Sutta_SN_Sala.txt	6805
S_4_175	18_Sutta_SN_Sala.txt	6845
S_4_176	18_Sutta_SN_Sala.txt	6884
S_4_177	18_Sutta_SN_Sala.txt	6915
S_4_178	18_Sutta_SN_Sala.txt	6947
S_4_179	18_Sutta_SN_Sala.txt	6987
S_4_180	18_Sutta_SN_Sala.txt	7015
S_4_181	18_Sutta_SN_Sala.txt	7049
S_4_182	18_Sutta_SN_Sala.txt	7085
S_4_183	18_Sutta_SN_Sala.txt	7113
S_4_184	18_Sutta_SN_Sala.txt	7142
S_4_185	18_Sutta_SN_Sala.txt	7170
S_4_186	18_Sutta_SN_Sala.txt	7209
S_4_189	18_Sutta_SN_Sala.txt	7319
S_4_190	18_Sutta_SN_Sala.txt	7361
S_4_191	18_Sutta_SN_Sala.txt	7407
S_4_192	18_Sutta_SN_Sala.txt	7441
S_4_193	18_Sutta_SN_Sala.txt	7477
S_4_194	18_Sutta_SN_Sala.txt	7522
S_4_195	18_Sutta_SN_Sala.txt	7565
S_4_196	18_Sutta_SN_Sala.txt	7605
S_4_197	18_Sutta_SN_Sala.txt	7639
S_4_198	18_Sutta_SN_Sala.txt	7680
S_4_199	18_Sutta_SN_Sala.txt	7730
S_4_200	18_Sutta_SN_Sala.txt	7767
S_4_201	18_Sutta_SN_Sala.txt	7804
S_4_202	18_Sutta_SN_Sala.txt	7840
S_4_203	18_Sutta_SN_Sala.txt	7884
S_4_205	18_Sutta_SN_Sala.txt	7972
S_4_208	18_Sutta_SN_Sala.txt	8085
S_4_209	18_Sutta_SN_Sala.txt	8124
S_4_210	18_Sutta_SN_Sala.txt	8159
S_4_211	18_Sutta_SN_Sala.txt	8189
S_4_212	18_Sutta_SN_Sala.txt	8239
S_4_213	18_Sutta_SN_Sala.txt	8275
S_4_214	18_Sutta_SN_Sala.txt	8320
S_4_215	18_Sutta_SN_Sala.txt	8379
S_4_218	18_Sutta_SN_Sala.txt	8479
S_4_219	18_Sutta_SN_Sala.txt	8523
S_4_220	18_Sutta_SN_Sala.txt	8560
S_4_221	18_Sutta_SN_Sala.txt	8606
S_4_222	18_Sutta_SN_Sala.txt	8644
S_4_223	18_Sutta_SN_Sala.txt	8687
S_4_226	18_Sutta_SN_Sala.txt	8805
S_4_227	18_Sutta_SN_Sala.txt	8848
S_4_228	18_Sutta_SN_Sala.txt	8896
S_4_229	18_Sutta_SN_Sala.txt	8932
S_4_231	18_Sutta_SN_Sala.txt	9017
S_4_232	18_Sutta_SN_Sala.txt	9058
S_4_234	18_Sutta_SN_Sala.txt	9140
S_4_235	18_Sutta_SN_Sala.txt	9185
S_4_236	18_Sutta_SN_Sala.txt	9231
S_4_237	18_Sutta_SN_Sala.txt	9272
S_4_239	18_Sutta_SN_Sala.txt	9352
S_4_240	18_Sutta_SN_Sala.txt	9398
S_4_241	18_Sutta_SN_Sala.txt	9424
S_4_242	18_Sutta_SN_Sala.txt	9462
S_4_243	18_Sutta_SN_Sala.txt	9505
S_4_244	18_Sutta_SN_Sala.txt	9547
S_4_245	18_Sutta_SN_Sala.txt	9562
S_4_246	18_Sutta_SN_Sala.txt	9608
S_4_247	18_Sutta_SN_Sala.txt	9642
S_4_248	18_Sutta_SN_Sala.txt	9681
S_4_249	18_Sutta_SN_Sala.txt	9720
S_4_250	18_Sutta_SN_Sala.txt	9755
S_4_253	18_Sutta_SN_Sala.txt	9842
S_4_254	18_Sutta_SN_Sala.txt	9874
S_4_255	18_Sutta_SN_Sala.txt	9906
S_4_256	18_Sutta_SN_Sala.txt	9960
S_4_257	18_Sutta_SN_Sala.txt	9990
S_4_258	18_Sutta_SN_Sala.txt	10018
S_4_261	18_Sutta_SN_Sala.txt	10119
S_4_263	18_Sutta_SN_Sala.txt	10183
S_4_264	18_Sutta_SN_Sala.txt	10220
S_4_265	18_Sutta_SN_Sala.txt	10249
S_4_266	18_Sutta_SN_Sala.txt	10282
S_4_267	18_Sutta_SN_Sala.txt	10313
S_4_268	18_Sutta_SN_Sala.txt	10347
S_4_269	18_Sutta_SN_Sala.txt	10380
S_4_270	18_Sutta_SN_Sala.txt	10404
S_4_271	18_Sutta_SN_Sala.txt	10444
S_4_272	18_Sutta_SN_Sala.txt	10478
S_4_273	18_Sutta_SN_Sala.txt	10510
S_4_274	18_Sutta_SN_Sala.txt	10552
S_4_275	18_Sutta_SN_Sala.txt	10592
S_4_276	18_Sutta_SN_Sala.txt	10628
S_4_278	18_Sutta_SN_Sala.txt	10716
S_4_279	18_Sutta_SN_Sala.txt	10752
S_4_280	18_Sutta_SN_Sala.txt	10796
S_4_282	18_Sutta_SN_Sala.txt	10859
S_4_284	18_Sutta_SN_Sala.txt	10939
S_4_285	18_Sutta_SN_Sala.txt	10973
S_4_287	18_Sutta_SN_Sala.txt	11047
S_4_288	18_Sutta_SN_Sala.txt	11090
S_4_289	18_Sutta_SN_Sala.txt	11129
S_4_290	18_Sutta_SN_Sala.txt	11164
S_4_291	18_Sutta_SN_Sala.txt	11197
S_4_292	18_Sutta_SN_Sala.txt	11228
S_4_293	18_Sutta_SN_Sala.txt	11260
S_4_294	18_Sutta_SN_Sala.txt	11298
S_4_295	18_Sutta_SN_Sala.txt	11339
S_4_296	18_Sutta_SN_Sala.txt	11378
S_4_297	18_Sutta_SN_Sala.txt	11424
S_4_299	18_Sutta_SN_Sala.txt	11501
S_4_301	18_Sutta_SN_Sala.txt	11575
S_4_302	18_Sutta_SN_Sala.txt	11605
S_4_304	18_Sutta_SN_Sala.txt	11677
S_4_306	18_Sutta_SN_Sala.txt	11752
S_4_307	18_Sutta_SN_Sala.txt	11791
S_4_308	18_Sutta_SN_Sala.txt	11827
S_4_309	18_Sutta_SN_Sala.txt	11868
S_4_310	18_Sutta_SN_Sala.txt	11909
S_4_311	18_Sutta_SN_Sala.txt	11937
S_4_313	18_Sutta_SN_Sala.txt	11991
S_4_314	18_Sutta_SN_Sala.txt	12028
S_4_315	18_Sutta_SN_Sala.txt	12073
S_4_316	18_Sutta_SN_Sala.txt	12100
S_4_317	18_Sutta_SN_Sala.txt	12143
S_4_318	18_Sutta_SN_Sala.txt	12180
S_4_319	18_Sutta_SN_Sala.txt	12219
S_4_320	18_Sutta_SN_Sala.txt	12262
S_4_322	18_Sutta_SN_Sala.txt	12346
S_4_323	18_Sutta_SN_Sala.txt	12375
S_4_324	18_Sutta_SN_Sala.txt	12414
S_4_326	18_Sutta_SN_Sala.txt	12489
S_4_327	18_Sutta_SN_Sala.txt	12527
S_4_328	18_Sutta_SN_Sala.txt	12559
S_4_329	18_Sutta_SN_Sala.txt	12586
S_4_330	18_Sutta_SN_Sala.txt	12620
S_4_331	18_Sutta_SN_Sala.txt	12654
S_4_332	18_Sutta_SN_Sala.txt	12684
S_4_334	18_Sutta_SN_Sala.txt	12749
S_4_336	18_Sutta_SN_Sala.txt	12839
S_4_337	18_Sutta_SN_Sala.txt	12874
S_4_338	18_Sutta_SN_Sala.txt	12903
S_4_339	18_Sutta_SN_Sala.txt	12952
S_4_341	18_Sutta_SN_Sala.txt	13010
S_4_342	18_Sutta_SN_Sala.txt	13040
S_4_343	18_Sutta_SN_Sala.txt	13074
S_4_344	18_Sutta_SN_Sala.txt	13107
S_4_345	18_Sutta_SN_Sala.txt	13137
S_4_346	18_Sutta_SN_Sala.txt	13174
S_4_347	18_Sutta_SN_Sala.txt	13213
S_4_350	18_Sutta_SN_Sala.txt	13305
S_4_351	18_Sutta_SN_Sala.txt	13333
S_4_352	18_Sutta_SN_Sala.txt	13365
S_4_353	18_Sutta_SN_Sala.txt	13406
S_4_354	18_Sutta_SN_Sala.txt	13441
S_4_357	18_Sutta_SN_Sala.txt	13542
S_4_358	18_Sutta_SN_Sala.txt	13577
S_4_360	18_Sutta_SN_Sala.txt	13645
S_4_361	18_Sutta_SN_Sala.txt	13682
S_4_362	18_Sutta_SN_Sala.txt	13730
S_4_364	18_Sutta_SN_Sala.txt	13795
S_4_365	18_Sutta_SN_Sala.txt	13830
S_4_366	18_Sutta_SN_Sala.txt	13862
S_4_367	18_Sutta_SN_Sala.txt	13895
S_4_368	18_Sutta_SN_Sala.txt	13928
S_4_369	18_Sutta_SN_Sala.txt	13955
S_4_370	18_Sutta_SN_Sala.txt	13979
S_4_371	18_Sutta_SN_Sala.txt	14017
S_4_372	18_Sutta_SN_Sala.txt	14055
S_4_373	18_Sutta_SN_Sala.txt	14089
S_4_375	18_Sutta_SN_Sala.txt	14160
S_4_376	18_Sutta_SN_Sala.txt	14201
S_4_377	18_Sutta_SN_Sala.txt	14232
S_4_379	18_Sutta_SN_Sala.txt	14326
S_4_380	18_Sutta_SN_Sala.txt	14363
S_4_381	18_Sutta_SN_Sala.txt	14399
S_4_382	18_Sutta_SN_Sala.txt	14433
S_4_384	18_Sutta_SN_Sala.txt	14523
S_4_385	18_Sutta_SN_Sala.txt	14555
S_4_386	18_Sutta_SN_Sala.txt	14592
S_4_387	18_Sutta_SN_Sala.txt	14630
S_4_388	18_Sutta_SN_Sala.txt	14672
S_4_389	18_Sutta_SN_Sala.txt	14703
S_4_390	18_Sutta_SN_Sala.txt	14742
S_4_391	18_Sutta_SN_Sala.txt	14778
S_4_392	18_Sutta_SN_Sala.txt	14804
S_4_393	18_Sutta_SN_Sala.txt	14830
S_4_394	18_Sutta_SN_Sala.txt	14876
S_4_395	18_Sutta_SN_Sala.txt	14916
S_4_396	18_Sutta_SN_Sala.txt	14961
S_4_397	18_Sutta_SN_Sala.txt	14995
S_4_398	18_Sutta_SN_Sala.txt	15034
S_4_399	18_Sutta_SN_Sala.txt	15057
S_4_400	18_Sutta_SN_Sala.txt	15087
S_4_401	18_Sutta_SN_Sala.txt	15125
S_4_402	18_Sutta_SN_Sala.txt	15150
S_5_1	19_Sutta_SN_Ma.txt	1
S_5_2	19_Sutta_SN_Ma.txt	27
S_5_3	19_Sutta_SN_Ma.txt	74
S_5_4	19_Sutta_SN_Ma.txt	113
S_5_5	19_Sutta_SN_Ma.txt	150
S_5_6	19_Sutta_SN_Ma.txt	211
S_5_7	19_Sutta_SN_Ma.txt	253
S_5_8	19_Sutta_SN_Ma.txt	301
S_5_9	19_Sutta_SN_Ma.txt	343
S_5_10	19_Sutta_SN_Ma.txt	389
S_5_11	19_Sutta_SN_Ma.txt	429
S_5_12	19_Sutta_SN_Ma.txt	469
S_5_13	19_Sutta_SN_Ma.txt	515
S_5_14	19_Sutta_SN_Ma.txt	550
S_5_15	19_Sutta_SN_Ma.txt	576
S_5_16	19_Sutta_SN_Ma.txt	615
S_5_17	19_Sutta_SN_Ma.txt	650
S_5_18	19_Sutta_SN_Ma.txt	697
S_5_19	19_Sutta_SN_Ma.txt	741
S_5_20	19_Sutta_SN_Ma.txt	780
S_5_21	19_Sutta_SN_Ma.txt	822
S_5_22	19_Sutta_SN_Ma.txt	862
S_5_24	19_Sutta_SN_Ma.txt	956
S_5_25	19_Sutta_SN_Ma.txt	1002
S_5_27	19_Sutta_SN_Ma.txt	1095
S_5_29	19_Sutta_SN_Ma.txt	1170
S_5_30	19_Sutta_SN_Ma.txt	1216
S_5_31	19_Sutta_SN_Ma.txt	1257
S_5_32	19_Sutta_SN_Ma.txt	1301
S_5_33	19_Sutta_SN_Ma.txt	1347
S_5_34	19_Sutta_SN_Ma.txt	1386
S_5_35	19_Sutta_SN_Ma.txt	1426
S_5_36	19_Sutta_SN_Ma.txt	1469
S_5_37	19_Sutta_SN_Ma.txt	1519
S_5_39	19_Sutta_SN_Ma.txt	1612
S_5_41	19_Sutta_SN_Ma.txt	1839
S_5_42	19_Sutta_SN_Ma.txt	2052
S_5_43	19_Sutta_SN_Ma.txt	2113
S_5_44	19_Sutta_SN_Ma.txt	2178
S_5_45	19_Sutta_SN_Ma.txt	2208
S_5_47	19_Sutta_SN_Ma.txt	2346
S_5_50	19_Sutta_SN_Ma.txt	2485
S_5_51	19_Sutta_SN_Ma.txt	2528
S_5_52	19_Sutta_SN_Ma.txt	2564
S_5_53	19_Sutta_SN_Ma.txt	2615
S_5_54	19_Sutta_SN_Ma.txt	2653
S_5_55	19_Sutta_SN_Ma.txt	2734
S_5_56	19_Sutta_SN_Ma.txt	2788
S_5_57	19_Sutta_SN_Ma.txt	2848
S_5_58	19_Sutta_SN_Ma.txt	2892
S_5_59	19_Sutta_SN_Ma.txt	2941
S_5_60	19_Sutta_SN_Ma.txt	2977
S_5_62	19_Sutta_SN_Ma.txt	3083
S_5_64	19_Sutta_SN_Ma.txt	3143
S_5_65	19_Sutta_SN_Ma.txt	3191
S_5_66	19_Sutta_SN_Ma.txt	3235
S_5_67	19_Sutta_SN_Ma.txt	3288
S_5_68	19_Sutta_SN_Ma.txt	3323
S_5_69	19_Sutta_SN_Ma.txt	3361
S_5_70	19_Sutta_SN_Ma.txt	3399
S_5_71	19_Sutta_SN_Ma.txt	3425
S_5_72	19_Sutta_SN_Ma.txt	3467
S_5_73	19_Sutta_SN_Ma.txt	3518
S_5_74	19_Sutta_SN_Ma.txt	3554
S_5_75	19_Sutta_SN_Ma.txt	3591
S_5_76	19_Sutta_SN_Ma.txt	3644
S_5_77	19_Sutta_SN_Ma.txt	3686
S_5_79	19_Sutta_SN_Ma.txt	3767
S_5_80	19_Sutta_SN_Ma.txt	3804
S_5_81	19_Sutta_SN_Ma.txt	3884
S_5_82	19_Sutta_SN_Ma.txt	3926
S_5_84	19_Sutta_SN_Ma.txt	4028
S_5_85	19_Sutta_SN_Ma.txt	4071
S_5_86	19_Sutta_SN_Ma.txt	4110
S_5_87	19_Sutta_SN_Ma.txt	4132
S_5_88	19_Sutta_SN_Ma.txt	4174
S_5_89	19_Sutta_SN_Ma.txt	4209
S_5_90	19_Sutta_SN_Ma.txt	4246
S_5_92	19_Sutta_SN_Ma.txt	4328
S_5_93	19_Sutta_SN_Ma.txt	4384
S_5_94	19_Sutta_SN_Ma.txt	4429
S_5_95	19_Sutta_SN_Ma.txt	4459
S_5_96	19_Sutta_SN_Ma.txt	4516
S_5_97	19_Sutta_SN_Ma.txt	4558
S_5_98	19_Sutta_SN_Ma.txt	4604
S_5_99	19_Sutta_SN_Ma.txt	4648
S_5_100	19_Sutta_SN_Ma.txt	4685
S_5_101	19_Sutta_SN_Ma.txt	4735
S_5_102	19_Sutta_SN_Ma.txt	4772
S_5_105	19_Sutta_SN_Ma.txt	4903
S_5_108	19_Sutta_SN_Ma.txt	5027
S_5_109	19_Sutta_SN_Ma.txt	5056
S_5_110	19_Sutta_SN_Ma.txt	5104
S_5_111	19_Sutta_SN_Ma.txt	5158
S_5_112	19_Sutta_SN_Ma.txt	5200
S_5_113	19_Sutta_SN_Ma.txt	5234
S_5_114	19_Sutta_SN_Ma.txt	5270
S_5_115	19_Sutta_SN_Ma.txt	5307
S_5_117	19_Sutta_SN_Ma.txt	5381
S_5_118	19_Sutta_SN_Ma.txt	5434
S_5_119	19_Sutta_SN_Ma.txt	5489
S_5_120	19_Sutta_SN_Ma.txt	5526
S_5_122	19_Sutta_SN_Ma.txt	5600
S_5_123	19_Sutta_SN_Ma.txt	5648
S_5_124	19_Sutta_SN_Ma.txt	5693
S_5_125	19_Sutta_SN_Ma.txt	5742
S_5_126	19_Sutta_SN_Ma.txt	5813
S_5_127	19_Sutta_SN_Ma.txt	5848
S_5_128	19_Sutta_SN_Ma.txt	5906
S_5_129	19_Sutta_SN_Ma.txt	5959
S_5_130	19_Sutta_SN_Ma.txt	5984
S_5_131	19_Sutta_SN_Ma.txt	6015
S_5_132	19_Sutta_SN_Ma.txt	6050
S_5_133	19_Sutta_SN_Ma.txt	6079
S_5_134	19_Sutta_SN_Ma.txt	6117
S_5_142	19_Sutta_SN_Ma.txt	6432
S_5_143	19_Sutta_SN_Ma.txt	6473
S_5_145	19_Sutta_SN_Ma.txt	6556
S_5_146	19_Sutta_SN_Ma.txt	6597
S_5_148	19_Sutta_SN_Ma.txt	6668
S_5_149	19_Sutta_SN_Ma.txt	6698
S_5_150	19_Sutta_SN_Ma.txt	6736
S_5_151	19_Sutta_SN_Ma.txt	6772
S_5_152	19_Sutta_SN_Ma.txt	6804
S_5_153	19_Sutta_SN_Ma.txt	6844
S_5_154	19_Sutta_SN_Ma.txt	6883
S_5_156	19_Sutta_SN_Ma.txt	6964
S_5_159	19_Sutta_SN_Ma.txt	7079
S_5_161	19_Sutta_SN_Ma.txt	7158
S_5_162	19_Sutta_SN_Ma.txt	7201
S_5_163	19_Sutta_SN_Ma.txt	7242
S_5_164	19_Sutta_SN_Ma.txt	7287
S_5_165	19_Sutta_SN_Ma.txt	7333
S_5_166	19_Sutta_SN_Ma.txt	7365
S_5_167	19_Sutta_SN_Ma.txt	7428
S_5_168	19_Sutta_SN_Ma.txt	7463
S_5_170	19_Sutta_SN_Ma.txt	7535
S_5_173	19_Sutta_SN_Ma.txt	7663
S_5_175	19_Sutta_SN_Ma.txt	7749
S_5_176	19_Sutta_SN_Ma.txt	7784
S_5_177	19_Sutta_SN_Ma.txt	7821
S_5_178	19_Sutta_SN_Ma.txt	7869
S_5_179	19_Sutta_SN_Ma.txt	7906
S_5_181	19_Sutta_SN_Ma.txt	7992
S_5_182	19_Sutta_SN_Ma.txt	8035
S_5_183	19_Sutta_SN_Ma.txt	8082
S_5_185	19_Sutta_SN_Ma.txt	8153
S_5_186	19_Sutta_SN_Ma.txt	8184
S_5_187	19_Sutta_SN_Ma.txt	8225
S_5_188	19_Sutta_SN_Ma.txt	8272
S_5_189	19_Sutta_SN_Ma.txt	8308
S_5_190	19_Sutta_SN_Ma.txt	8345
S_5_191	19_Sutta_SN_Ma.txt	8390
S_5_194	19_Sutta_SN_Ma.txt	8457
S_5_195	19_Sutta_SN_Ma.txt	8509
S_5_196	19_Sutta_SN_Ma.txt	8550
S_5_198	19_Sutta_SN_Ma.txt	8644
S_5_199	19_Sutta_SN_Ma.txt	8692
S_5_200	19_Sutta_SN_Ma.txt	8731
S_5_201	19_Sutta_SN_Ma.txt	8771
S_5_202	19_Sutta_SN_Ma.txt	8821
S_5_203	19_Sutta_SN_Ma.txt	8866
S_5_204	19_Sutta_SN_Ma.txt	8914
S_5_205	19_Sutta_SN_Ma.txt	8957
S_5_206	19_Sutta_SN_Ma.txt	8994
S_5_207	19_Sutta_SN_Ma.txt	9053
S_5_208	19_Sutta_SN_Ma.txt	9100
S_5_209	19_Sutta_SN_Ma.txt	9149
S_5_210	19_Sutta_SN_Ma.txt	9216
S_5_211	19_Sutta_SN_Ma.txt	9280
S_5_212	19_Sutta_SN_Ma.txt	9325
S_5_213	19_Sutta_SN_Ma.txt	9364
S_5_215	19_Sutta_SN_Ma.txt	9452
S_5_216	19_Sutta_SN_Ma.txt	9487
S_5_217	19_Sutta_SN_Ma.txt	9522
S_5_218	19_Sutta_SN_Ma.txt	9552
S_5_219	19_Sutta_SN_Ma.txt	9598
S_5_220	19_Sutta_SN_Ma.txt	9652
S_5_221	19_Sutta_SN_Ma.txt	9691
S_5_222	19_Sutta_SN_Ma.txt	9721
S_5_223	19_Sutta_SN_Ma.txt	9759
S_5_224	19_Sutta_SN_Ma.txt	9809
S_5_225	19_Sutta_SN_Ma.txt	9862
S_5_227	19_Sutta_SN_Ma.txt	9979
S_5_228	19_Sutta_SN_Ma.txt	10014
S_5_230	19_Sutta_SN_Ma.txt	10091
S_5_231	19_Sutta_SN_Ma.txt	10135
S_5_232	19_Sutta_SN_Ma.txt	10175
S_5_233	19_Sutta_SN_Ma.txt	10213
S_5_234	19_Sutta_SN_Ma.txt	10246
S_5_235	19_Sutta_SN_Ma.txt	10297
S_5_237	19_Sutta_SN_Ma.txt	10387
S_5_238	19_Sutta_SN_Ma.txt	10422
S_5_239	19_Sutta_SN_Ma.txt	10463
S_5_241	19_Sutta_SN_Ma.txt	10507
S_5_242	19_Sutta_SN_Ma.txt	10547
S_5_243	19_Sutta_SN_Ma.txt	10564
S_5_245	19_Sutta_SN_Ma.txt	10606
S_5_246	19_Sutta_SN_Ma.txt	10632
S_5_247	19_Sutta_SN_Ma.txt	10668
S_5_251	19_Sutta_SN_Ma.txt	10775
S_5_255	19_Sutta_SN_Ma.txt	10824
S_5_256	19_Sutta_SN_Ma.txt	10855
S_5_257	19_Sutta_SN_Ma.txt	10920
S_5_258	19_Sutta_SN_Ma.txt	10947
S_5_259	19_Sutta_SN_Ma.txt	10998
S_5_260	19_Sutta_SN_Ma.txt	11032
S_5_262	19_Sutta_SN_Ma.txt	11124
S_5_264	19_Sutta_SN_Ma.txt	11195
S_5_265	19_Sutta_SN_Ma.txt	11235
S_5_266	19_Sutta_SN_Ma.txt	11282
S_5_267	19_Sutta_SN_Ma.txt	11316
S_5_268	19_Sutta_SN_Ma.txt	11350
S_5_269	19_Sutta_SN_Ma.txt	11385
S_5_271	19_Sutta_SN_Ma.txt	11457
S_5_272	19_Sutta_SN_Ma.txt	11493
S_5_274	19_Sutta_SN_Ma.txt	11581
S_5_276	19_Sutta_SN_Ma.txt	11679
S_5_279	19_Sutta_SN_Ma.txt	11803
S_5_280	19_Sutta_SN_Ma.txt	11844
S_5_282	19_Sutta_SN_Ma.txt	11932
S_5_283	19_Sutta_SN_Ma.txt	11966
S_5_284	19_Sutta_SN_Ma.txt	12002
S_5_285	19_Sutta_SN_Ma.txt	12043
S_5_286	19_Sutta_SN_Ma.txt	12079
S_5_287	19_Sutta_SN_Ma.txt	12141
S_5_288	19_Sutta_SN_Ma.txt	12206
S_5_289	19_Sutta_SN_Ma.txt	12248
S_5_290	19_Sutta_SN_Ma.txt	12286
S_5_291	19_Sutta_SN_Ma.txt	12324
S_5_292	19_Sutta_SN_Ma.txt	12327
S_5_295	19_Sutta_SN_Ma.txt	12385
S_5_296	19_Sutta_SN_Ma.txt	12420
S_5_297	19_Sutta_SN_Ma.txt	12475
S_5_298	19_Sutta_SN_Ma.txt	12519
S_5_299	19_Sutta_SN_Ma.txt	12560
S_5_300	19_Sutta_SN_Ma.txt	12604
S_5_301	19_Sutta_SN_Ma.txt	12636
S_5_302	19_Sutta_SN_Ma.txt	12679
S_5_304	19_Sutta_SN_Ma.txt	12757
S_5_305	19_Sutta_SN_Ma.txt	12791
S_5_308	19_Sutta_SN_Ma.txt	12866
S_5_309	19_Sutta_SN_Ma.txt	12886
S_5_310	19_Sutta_SN_Ma.txt	12904
S_5_313	19_Sutta_SN_Ma.txt	12972
S_5_314	19_Sutta_SN_Ma.txt	13011
S_5_315	19_Sutta_SN_Ma.txt	13050
S_5_316	19_Sutta_SN_Ma.txt	13093
S_5_317	19_Sutta_SN_Ma.txt	13127
S_5_318	19_Sutta_SN_Ma.txt	13173
S_5_319	19_Sutta_SN_Ma.txt	13217
S_5_320	19_Sutta_SN_Ma.txt	13264
S_5_321	19_Sutta_SN_Ma.txt	13303
S_5_322	19_Sutta_SN_Ma.txt	13341
S_5_323	19_Sutta_SN_Ma.txt	13373
S_5_324	19_Sutta_SN_Ma.txt	13411
S_5_325	19_Sutta_SN_Ma.txt	13459
S_5_326	19_Sutta_SN_Ma.txt	13493
S_5_327	19_Sutta_SN_Ma.txt	13538
S_5_328	19_Sutta_SN_Ma.txt	13575
S_5_330	19_Sutta_SN_Ma.txt	13698
S_5_331	19_Sutta_SN_Ma.txt	13740
S_5_333	19_Sutta_SN_Ma.txt	13829
S_5_334	19_Sutta_SN_Ma.txt	13873
S_5_335	19_Sutta_SN_Ma.txt	13904
S_5_340	19_Sutta_SN_Ma.txt	13940
S_5_345	19_Sutta_SN_Ma.txt	14096
S_5_346	19_Sutta_SN_Ma.txt	14145
S_5_347	19_Sutta_SN_Ma.txt	14181
S_5_348	19_Sutta_SN_Ma.txt	14243
S_5_349	19_Sutta_SN_Ma.txt	14287
S_5_350	19_Sutta_SN_Ma.txt	14331
S_5_351	19_Sutta_SN_Ma.txt	14393
S_5_352	19_Sutta_SN_Ma.txt	14438
S_5_353	19_Sutta_SN_Ma.txt	14489
S_5_354	19_Sutta_SN_Ma.txt	14529
S_5_355	19_Sutta_SN_Ma.txt	14572
S_5_357	19_Sutta_SN_Ma.txt	14657
S_5_358	19_Sutta_SN_Ma.txt	14695
S_5_359	19_Sutta_SN_Ma.txt	14745
S_5_360	19_Sutta_SN_Ma.txt	14781
S_5_361	19_Sutta_SN_Ma.txt	14812
S_5_363	19_Sutta_SN_Ma.txt	14883
S_5_364	19_Sutta_SN_Ma.txt	14921
S_5_365	19_Sutta_SN_Ma.txt	14959
S_5_368	19_Sutta_SN_Ma.txt	15077
S_5_369	19_Sutta_SN_Ma.txt	15121
S_5_372	19_Sutta_SN_Ma.txt	15221
S_5_373	19_Sutta_SN_Ma.txt	15263
S_5_374	19_Sutta_SN_Ma.txt	15315
S_5_375	19_Sutta_SN_Ma.txt	15357
S_5_376	19_Sutta_SN_Ma.txt	15396
S_5_377	19_Sutta_SN_Ma.txt	15435
S_5_378	19_Sutta_SN_Ma.txt	15484
S_5_379	19_Sutta_SN_Ma.txt	15554
S_5_380	19_Sutta_SN_Ma.txt	15610
S_5_381	19_Sutta_SN_Ma.txt	15640
S_5_383	19_Sutta_SN_Ma.txt	15736
S_5_384	19_Sutta_SN_Ma.txt	15792
S_5_385	19_Sutta_SN_Ma.txt	15837
S_5_386	19_Sutta_SN_Ma.txt	15885
S_5_387	19_Sutta_SN_Ma.txt	15934
S_5_388	19_Sutta_SN_Ma.txt	15972
S_5_390	19_Sutta_SN_Ma.txt	16034
S_5_392	19_Sutta_SN_Ma.txt	16102
S_5_393	19_Sutta_SN_Ma.txt	16136
S_5_394	19_Sutta_SN_Ma.txt	16174
S_5_395	19_Sutta_SN_Ma.txt	16206
S_5_396	19_Sutta_SN_Ma.txt	16256
S_5_397	19_Sutta_SN_Ma.txt	16289
S_5_398	19_Sutta_SN_Ma.txt	16324
S_5_399	19_Sutta_SN_Ma.txt	16364
S_5_400	19_Sutta_SN_Ma.txt	16405
S_5_401	19_Sutta_SN_Ma.txt	16438
S_5_402	19_Sutta_SN_Ma.txt	16498
S_5_403	19_Sutta_SN_Ma.txt	16544
S_5_404	19_Sutta_SN_Ma.txt	16581
S_5_405	19_Sutta_SN_Ma.txt	16623
S_5_409	19_Sutta_SN_Ma.txt	16752
S_5_413	19_Sutta_SN_Ma.txt	16894
S_5_415	19_Sutta_SN_Ma.txt	16965
S_5_416	19_Sutta_SN_Ma.txt	16998
S_5_417	19_Sutta_SN_Ma.txt	17032
S_5_419	19_Sutta_SN_Ma.txt	17099
S_5_421	19_Sutta_SN_Ma.txt	17178
S_5_423	19_Sutta_SN_Ma.txt	17268
S_5_425	19_Sutta_SN_Ma.txt	17355
S_5_426	19_Sutta_SN_Ma.txt	17408
S_5_429	19_Sutta_SN_Ma.txt	17537
S_5_430	19_Sutta_SN_Ma.txt	17567
S_5_432	19_Sutta_SN_Ma.txt	17631
S_5_433	19_Sutta_SN_Ma.txt	17665
S_5_434	19_Sutta_SN_Ma.txt	17704
S_5_436	19_Sutta_SN_Ma.txt	17773
S_5_437	19_Sutta_SN_Ma.txt	17802
S_5_438	19_Sutta_SN_Ma.txt	17841
S_5_439	19_Sutta_SN_Ma.txt	17873
S_5_441	19_Sutta_SN_Ma.txt	17945
S_5_442	19_Sutta_SN_Ma.txt	17978
S_5_443	19_Sutta_SN_Ma.txt	18013
S_5_444	19_Sutta_SN_Ma.txt	18041
S_5_445	19_Sutta_SN_Ma.txt	18079
S_5_446	19_Sutta_SN_Ma.txt	18117
S_5_447	19_Sutta_SN_Ma.txt	18161
S_5_448	19_Sutta_SN_Ma.txt	18189
S_5_449	19_Sutta_SN_Ma.txt	18224
S_5_452	19_Sutta_SN_Ma.txt	18341
S_5_454	19_Sutta_SN_Ma.txt	18409
S_5_457	19_Sutta_SN_Ma.txt	18510
S_5_459	19_Sutta_SN_Ma.txt	18573
S_5_460	19_Sutta_SN_Ma.txt	18608
S_5_462	19_Sutta_SN_Ma.txt	18666
S_5_463	19_Sutta_SN_Ma.txt	18699
S_5_464	19_Sutta_SN_Ma.txt	18730
S_5_465	19_Sutta_SN_Ma.txt	18766
S_5_466	19_Sutta_SN_Ma.txt	18791
S_5_467	19_Sutta_SN_Ma.txt	18832
S_5_468	19_Sutta_SN_Ma.txt	18854
S_5_469	19_Sutta_SN_Ma.txt	18895
S_5_470	19_Sutta_SN_Ma.txt	18927
S_5_472	19_Sutta_SN_Ma.txt	18989
S_5_473	19_Sutta_SN_Ma.txt	19026
S_5_474	19_Sutta_SN_Ma.txt	19053
S_5_475	19_Sutta_SN_Ma.txt	19089
S_5_476	19_Sutta_SN_Ma.txt	19119
S_5_477	19_Sutta_SN_Ma.txt	19156
A_1_1	20_Sutta_AN_1.txt	7
A_1_2	20_Sutta_AN_1.txt	31
A_1_3	20_Sutta_AN_1.txt	73
A_1_4	20_Sutta_AN_1.txt	109
A_1_5	20_Sutta_AN_1.txt	146
A_1_6	20_Sutta_AN_1.txt	187
A_1_7	20_Sutta_AN_1.txt	227
A_1_8	20_Sutta_AN_1.txt	280
A_1_9	20_Sutta_AN_1.txt	313
A_1_10	20_Sutta_AN_1.txt	348
A_1_11	20_Sutta_AN_1.txt	393
A_1_12	20_Sutta_AN_1.txt	434
A_1_13	20_Sutta_AN_1.txt	477
A_1_14	20_Sutta_AN_1.txt	517
A_1_15	20_Sutta_AN_1.txt	555
A_1_16	20_Sutta_AN_1.txt	595
A_1_17	20_Sutta_AN_1.txt	697
A_1_18	20_Sutta_AN_1.txt	781
A_1_19	20_Sutta_AN_1.txt	895
A_1_20	20_Sutta_AN_1.txt	920
A_1_21	20_Sutta_AN_1.txt	945
A_1_22	20_Sutta_AN_1.txt	990
A_1_23	20_Sutta_AN_1.txt	1038
A_1_24	20_Sutta_AN_1.txt	1084
A_1_25	20_Sutta_AN_1.txt	1123
A_1_26	20_Sutta_AN_1.txt	1165
A_1_27	20_Sutta_AN_1.txt	1204
A_1_28	20_Sutta_AN_1.txt	1268
A_1_29	20_Sutta_AN_1.txt	1333
A_1_30	20_Sutta_AN_1.txt	1378
A_1_32	20_Sutta_AN_1.txt	1470
A_1_33	20_Sutta_AN_1.txt	1523
A_1_34	20_Sutta_AN_1.txt	1561
A_1_35	20_Sutta_AN_1.txt	1607
A_1_36	20_Sutta_AN_1.txt	1635
A_1_37	20_Sutta_AN_1.txt	1666
A_1_39	20_Sutta_AN_1.txt	1733
A_1_40	20_Sutta_AN_1.txt	1764
A_1_41	20_Sutta_AN_1.txt	1816
A_1_42	20_Sutta_AN_1.txt	1860
A_1_43	20_Sutta_AN_1.txt	1886
A_1_45	20_Sutta_AN_1.txt	1975
A_1_46	20_Sutta_AN_1.txt	2020
A_1_47	20_Sutta_AN_1.txt	2086
A_1_49	20_Sutta_AN_1.txt	2123
A_1_50	20_Sutta_AN_1.txt	2157
A_1_51	20_Sutta_AN_1.txt	2197
A_1_52	20_Sutta_AN_1.txt	2234
A_1_53	20_Sutta_AN_1.txt	2265
A_1_54	20_Sutta_AN_1.txt	2314
A_1_55	20_Sutta_AN_1.txt	2344
A_1_57	20_Sutta_AN_1.txt	2406
A_1_58	20_Sutta_AN_1.txt	2444
A_1_59	20_Sutta_AN_1.txt	2488
A_1_61	20_Sutta_AN_1.txt	2558
A_1_62	20_Sutta_AN_1.txt	2600
A_1_63	20_Sutta_AN_1.txt	2645
A_1_64	20_Sutta_AN_1.txt	2674
A_1_66	20_Sutta_AN_1.txt	2744
A_1_67	20_Sutta_AN_1.txt	2777
A_1_68	20_Sutta_AN_1.txt	2809
A_1_69	20_Sutta_AN_1.txt	2842
A_1_70	20_Sutta_AN_1.txt	2882
A_1_71	20_Sutta_AN_1.txt	2912
A_1_72	20_Sutta_AN_1.txt	2946
A_1_73	20_Sutta_AN_1.txt	2984
A_1_75	20_Sutta_AN_1.txt	3046
A_1_76	20_Sutta_AN_1.txt	3075
A_1_77	20_Sutta_AN_1.txt	3112
A_1_78	20_Sutta_AN_1.txt	3166
A_1_80	20_Sutta_AN_1.txt	3222
A_1_82	20_Sutta_AN_1.txt	3297
A_1_83	20_Sutta_AN_1.txt	3342
A_1_84	20_Sutta_AN_1.txt	3412
A_1_85	20_Sutta_AN_1.txt	3451
A_1_87	20_Sutta_AN_1.txt	3538
A_1_89	20_Sutta_AN_1.txt	3626
A_1_90	20_Sutta_AN_1.txt	3661
A_1_92	20_Sutta_AN_1.txt	3733
A_1_93	20_Sutta_AN_1.txt	3784
A_1_94	20_Sutta_AN_1.txt	3831
A_1_95	20_Sutta_AN_1.txt	3905
A_1_96	20_Sutta_AN_1.txt	3966
A_1_97	20_Sutta_AN_1.txt	4003
A_1_99	20_Sutta_AN_1.txt	4078
A_1_100	20_Sutta_AN_1.txt	4110
A_1_101	20_Sutta_AN_1.txt	4180
A_1_102	20_Sutta_AN_1.txt	4206
A_1_103	20_Sutta_AN_1.txt	4243
A_1_104	20_Sutta_AN_1.txt	4288
A_1_105	20_Sutta_AN_1.txt	4325
A_1_106	20_Sutta_AN_1.txt	4371
A_1_107	20_Sutta_AN_1.txt	4406
A_1_108	20_Sutta_AN_1.txt	4445
A_1_109	20_Sutta_AN_1.txt	4478
A_1_110	20_Sutta_AN_1.txt	4507
A_1_111	20_Sutta_AN_1.txt	4544
A_1_112	20_Sutta_AN_1.txt	4574
A_1_113	20_Sutta_AN_1.txt	4613
A_1_114	20_Sutta_AN_1.txt	4646
A_1_115	20_Sutta_AN_1.txt	4677
A_1_116	20_Sutta_AN_1.txt	4709
A_1_117	20_Sutta_AN_1.txt	4740
A_1_118	20_Sutta_AN_1.txt	4781
A_1_119	20_Sutta_AN_1.txt	4821
A_1_121	20_Sutta_AN_1.txt	4881
A_1_122	20_Sutta_AN_1.txt	4914
A_1_123	20_Sutta_AN_1.txt	4946
A_1_125	20_Sutta_AN_1.txt	5017
A_1_127	20_Sutta_AN_1.txt	5079
A_1_129	20_Sutta_AN_1.txt	5162
A_1_131	20_Sutta_AN_1.txt	5253
A_1_132	20_Sutta_AN_1.txt	5326
A_1_134	20_Sutta_AN_1.txt	5409
A_1_135	20_Sutta_AN_1.txt	5440
A_1_136	20_Sutta_AN_1.txt	5470
A_1_137	20_Sutta_AN_1.txt	5507
A_1_138	20_Sutta_AN_1.txt	5541
A_1_140	20_Sutta_AN_1.txt	5603
A_1_143	20_Sutta_AN_1.txt	5706
A_1_146	20_Sutta_AN_1.txt	5812
A_1_147	20_Sutta_AN_1.txt	5846
A_1_148	20_Sutta_AN_1.txt	5891
A_1_149	20_Sutta_AN_1.txt	5924
A_1_151	20_Sutta_AN_1.txt	6009
A_1_152	20_Sutta_AN_1.txt	6049
A_1_154	20_Sutta_AN_1.txt	6116
A_1_155	20_Sutta_AN_1.txt	6156
A_1_156	20_Sutta_AN_1.txt	6210
A_1_158	20_Sutta_AN_1.txt	6292
A_1_161	20_Sutta_AN_1.txt	6402
A_1_162	20_Sutta_AN_1.txt	6433
A_1_163	20_Sutta_AN_1.txt	6472
A_1_164	20_Sutta_AN_1.txt	6509
A_1_170	20_Sutta_AN_1.txt	6724
A_1_171	20_Sutta_AN_1.txt	6754
A_1_172	20_Sutta_AN_1.txt	6801
A_1_173	20_Sutta_AN_1.txt	6832
A_1_175	20_Sutta_AN_1.txt	6908
A_1_176	20_Sutta_AN_1.txt	6944
A_1_177	20_Sutta_AN_1.txt	6981
A_1_178	20_Sutta_AN_1.txt	7013
A_1_180	20_Sutta_AN_1.txt	7083
A_1_181	20_Sutta_AN_1.txt	7118
A_1_183	20_Sutta_AN_1.txt	7191
A_1_185	20_Sutta_AN_1.txt	7251
A_1_186	20_Sutta_AN_1.txt	7288
A_1_187	20_Sutta_AN_1.txt	7323
A_1_188	20_Sutta_AN_1.txt	7362
A_1_189	20_Sutta_AN_1.txt	7403
A_1_190	20_Sutta_AN_1.txt	7442
A_1_191	20_Sutta_AN_1.txt	7481
A_1_192	20_Sutta_AN_1.txt	7511
A_1_193	20_Sutta_AN_1.txt	7550
A_1_194	20_Sutta_AN_1.txt	7585
A_1_195	20_Sutta_AN_1.txt	7615
A_1_196	20_Sutta_AN_1.txt	7647
A_1_197	20_Sutta_AN_1.txt	7682
A_1_198	20_Sutta_AN_1.txt	7719
A_1_200	20_Sutta_AN_1.txt	7796
A_1_201	20_Sutta_AN_1.txt	7833
A_1_202	20_Sutta_AN_1.txt	7868
A_1_203	20_Sutta_AN_1.txt	7899
A_1_204	20_Sutta_AN_1.txt	7934
A_1_205	20_Sutta_AN_1.txt	7963
A_1_206	20_Sutta_AN_1.txt	8003
A_1_207	20_Sutta_AN_1.txt	8037
A_1_208	20_Sutta_AN_1.txt	8071
A_1_209	20_Sutta_AN_1.txt	8102
A_1_210	20_Sutta_AN_1.txt	8135
A_1_211	20_Sutta_AN_1.txt	8170
A_1_212	20_Sutta_AN_1.txt	8207
A_1_213	20_Sutta_AN_1.txt	8235
A_1_214	20_Sutta_AN_1.txt	8267
A_1_217	20_Sutta_AN_1.txt	8384
A_1_218	20_Sutta_AN_1.txt	8420
A_1_219	20_Sutta_AN_1.txt	8456
A_1_220	20_Sutta_AN_1.txt	8494
A_1_221	20_Sutta_AN_1.txt	8522
A_1_222	20_Sutta_AN_1.txt	8554
A_1_223	20_Sutta_AN_1.txt	8585
A_1_225	20_Sutta_AN_1.txt	8651
A_1_226	20_Sutta_AN_1.txt	8677
A_1_227	20_Sutta_AN_1.txt	8715
A_1_228	20_Sutta_AN_1.txt	8751
A_1_229	20_Sutta_AN_1.txt	8794
A_1_230	20_Sutta_AN_1.txt	8835
A_1_231	20_Sutta_AN_1.txt	8866
A_1_232	20_Sutta_AN_1.txt	8911
A_1_233	20_Sutta_AN_1.txt	8942
A_1_234	20_Sutta_AN_1.txt	8977
A_1_235	20_Sutta_AN_1.txt	9014
A_1_237	20_Sutta_AN_1.txt	9102
A_1_238	20_Sutta_AN_1.txt	9138
A_1_239	20_Sutta_AN_1.txt	9172
A_1_240	20_Sutta_AN_1.txt	9216
A_1_241	20_Sutta_AN_1.txt	9248
A_1_242	20_Sutta_AN_1.txt	9281
A_1_243	20_Sutta_AN_1.txt	9318
A_1_244	20_Sutta_AN_1.txt	9352
A_1_245	20_Sutta_AN_1.txt	9390
A_1_246	20_Sutta_AN_1.txt	9426
A_1_248	20_Sutta_AN_1.txt	9491
A_1_249	20_Sutta_AN_1.txt	9525
A_1_250	20_Sutta_AN_1.txt	9560
A_1_251	20_Sutta_AN_1.txt	9597
A_1_252	20_Sutta_AN_1.txt	9620
A_1_253	20_Sutta_AN_1.txt	9651
A_1_256	20_Sutta_AN_1.txt	9758
A_1_258	20_Sutta_AN_1.txt	9832
A_1_259	20_Sutta_AN_1.txt	9876
A_1_260	20_Sutta_AN_1.txt	9912
A_1_261	20_Sutta_AN_1.txt	9957
A_1_262	20_Sutta_AN_1.txt	9994
A_1_263	20_Sutta_AN_1.txt	10033
A_1_264	20_Sutta_AN_1.txt	10067
A_1_265	20_Sutta_AN_1.txt	10101
A_1_266	20_Sutta_AN_1.txt	10147
A_1_267	20_Sutta_AN_1.txt	10178
A_1_268	20_Sutta_AN_1.txt	10206
A_1_269	20_Sutta_AN_1.txt	10238
A_1_270	20_Sutta_AN_1.txt	10266
A_1_271	20_Sutta_AN_1.txt	10331
A_1_272	20_Sutta_AN_1.txt	10358
A_1_273	20_Sutta_AN_1.txt	10391
A_1_274	20_Sutta_AN_1.txt	10446
A_1_276	20_Sutta_AN_1.txt	10513
A_1_277	20_Sutta_AN_1.txt	10558
A_1_278	20_Sutta_AN_1.txt	10595
A_1_279	20_Sutta_AN_1.txt	10622
A_1_280	20_Sutta_AN_1.txt	10660
A_1_282	20_Sutta_AN_1.txt	10741
A_1_283	20_Sutta_AN_1.txt	10774
A_1_284	20_Sutta_AN_1.txt	10807
A_1_285	20_Sutta_AN_1.txt	10850
A_1_286	20_Sutta_AN_1.txt	10887
A_1_287	20_Sutta_AN_1.txt	10923
A_1_288	20_Sutta_AN_1.txt	10962
A_1_289	20_Sutta_AN_1.txt	10990
A_1_290	20_Sutta_AN_1.txt	11027
A_1_291	20_Sutta_AN_1.txt	11063
A_1_293	20_Sutta_AN_1.txt	11143
A_1_294	20_Sutta_AN_1.txt	11189
A_1_295	20_Sutta_AN_1.txt	11252
A_1_296	20_Sutta_AN_1.txt	11284
A_1_297	20_Sutta_AN_1.txt	11319
A_1_298	20_Sutta_AN_1.txt	11351
A_1_299	20_Sutta_AN_1.txt	11372
A_2_1	21_Sutta_AN_2.txt	10
A_2_2	21_Sutta_AN_2.txt	36
A_2_3	21_Sutta_AN_2.txt	67
A_2_4	21_Sutta_AN_2.txt	100
A_2_6	21_Sutta_AN_2.txt	183
A_2_7	21_Sutta_AN_2.txt	226
A_2_9	21_Sutta_AN_2.txt	305
A_2_10	21_Sutta_AN_2.txt	351
A_2_11	21_Sutta_AN_2.txt	392
A_2_14	21_Sutta_AN_2.txt	514
A_2_15	21_Sutta_AN_2.txt	543
A_2_16	21_Sutta_AN_2.txt	585
A_2_17	21_Sutta_AN_2.txt	615
A_2_18	21_Sutta_AN_2.txt	648
A_2_20	21_Sutta_AN_2.txt	744
A_2_21	21_Sutta_AN_2.txt	775
A_2_22	21_Sutta_AN_2.txt	814
A_2_23	21_Sutta_AN_2.txt	845
A_2_24	21_Sutta_AN_2.txt	882
A_2_25	21_Sutta_AN_2.txt	932
A_2_27	21_Sutta_AN_2.txt	1022
A_2_30	21_Sutta_AN_2.txt	1139
A_2_31	21_Sutta_AN_2.txt	1183
A_2_32	21_Sutta_AN_2.txt	1223
A_2_33	21_Sutta_AN_2.txt	1261
A_2_35	21_Sutta_AN_2.txt	1335
A_2_36	21_Sutta_AN_2.txt	1374
A_2_37	21_Sutta_AN_2.txt	1402
A_2_38	21_Sutta_AN_2.txt	1438
A_2_40	21_Sutta_AN_2.txt	1519
A_2_41	21_Sutta_AN_2.txt	1547
A_2_45	21_Sutta_AN_2.txt	1693
A_2_47	21_Sutta_AN_2.txt	1774
A_2_50	21_Sutta_AN_2.txt	1893
A_2_52	21_Sutta_AN_2.txt	1988
A_2_53	21_Sutta_AN_2.txt	2030
A_2_57	21_Sutta_AN_2.txt	2201
A_2_58	21_Sutta_AN_2.txt	2240
A_2_59	21_Sutta_AN_2.txt	2281
A_2_60	21_Sutta_AN_2.txt	2325
A_2_63	21_Sutta_AN_2.txt	2436
A_2_64	21_Sutta_AN_2.txt	2476
A_2_65	21_Sutta_AN_2.txt	2516
A_2_67	21_Sutta_AN_2.txt	2594
A_2_68	21_Sutta_AN_2.txt	2630
A_2_70	21_Sutta_AN_2.txt	2696
A_2_71	21_Sutta_AN_2.txt	2738
A_2_74	21_Sutta_AN_2.txt	2869
A_2_75	21_Sutta_AN_2.txt	2900
A_2_78	21_Sutta_AN_2.txt	3010
A_2_79	21_Sutta_AN_2.txt	3044
A_2_80	21_Sutta_AN_2.txt	3079
A_2_81	21_Sutta_AN_2.txt	3109
A_2_82	21_Sutta_AN_2.txt	3144
A_2_83	21_Sutta_AN_2.txt	3179
A_2_84	21_Sutta_AN_2.txt	3212
A_2_85	21_Sutta_AN_2.txt	3241
A_2_86	21_Sutta_AN_2.txt	3277
A_2_87	21_Sutta_AN_2.txt	3340
A_2_88	21_Sutta_AN_2.txt	3380
A_2_89	21_Sutta_AN_2.txt	3410
A_2_90	21_Sutta_AN_2.txt	3443
A_2_91	21_Sutta_AN_2.txt	3484
A_2_92	21_Sutta_AN_2.txt	3520
A_2_93	21_Sutta_AN_2.txt	3556
A_2_94	21_Sutta_AN_2.txt	3588
A_2_95	21_Sutta_AN_2.txt	3633
A_2_96	21_Sutta_AN_2.txt	3669
A_2_97	21_Sutta_AN_2.txt	3706
A_2_99	21_Sutta_AN_2.txt	3775
A_2_100	21_Sutta_AN_2.txt	3813
A_2_101	21_Sutta_AN_2.txt	3849
A_2_102	21_Sutta_AN_2.txt	3911
A_2_103	21_Sutta_AN_2.txt	3941
A_2_104	21_Sutta_AN_2.txt	3991
A_2_105	21_Sutta_AN_2.txt	4030
A_2_106	21_Sutta_AN_2.txt	4055
A_2_107	21_Sutta_AN_2.txt	4092
A_2_108	21_Sutta_AN_2.txt	4142
A_2_110	21_Sutta_AN_2.txt	4231
A_2_111	21_Sutta_AN_2.txt	4271
A_2_112	21_Sutta_AN_2.txt	4314
A_2_113	21_Sutta_AN_2.txt	4348
A_2_114	21_Sutta_AN_2.txt	4393
A_2_115	21_Sutta_AN_2.txt	4428
A_2_116	21_Sutta_AN_2.txt	4460
A_2_117	21_Sutta_AN_2.txt	4495
A_2_118	21_Sutta_AN_2.txt	4529
A_2_120	21_Sutta_AN_2.txt	4595
A_2_121	21_Sutta_AN_2.txt	4626
A_2_122	21_Sutta_AN_2.txt	4659
A_2_123	21_Sutta_AN_2.txt	4689
A_2_124	21_Sutta_AN_2.txt	4722
A_2_125	21_Sutta_AN_2.txt	4759
A_2_127	21_Sutta_AN_2.txt	4829
A_2_128	21_Sutta_AN_2.txt	4864
A_2_129	21_Sutta_AN_2.txt	4901
A_2_130	21_Sutta_AN_2.txt	4965
A_2_132	21_Sutta_AN_2.txt	5043
A_2_133	21_Sutta_AN_2.txt	5085
A_2_135	21_Sutta_AN_2.txt	5182
A_2_137	21_Sutta_AN_2.txt	5249
A_2_138	21_Sutta_AN_2.txt	5279
A_2_139	21_Sutta_AN_2.txt	5308
A_2_140	21_Sutta_AN_2.txt	5354
A_2_141	21_Sutta_AN_2.txt	5390
A_2_142	21_Sutta_AN_2.txt	5431
A_2_143	21_Sutta_AN_2.txt	5471
A_2_145	21_Sutta_AN_2.txt	5555
A_2_146	21_Sutta_AN_2.txt	5593
A_2_147	21_Sutta_AN_2.txt	5631
A_2_149	21_Sutta_AN_2.txt	5700
A_2_150	21_Sutta_AN_2.txt	5740
A_2_151	21_Sutta_AN_2.txt	5778
A_2_152	21_Sutta_AN_2.txt	5816
A_2_153	21_Sutta_AN_2.txt	5849
A_2_154	21_Sutta_AN_2.txt	5894
A_2_155	21_Sutta_AN_2.txt	5926
A_2_156	21_Sutta_AN_2.txt	5962
A_2_159	21_Sutta_AN_2.txt	6087
A_2_160	21_Sutta_AN_2.txt	6112
A_2_161	21_Sutta_AN_2.txt	6164
A_2_162	21_Sutta_AN_2.txt	6200
A_2_163	21_Sutta_AN_2.txt	6241
A_2_164	21_Sutta_AN_2.txt	6275
A_2_166	21_Sutta_AN_2.txt	6359
A_2_170	21_Sutta_AN_2.txt	6499
A_2_171	21_Sutta_AN_2.txt	6534
A_2_172	21_Sutta_AN_2.txt	6568
A_2_173	21_Sutta_AN_2.txt	6612
A_2_175	21_Sutta_AN_2.txt	6692
A_2_176	21_Sutta_AN_2.txt	6728
A_2_178	21_Sutta_AN_2.txt	6808
A_2_179	21_Sutta_AN_2.txt	6841
A_2_180	21_Sutta_AN_2.txt	6874
A_2_181	21_Sutta_AN_2.txt	6909
A_2_182	21_Sutta_AN_2.txt	6947
A_2_184	21_Sutta_AN_2.txt	7020
A_2_185	21_Sutta_AN_2.txt	7066
A_2_186	21_Sutta_AN_2.txt	7100
A_2_187	21_Sutta_AN_2.txt	7133
A_2_188	21_Sutta_AN_2.txt	7168
A_2_189	21_Sutta_AN_2.txt	7211
A_2_190	21_Sutta_AN_2.txt	7253
A_2_191	21_Sutta_AN_2.txt	7276
A_2_192	21_Sutta_AN_2.txt	7308
A_2_193	21_Sutta_AN_2.txt	7345
A_2_195	21_Sutta_AN_2.txt	7408
A_2_196	21_Sutta_AN_2.txt	7443
A_2_197	21_Sutta_AN_2.txt	7476
A_2_199	21_Sutta_AN_2.txt	7547
A_2_200	21_Sutta_AN_2.txt	7580
A_2_201	21_Sutta_AN_2.txt	7608
A_2_202	21_Sutta_AN_2.txt	7641
A_2_205	21_Sutta_AN_2.txt	7753
A_2_206	21_Sutta_AN_2.txt	7785
A_2_208	21_Sutta_AN_2.txt	7850
A_2_209	21_Sutta_AN_2.txt	7879
A_2_210	21_Sutta_AN_2.txt	7910
A_2_211	21_Sutta_AN_2.txt	7946
A_2_213	21_Sutta_AN_2.txt	8046
A_2_215	21_Sutta_AN_2.txt	8119
A_2_216	21_Sutta_AN_2.txt	8157
A_2_217	21_Sutta_AN_2.txt	8208
A_2_218	21_Sutta_AN_2.txt	8240
A_2_221	21_Sutta_AN_2.txt	8347
A_2_222	21_Sutta_AN_2.txt	8377
A_2_223	21_Sutta_AN_2.txt	8413
A_2_225	21_Sutta_AN_2.txt	8477
A_2_226	21_Sutta_AN_2.txt	8509
A_2_227	21_Sutta_AN_2.txt	8549
A_2_228	21_Sutta_AN_2.txt	8586
A_2_229	21_Sutta_AN_2.txt	8628
A_2_230	21_Sutta_AN_2.txt	8679
A_2_232	21_Sutta_AN_2.txt	8750
A_2_234	21_Sutta_AN_2.txt	8828
A_2_235	21_Sutta_AN_2.txt	8861
A_2_237	21_Sutta_AN_2.txt	8923
A_2_238	21_Sutta_AN_2.txt	8952
A_2_239	21_Sutta_AN_2.txt	8985
A_2_240	21_Sutta_AN_2.txt	9022
A_2_241	21_Sutta_AN_2.txt	9057
A_2_242	21_Sutta_AN_2.txt	9088
A_2_243	21_Sutta_AN_2.txt	9123
A_2_244	21_Sutta_AN_2.txt	9155
A_2_245	21_Sutta_AN_2.txt	9185
A_2_246	21_Sutta_AN_2.txt	9216
A_2_249	21_Sutta_AN_2.txt	9320
A_2_250	21_Sutta_AN_2.txt	9363
A_2_251	21_Sutta_AN_2.txt	9396
A_2_252	21_Sutta_AN_2.txt	9426
A_2_253	21_Sutta_AN_2.txt	9455
A_2_255	21_Sutta_AN_2.txt	9545
A_2_257	21_Sutta_AN_2.txt	9610
A_3_1	22_Sutta_AN_3.txt	10
A_3_2	22_Sutta_AN_3.txt	27
A_3_3	22_Sutta_AN_3.txt	56
A_3_4	22_Sutta_AN_3.txt	89
A_3_5	22_Sutta_AN_3.txt	124
A_3_7	22_Sutta_AN_3.txt	192
A_3_8	22_Sutta_AN_3.txt	224
A_3_9	22_Sutta_AN_3.txt	252
A_3_10	22_Sutta_AN_3.txt	287
A_3_11	22_Sutta_AN_3.txt	318
A_3_12	22_Sutta_AN_3.txt	343
A_3_13	22_Sutta_AN_3.txt	373
A_3_14	22_Sutta_AN_3.txt	401
A_3_15	22_Sutta_AN_3.txt	432
A_3_16	22_Sutta_AN_3.txt	461
A_3_17	22_Sutta_AN_3.txt	495
A_3_18	22_Sutta_AN_3.txt	511
A_3_19	22_Sutta_AN_3.txt	539
A_3_20	22_Sutta_AN_3.txt	566
A_3_21	22_Sutta_AN_3.txt	592
A_3_22	22_Sutta_AN_3.txt	618
A_3_23	22_Sutta_AN_3.txt	646
A_3_24	22_Sutta_AN_3.txt	671
A_3_25	22_Sutta_AN_3.txt	696
A_3_27	22_Sutta_AN_3.txt	750
A_3_28	22_Sutta_AN_3.txt	782
A_3_31	22_Sutta_AN_3.txt	859
A_3_32	22_Sutta_AN_3.txt	888
A_3_33	22_Sutta_AN_3.txt	925
A_3_34	22_Sutta_AN_3.txt	962
A_3_35	22_Sutta_AN_3.txt	998
A_3_36	22_Sutta_AN_3.txt	1033
A_3_37	22_Sutta_AN_3.txt	1075
A_3_39	22_Sutta_AN_3.txt	1138
A_3_41	22_Sutta_AN_3.txt	1206
A_3_42	22_Sutta_AN_3.txt	1242
A_3_43	22_Sutta_AN_3.txt	1275
A_3_45	22_Sutta_AN_3.txt	1363
A_3_48	22_Sutta_AN_3.txt	1480
A_3_50	22_Sutta_AN_3.txt	1548
A_3_51	22_Sutta_AN_3.txt	1593
A_3_52	22_Sutta_AN_3.txt	1625
A_3_55	22_Sutta_AN_3.txt	1729
A_3_56	22_Sutta_AN_3.txt	1764
A_3_57	22_Sutta_AN_3.txt	1801
A_3_58	22_Sutta_AN_3.txt	1829
A_3_60	22_Sutta_AN_3.txt	1901
A_3_64	22_Sutta_AN_3.txt	2045
A_3_65	22_Sutta_AN_3.txt	2081
A_3_67	22_Sutta_AN_3.txt	2136
A_3_68	22_Sutta_AN_3.txt	2168
A_3_70	22_Sutta_AN_3.txt	2245
A_3_71	22_Sutta_AN_3.txt	2275
A_3_72	22_Sutta_AN_3.txt	2315
A_3_73	22_Sutta_AN_3.txt	2345
A_3_74	22_Sutta_AN_3.txt	2375
A_3_75	22_Sutta_AN_3.txt	2408
A_3_79	22_Sutta_AN_3.txt	2555
A_3_80	22_Sutta_AN_3.txt	2587
A_3_81	22_Sutta_AN_3.txt	2626
A_3_82	22_Sutta_AN_3.txt	2656
A_3_83	22_Sutta_AN_3.txt	2682
A_3_84	22_Sutta_AN_3.txt	2722
A_3_85	22_Sutta_AN_3.txt	2742
A_3_86	22_Sutta_AN_3.txt	2779
A_3_88	22_Sutta_AN_3.txt	2846
A_3_89	22_Sutta_AN_3.txt	2858
A_3_91	22_Sutta_AN_3.txt	2917
A_3_92	22_Sutta_AN_3.txt	2947
A_3_93	22_Sutta_AN_3.txt	2974
A_3_95	22_Sutta_AN_3.txt	3031
A_3_96	22_Sutta_AN_3.txt	3063
A_3_98	22_Sutta_AN_3.txt	3124
A_3_99	22_Sutta_AN_3.txt	3154
A_3_100	22_Sutta_AN_3.txt	3189
A_3_101	22_Sutta_AN_3.txt	3217
A_3_102	22_Sutta_AN_3.txt	3247
A_3_104	22_Sutta_AN_3.txt	3303
A_3_105	22_Sutta_AN_3.txt	3333
A_3_106	22_Sutta_AN_3.txt	3362
A_3_107	22_Sutta_AN_3.txt	3388
A_3_108	22_Sutta_AN_3.txt	3412
A_3_109	22_Sutta_AN_3.txt	3444
A_3_110	22_Sutta_AN_3.txt	3477
A_3_111	22_Sutta_AN_3.txt	3509
A_3_112	22_Sutta_AN_3.txt	3537
A_3_113	22_Sutta_AN_3.txt	3563
A_3_114	22_Sutta_AN_3.txt	3590
A_3_115	22_Sutta_AN_3.txt	3619
A_3_117	22_Sutta_AN_3.txt	3663
A_3_120	22_Sutta_AN_3.txt	3754
A_3_122	22_Sutta_AN_3.txt	3813
A_3_123	22_Sutta_AN_3.txt	3845
A_3_124	22_Sutta_AN_3.txt	3884
A_3_125	22_Sutta_AN_3.txt	3915
A_3_126	22_Sutta_AN_3.txt	3945
A_3_129	22_Sutta_AN_3.txt	4042
A_3_130	22_Sutta_AN_3.txt	4070
A_3_131	22_Sutta_AN_3.txt	4106
A_3_132	22_Sutta_AN_3.txt	4143
A_3_134	22_Sutta_AN_3.txt	4212
A_3_136	22_Sutta_AN_3.txt	4272
A_3_137	22_Sutta_AN_3.txt	4298
A_3_138	22_Sutta_AN_3.txt	4332
A_3_139	22_Sutta_AN_3.txt	4364
A_3_140	22_Sutta_AN_3.txt	4401
A_3_142	22_Sutta_AN_3.txt	4456
A_3_143	22_Sutta_AN_3.txt	4497
A_3_144	22_Sutta_AN_3.txt	4524
A_3_145	22_Sutta_AN_3.txt	4554
A_3_146	22_Sutta_AN_3.txt	4589
A_3_147	22_Sutta_AN_3.txt	4622
A_3_148	22_Sutta_AN_3.txt	4654
A_3_149	22_Sutta_AN_3.txt	4689
A_3_150	22_Sutta_AN_3.txt	4712
A_3_151	22_Sutta_AN_3.txt	4739
A_3_153	22_Sutta_AN_3.txt	4793
A_3_154	22_Sutta_AN_3.txt	4821
A_3_155	22_Sutta_AN_3.txt	4855
A_3_156	22_Sutta_AN_3.txt	4877
A_3_157	22_Sutta_AN_3.txt	4903
A_3_159	22_Sutta_AN_3.txt	4960
A_3_160	22_Sutta_AN_3.txt	4996
A_3_161	22_Sutta_AN_3.txt	5025
A_3_162	22_Sutta_AN_3.txt	5058
A_3_163	22_Sutta_AN_3.txt	5088
A_3_164	22_Sutta_AN_3.txt	5119
A_3_165	22_Sutta_AN_3.txt	5150
A_3_166	22_Sutta_AN_3.txt	5180
A_3_168	22_Sutta_AN_3.txt	5246
A_3_169	22_Sutta_AN_3.txt	5277
A_3_170	22_Sutta_AN_3.txt	5310
A_3_171	22_Sutta_AN_3.txt	5340
A_3_173	22_Sutta_AN_3.txt	5403
A_3_174	22_Sutta_AN_3.txt	5435
A_3_175	22_Sutta_AN_3.txt	5468
A_3_176	22_Sutta_AN_3.txt	5501
A_3_177	22_Sutta_AN_3.txt	5532
A_3_178	22_Sutta_AN_3.txt	5558
A_3_179	22_Sutta_AN_3.txt	5587
A_3_180	22_Sutta_AN_3.txt	5616
A_3_181	22_Sutta_AN_3.txt	5652
A_3_182	22_Sutta_AN_3.txt	5684
A_3_183	22_Sutta_AN_3.txt	5710
A_3_184	22_Sutta_AN_3.txt	5737
A_3_185	22_Sutta_AN_3.txt	5771
A_3_186	22_Sutta_AN_3.txt	5800
A_3_187	22_Sutta_AN_3.txt	5825
A_3_188	22_Sutta_AN_3.txt	5850
A_3_189	22_Sutta_AN_3.txt	5877
A_3_190	22_Sutta_AN_3.txt	5908
A_3_192	22_Sutta_AN_3.txt	5979
A_3_193	22_Sutta_AN_3.txt	6010
A_3_194	22_Sutta_AN_3.txt	6045
A_3_195	22_Sutta_AN_3.txt	6083
A_3_196	22_Sutta_AN_3.txt	6112
A_3_197	22_Sutta_AN_3.txt	6144
A_3_198	22_Sutta_AN_3.txt	6175
A_3_199	22_Sutta_AN_3.txt	6202
A_3_200	22_Sutta_AN_3.txt	6237
A_3_202	22_Sutta_AN_3.txt	6306
A_3_204	22_Sutta_AN_3.txt	6369
A_3_205	22_Sutta_AN_3.txt	6399
A_3_207	22_Sutta_AN_3.txt	6476
A_3_208	22_Sutta_AN_3.txt	6496
A_3_211	22_Sutta_AN_3.txt	6595
A_3_212	22_Sutta_AN_3.txt	6624
A_3_216	22_Sutta_AN_3.txt	6767
A_3_217	22_Sutta_AN_3.txt	6804
A_3_218	22_Sutta_AN_3.txt	6845
A_3_220	22_Sutta_AN_3.txt	6912
A_3_221	22_Sutta_AN_3.txt	6950
A_3_222	22_Sutta_AN_3.txt	6981
A_3_223	22_Sutta_AN_3.txt	7012
A_3_224	22_Sutta_AN_3.txt	7042
A_3_225	22_Sutta_AN_3.txt	7067
A_3_226	22_Sutta_AN_3.txt	7096
A_3_228	22_Sutta_AN_3.txt	7150
A_3_229	22_Sutta_AN_3.txt	7183
A_3_230	22_Sutta_AN_3.txt	7209
A_3_231	22_Sutta_AN_3.txt	7238
A_3_232	22_Sutta_AN_3.txt	7262
A_3_235	22_Sutta_AN_3.txt	7326
A_3_236	22_Sutta_AN_3.txt	7345
A_3_237	22_Sutta_AN_3.txt	7367
A_3_238	22_Sutta_AN_3.txt	7394
A_3_239	22_Sutta_AN_3.txt	7423
A_3_240	22_Sutta_AN_3.txt	7456
A_3_241	22_Sutta_AN_3.txt	7488
A_3_242	22_Sutta_AN_3.txt	7518
A_3_243	22_Sutta_AN_3.txt	7555
A_3_244	22_Sutta_AN_3.txt	7582
A_3_245	22_Sutta_AN_3.txt	7613
A_3_246	22_Sutta_AN_3.txt	7647
A_3_248	22_Sutta_AN_3.txt	7723
A_3_249	22_Sutta_AN_3.txt	7754
A_3_250	22_Sutta_AN_3.txt	7784
A_3_251	22_Sutta_AN_3.txt	7818
A_3_252	22_Sutta_AN_3.txt	7858
A_3_253	22_Sutta_AN_3.txt	7888
A_3_254	22_Sutta_AN_3.txt	7913
A_3_255	22_Sutta_AN_3.txt	7945
A_3_258	22_Sutta_AN_3.txt	8041
A_3_260	22_Sutta_AN_3.txt	8105
A_3_261	22_Sutta_AN_3.txt	8131
A_3_262	22_Sutta_AN_3.txt	8165
A_3_263	22_Sutta_AN_3.txt	8196
A_3_265	22_Sutta_AN_3.txt	8263
A_3_266	22_Sutta_AN_3.txt	8285
A_3_267	22_Sutta_AN_3.txt	8308
A_3_268	22_Sutta_AN_3.txt	8358
A_3_269	22_Sutta_AN_3.txt	8406
A_3_270	22_Sutta_AN_3.txt	8433
A_3_272	22_Sutta_AN_3.txt	8501
A_3_274	22_Sutta_AN_3.txt	8582
A_3_276	22_Sutta_AN_3.txt	8658
A_3_277	22_Sutta_AN_3.txt	8702
A_3_278	22_Sutta_AN_3.txt	8738
A_3_279	22_Sutta_AN_3.txt	8785
A_3_280	22_Sutta_AN_3.txt	8806
A_3_281	22_Sutta_AN_3.txt	8834
A_3_283	22_Sutta_AN_3.txt	8899
A_3_284	22_Sutta_AN_3.txt	8927
A_3_285	22_Sutta_AN_3.txt	8955
A_3_286	22_Sutta_AN_3.txt	8985
A_3_287	22_Sutta_AN_3.txt	9015
A_3_288	22_Sutta_AN_3.txt	9054
A_3_289	22_Sutta_AN_3.txt	9090
A_3_290	22_Sutta_AN_3.txt	9123
A_3_291	22_Sutta_AN_3.txt	9149
A_3_292	22_Sutta_AN_3.txt	9186
A_3_293	22_Sutta_AN_3.txt	9224
A_3_294	22_Sutta_AN_3.txt	9254
A_3_295	22_Sutta_AN_3.txt	9288
A_3_296	22_Sutta_AN_3.txt	9319
A_3_297	22_Sutta_AN_3.txt	9350
A_3_298	22_Sutta_AN_3.txt	9378
A_3_300	22_Sutta_AN_3.txt	9439
A_3_301	22_Sutta_AN_3.txt	9466
A_3_302	22_Sutta_AN_3.txt	9492
A_3_303	22_Sutta_AN_3.txt	9521
A_3_304	22_Sutta_AN_3.txt	9552
A_3_305	22_Sutta_AN_3.txt	9586
A_3_306	22_Sutta_AN_3.txt	9620
A_3_307	22_Sutta_AN_3.txt	9656
A_3_308	22_Sutta_AN_3.txt	9690
A_3_310	22_Sutta_AN_3.txt	9755
A_3_311	22_Sutta_AN_3.txt	9787
A_3_312	22_Sutta_AN_3.txt	9816
A_3_313	22_Sutta_AN_3.txt	9853
A_3_314	22_Sutta_AN_3.txt	9887
A_3_315	22_Sutta_AN_3.txt	9913
A_3_316	22_Sutta_AN_3.txt	9944
A_3_317	22_Sutta_AN_3.txt	9980
A_3_318	22_Sutta_AN_3.txt	10016
A_3_319	22_Sutta_AN_3.txt	10051
A_3_321	22_Sutta_AN_3.txt	10111
A_3_322	22_Sutta_AN_3.txt	10140
A_3_323	22_Sutta_AN_3.txt	10177
A_3_324	22_Sutta_AN_3.txt	10211
A_3_326	22_Sutta_AN_3.txt	10261
A_3_327	22_Sutta_AN_3.txt	10294
A_3_328	22_Sutta_AN_3.txt	10320
A_3_329	22_Sutta_AN_3.txt	10350
A_3_330	22_Sutta_AN_3.txt	10381
A_3_331	22_Sutta_AN_3.txt	10420
A_3_332	22_Sutta_AN_3.txt	10452
A_3_333	22_Sutta_AN_3.txt	10496
A_3_334	22_Sutta_AN_3.txt	10536
A_3_335	22_Sutta_AN_3.txt	10566
A_3_337	22_Sutta_AN_3.txt	10623
A_3_338	22_Sutta_AN_3.txt	10660
A_3_339	22_Sutta_AN_3.txt	10690
A_3_340	22_Sutta_AN_3.txt	10719
A_3_341	22_Sutta_AN_3.txt	10749
A_3_342	22_Sutta_AN_3.txt	10783
A_3_343	22_Sutta_AN_3.txt	10815
A_3_345	22_Sutta_AN_3.txt	10869
A_3_346	22_Sutta_AN_3.txt	10906
A_3_348	22_Sutta_AN_3.txt	10990
A_3_349	22_Sutta_AN_3.txt	11026
A_3_350	22_Sutta_AN_3.txt	11055
A_3_351	22_Sutta_AN_3.txt	11084
A_3_352	22_Sutta_AN_3.txt	11110
A_3_353	22_Sutta_AN_3.txt	11145
A_3_355	22_Sutta_AN_3.txt	11226
A_3_356	22_Sutta_AN_3.txt	11247
A_3_357	22_Sutta_AN_3.txt	11278
A_3_358	22_Sutta_AN_3.txt	11319
A_3_359	22_Sutta_AN_3.txt	11353
A_3_360	22_Sutta_AN_3.txt	11384
A_3_361	22_Sutta_AN_3.txt	11415
A_3_363	22_Sutta_AN_3.txt	11471
A_3_364	22_Sutta_AN_3.txt	11512
A_3_365	22_Sutta_AN_3.txt	11548
A_3_366	22_Sutta_AN_3.txt	11573
A_3_368	22_Sutta_AN_3.txt	11641
A_3_370	22_Sutta_AN_3.txt	11703
A_3_371	22_Sutta_AN_3.txt	11732
A_3_372	22_Sutta_AN_3.txt	11777
A_3_375	22_Sutta_AN_3.txt	11889
A_3_377	22_Sutta_AN_3.txt	11966
A_3_378	22_Sutta_AN_3.txt	11991
A_3_380	22_Sutta_AN_3.txt	12059
A_3_381	22_Sutta_AN_3.txt	12089
A_3_382	22_Sutta_AN_3.txt	12122
A_3_383	22_Sutta_AN_3.txt	12146
A_3_384	22_Sutta_AN_3.txt	12172
A_3_385	22_Sutta_AN_3.txt	12200
A_3_386	22_Sutta_AN_3.txt	12233
A_3_387	22_Sutta_AN_3.txt	12265
A_3_388	22_Sutta_AN_3.txt	12292
A_3_390	22_Sutta_AN_3.txt	12346
A_3_391	22_Sutta_AN_3.txt	12376
A_3_392	22_Sutta_AN_3.txt	12410
A_3_393	22_Sutta_AN_3.txt	12442
A_3_394	22_Sutta_AN_3.txt	12473
A_3_396	22_Sutta_AN_3.txt	12528
A_3_397	22_Sutta_AN_3.txt	12550
A_3_399	22_Sutta_AN_3.txt	12609
A_3_401	22_Sutta_AN_3.txt	12696
A_3_402	22_Sutta_AN_3.txt	12737
A_3_403	22_Sutta_AN_3.txt	12764
A_3_404	22_Sutta_AN_3.txt	12795
A_3_405	22_Sutta_AN_3.txt	12822
A_3_406	22_Sutta_AN_3.txt	12854
A_3_407	22_Sutta_AN_3.txt	12886
A_3_408	22_Sutta_AN_3.txt	12920
A_3_409	22_Sutta_AN_3.txt	12953
A_3_410	22_Sutta_AN_3.txt	12985
A_3_413	22_Sutta_AN_3.txt	13081
A_3_415	22_Sutta_AN_3.txt	13159
A_3_419	22_Sutta_AN_3.txt	13293
A_3_420	22_Sutta_AN_3.txt	13321
A_3_422	22_Sutta_AN_3.txt	13377
A_3_425	22_Sutta_AN_3.txt	13478
A_3_428	22_Sutta_AN_3.txt	13576
A_3_429	22_Sutta_AN_3.txt	13609
A_3_430	22_Sutta_AN_3.txt	13647
A_3_431	22_Sutta_AN_3.txt	13678
A_3_432	22_Sutta_AN_3.txt	13710
A_3_433	22_Sutta_AN_3.txt	13742
A_3_434	22_Sutta_AN_3.txt	13771
A_3_438	22_Sutta_AN_3.txt	13909
A_3_439	22_Sutta_AN_3.txt	13939
A_3_440	22_Sutta_AN_3.txt	13970
A_3_441	22_Sutta_AN_3.txt	13998
A_3_445	22_Sutta_AN_3.txt	14112
A_3_447	22_Sutta_AN_3.txt	14176
A_3_448	22_Sutta_AN_3.txt	14204
A_3_449	22_Sutta_AN_3.txt	14229
A_3_450	22_Sutta_AN_3.txt	14267
A_3_452	22_Sutta_AN_3.txt	14333
A_4_1	23_Sutta_AN_4.txt	10
A_4_2	23_Sutta_AN_4.txt	26
A_4_3	23_Sutta_AN_4.txt	47
A_4_4	23_Sutta_AN_4.txt	79
A_4_5	23_Sutta_AN_4.txt	112
A_4_7	23_Sutta_AN_4.txt	177
A_4_8	23_Sutta_AN_4.txt	213
A_4_10	23_Sutta_AN_4.txt	272
A_4_11	23_Sutta_AN_4.txt	300
A_4_12	23_Sutta_AN_4.txt	325
A_4_13	23_Sutta_AN_4.txt	355
A_4_14	23_Sutta_AN_4.txt	386
A_4_15	23_Sutta_AN_4.txt	410
A_4_16	23_Sutta_AN_4.txt	442
A_4_17	23_Sutta_AN_4.txt	472
A_4_18	23_Sutta_AN_4.txt	503
A_4_20	23_Sutta_AN_4.txt	582
A_4_21	23_Sutta_AN_4.txt	612
A_4_22	23_Sutta_AN_4.txt	649
A_4_24	23_Sutta_AN_4.txt	720
A_4_25	23_Sutta_AN_4.txt	746
A_4_28	23_Sutta_AN_4.txt	849
A_4_29	23_Sutta_AN_4.txt	888
A_4_30	23_Sutta_AN_4.txt	921
A_4_32	23_Sutta_AN_4.txt	984
A_4_33	23_Sutta_AN_4.txt	1016
A_4_34	23_Sutta_AN_4.txt	1043
A_4_35	23_Sutta_AN_4.txt	1070
A_4_36	23_Sutta_AN_4.txt	1095
A_4_39	23_Sutta_AN_4.txt	1179
A_4_40	23_Sutta_AN_4.txt	1204
A_4_41	23_Sutta_AN_4.txt	1233
A_4_42	23_Sutta_AN_4.txt	1261
A_4_43	23_Sutta_AN_4.txt	1289
A_4_44	23_Sutta_AN_4.txt	1316
A_4_45	23_Sutta_AN_4.txt	1346
A_4_46	23_Sutta_AN_4.txt	1372
A_4_47	23_Sutta_AN_4.txt	1401
A_4_48	23_Sutta_AN_4.txt	1428
A_4_50	23_Sutta_AN_4.txt	1471
A_4_51	23_Sutta_AN_4.txt	1490
A_4_52	23_Sutta_AN_4.txt	1515
A_4_53	23_Sutta_AN_4.txt	1544
A_4_54	23_Sutta_AN_4.txt	1570
A_4_55	23_Sutta_AN_4.txt	1594
A_4_57	23_Sutta_AN_4.txt	1644
A_4_58	23_Sutta_AN_4.txt	1671
A_4_59	23_Sutta_AN_4.txt	1694
A_4_60	23_Sutta_AN_4.txt	1722
A_4_61	23_Sutta_AN_4.txt	1747
A_4_62	23_Sutta_AN_4.txt	1770
A_4_63	23_Sutta_AN_4.txt	1796
A_4_64	23_Sutta_AN_4.txt	1816
A_4_65	23_Sutta_AN_4.txt	1853
A_4_66	23_Sutta_AN_4.txt	1875
A_4_67	23_Sutta_AN_4.txt	1912
A_4_68	23_Sutta_AN_4.txt	1946
A_4_69	23_Sutta_AN_4.txt	1977
A_4_70	23_Sutta_AN_4.txt	1993
A_4_71	23_Sutta_AN_4.txt	2019
A_4_72	23_Sutta_AN_4.txt	2041
A_4_73	23_Sutta_AN_4.txt	2056
A_4_74	23_Sutta_AN_4.txt	2072
A_4_75	23_Sutta_AN_4.txt	2104
A_4_78	23_Sutta_AN_4.txt	2194
A_4_79	23_Sutta_AN_4.txt	2236
A_4_80	23_Sutta_AN_4.txt	2267
A_4_81	23_Sutta_AN_4.txt	2303
A_4_82	23_Sutta_AN_4.txt	2331
A_4_83	23_Sutta_AN_4.txt	2359
A_4_84	23_Sutta_AN_4.txt	2388
A_4_85	23_Sutta_AN_4.txt	2420
A_4_86	23_Sutta_AN_4.txt	2444
A_4_87	23_Sutta_AN_4.txt	2469
A_4_88	23_Sutta_AN_4.txt	2496
A_4_92	23_Sutta_AN_4.txt	2603
A_4_95	23_Sutta_AN_4.txt	2716
A_4_99	23_Sutta_AN_4.txt	2850
A_4_100	23_Sutta_AN_4.txt	2883
A_4_104	23_Sutta_AN_4.txt	2979
A_4_105	23_Sutta_AN_4.txt	3005
A_4_106	23_Sutta_AN_4.txt	3029
A_4_107	23_Sutta_AN_4.txt	3049
A_4_108	23_Sutta_AN_4.txt	3076
A_4_109	23_Sutta_AN_4.txt	3099
A_4_113	23_Sutta_AN_4.txt	3188
A_4_114	23_Sutta_AN_4.txt	3213
A_4_115	23_Sutta_AN_4.txt	3244
A_4_116	23_Sutta_AN_4.txt	3264
A_4_117	23_Sutta_AN_4.txt	3291
A_4_118	23_Sutta_AN_4.txt	3318
A_4_120	23_Sutta_AN_4.txt	3375
A_4_121	23_Sutta_AN_4.txt	3407
A_4_122	23_Sutta_AN_4.txt	3429
A_4_124	23_Sutta_AN_4.txt	3478
A_4_125	23_Sutta_AN_4.txt	3511
A_4_126	23_Sutta_AN_4.txt	3529
A_4_127	23_Sutta_AN_4.txt	3569
A_4_128	23_Sutta_AN_4.txt	3588
A_4_130	23_Sutta_AN_4.txt	3655
A_4_131	23_Sutta_AN_4.txt	3678
A_4_132	23_Sutta_AN_4.txt	3702
A_4_133	23_Sutta_AN_4.txt	3733
A_4_134	23_Sutta_AN_4.txt	3760
A_4_135	23_Sutta_AN_4.txt	3793
A_4_136	23_Sutta_AN_4.txt	3825
A_4_137	23_Sutta_AN_4.txt	3852
A_4_138	23_Sutta_AN_4.txt	3879
A_4_139	23_Sutta_AN_4.txt	3913
A_4_141	23_Sutta_AN_4.txt	3975
A_4_142	23_Sutta_AN_4.txt	4004
A_4_143	23_Sutta_AN_4.txt	4037
A_4_144	23_Sutta_AN_4.txt	4069
A_4_145	23_Sutta_AN_4.txt	4096
A_4_146	23_Sutta_AN_4.txt	4123
A_4_147	23_Sutta_AN_4.txt	4160
A_4_148	23_Sutta_AN_4.txt	4179
A_4_150	23_Sutta_AN_4.txt	4237
A_4_152	23_Sutta_AN_4.txt	4286
A_4_154	23_Sutta_AN_4.txt	4346
A_4_158	23_Sutta_AN_4.txt	4466
A_4_159	23_Sutta_AN_4.txt	4501
A_4_162	23_Sutta_AN_4.txt	4581
A_4_163	23_Sutta_AN_4.txt	4613
A_4_165	23_Sutta_AN_4.txt	4667
A_4_166	23_Sutta_AN_4.txt	4695
A_4_169	23_Sutta_AN_4.txt	4778
A_4_170	23_Sutta_AN_4.txt	4802
A_4_173	23_Sutta_AN_4.txt	4886
A_4_175	23_Sutta_AN_4.txt	4958
A_4_177	23_Sutta_AN_4.txt	5020
A_4_178	23_Sutta_AN_4.txt	5051
A_4_179	23_Sutta_AN_4.txt	5080
A_4_181	23_Sutta_AN_4.txt	5143
A_4_182	23_Sutta_AN_4.txt	5171
A_4_183	23_Sutta_AN_4.txt	5207
A_4_184	23_Sutta_AN_4.txt	5253
A_4_185	23_Sutta_AN_4.txt	5287
A_4_186	23_Sutta_AN_4.txt	5313
A_4_187	23_Sutta_AN_4.txt	5342
A_4_188	23_Sutta_AN_4.txt	5370
A_4_189	23_Sutta_AN_4.txt	5399
A_4_190	23_Sutta_AN_4.txt	5424
A_4_191	23_Sutta_AN_4.txt	5452
A_4_192	23_Sutta_AN_4.txt	5479
A_4_193	23_Sutta_AN_4.txt	5512
A_4_194	23_Sutta_AN_4.txt	5538
A_4_195	23_Sutta_AN_4.txt	5560
A_4_196	23_Sutta_AN_4.txt	5592
A_4_197	23_Sutta_AN_4.txt	5620
A_4_198	23_Sutta_AN_4.txt	5653
A_4_199	23_Sutta_AN_4.txt	5683
A_4_200	23_Sutta_AN_4.txt	5709
A_4_202	23_Sutta_AN_4.txt	5764
A_4_203	23_Sutta_AN_4.txt	5791
A_4_206	23_Sutta_AN_4.txt	5876
A_4_208	23_Sutta_AN_4.txt	5939
A_4_209	23_Sutta_AN_4.txt	5970
A_4_210	23_Sutta_AN_4.txt	5997
A_4_211	23_Sutta_AN_4.txt	6025
A_4_212	23_Sutta_AN_4.txt	6045
A_4_213	23_Sutta_AN_4.txt	6084
A_4_215	23_Sutta_AN_4.txt	6126
A_4_216	23_Sutta_AN_4.txt	6151
A_4_217	23_Sutta_AN_4.txt	6181
A_4_218	23_Sutta_AN_4.txt	6216
A_4_219	23_Sutta_AN_4.txt	6244
A_4_220	23_Sutta_AN_4.txt	6273
A_4_221	23_Sutta_AN_4.txt	6303
A_4_222	23_Sutta_AN_4.txt	6332
A_4_223	23_Sutta_AN_4.txt	6368
A_4_224	23_Sutta_AN_4.txt	6393
A_4_225	23_Sutta_AN_4.txt	6422
A_4_226	23_Sutta_AN_4.txt	6448
A_4_227	23_Sutta_AN_4.txt	6474
A_4_229	23_Sutta_AN_4.txt	6536
A_4_230	23_Sutta_AN_4.txt	6572
A_4_231	23_Sutta_AN_4.txt	6599
A_4_232	23_Sutta_AN_4.txt	6623
A_4_233	23_Sutta_AN_4.txt	6646
A_4_234	23_Sutta_AN_4.txt	6678
A_4_236	23_Sutta_AN_4.txt	6758
A_4_237	23_Sutta_AN_4.txt	6784
A_4_238	23_Sutta_AN_4.txt	6816
A_4_240	23_Sutta_AN_4.txt	6879
A_4_241	23_Sutta_AN_4.txt	6901
A_4_242	23_Sutta_AN_4.txt	6928
A_4_243	23_Sutta_AN_4.txt	6956
A_4_245	23_Sutta_AN_4.txt	7016
A_4_247	23_Sutta_AN_4.txt	7079
A_4_248	23_Sutta_AN_4.txt	7108
A_4_249	23_Sutta_AN_4.txt	7144
A_4_250	23_Sutta_AN_4.txt	7172
A_4_253	23_Sutta_AN_4.txt	7258
A_4_254	23_Sutta_AN_4.txt	7287
A_4_256	23_Sutta_AN_4.txt	7352
A_4_257	23_Sutta_AN_4.txt	7379
A_4_260	23_Sutta_AN_4.txt	7464
A_4_261	23_Sutta_AN_4.txt	7493
A_4_263	23_Sutta_AN_4.txt	7556
A_4_264	23_Sutta_AN_4.txt	7584
A_4_265	23_Sutta_AN_4.txt	7614
A_4_266	23_Sutta_AN_4.txt	7642
A_4_267	23_Sutta_AN_4.txt	7673
A_4_268	23_Sutta_AN_4.txt	7705
A_4_269	23_Sutta_AN_4.txt	7718
A_4_270	23_Sutta_AN_4.txt	7749
A_4_271	23_Sutta_AN_4.txt	7786
A_4_272	23_Sutta_AN_4.txt	7819
A_4_273	23_Sutta_AN_4.txt	7853
A_4_274	23_Sutta_AN_4.txt	7907
A_4_276	23_Sutta_AN_4.txt	7984
A_4_277	23_Sutta_AN_4.txt	8011
A_4_278	23_Sutta_AN_4.txt	8038
A_4_279	23_Sutta_AN_4.txt	8071
A_4_280	23_Sutta_AN_4.txt	8106
A_4_281	23_Sutta_AN_4.txt	8138
A_4_282	23_Sutta_AN_4.txt	8170
A_4_283	23_Sutta_AN_4.txt	8204
A_4_284	23_Sutta_AN_4.txt	8232
A_4_285	23_Sutta_AN_4.txt	8270
A_4_286	23_Sutta_AN_4.txt	8302
A_4_288	23_Sutta_AN_4.txt	8360
A_4_289	23_Sutta_AN_4.txt	8396
A_4_290	23_Sutta_AN_4.txt	8433
A_4_291	23_Sutta_AN_4.txt	8464
A_4_292	23_Sutta_AN_4.txt	8486
A_4_293	23_Sutta_AN_4.txt	8514
A_4_295	23_Sutta_AN_4.txt	8582
A_4_296	23_Sutta_AN_4.txt	8614
A_4_297	23_Sutta_AN_4.txt	8645
A_4_298	23_Sutta_AN_4.txt	8675
A_4_299	23_Sutta_AN_4.txt	8710
A_4_300	23_Sutta_AN_4.txt	8736
A_4_302	23_Sutta_AN_4.txt	8795
A_4_303	23_Sutta_AN_4.txt	8822
A_4_304	23_Sutta_AN_4.txt	8848
A_4_307	23_Sutta_AN_4.txt	8932
A_4_308	23_Sutta_AN_4.txt	8961
A_4_309	23_Sutta_AN_4.txt	8990
A_4_310	23_Sutta_AN_4.txt	9017
A_4_313	23_Sutta_AN_4.txt	9109
A_4_315	23_Sutta_AN_4.txt	9167
A_4_316	23_Sutta_AN_4.txt	9194
A_4_317	23_Sutta_AN_4.txt	9217
A_4_318	23_Sutta_AN_4.txt	9267
A_4_319	23_Sutta_AN_4.txt	9312
A_4_320	23_Sutta_AN_4.txt	9344
A_4_321	23_Sutta_AN_4.txt	9376
A_4_324	23_Sutta_AN_4.txt	9477
A_4_325	23_Sutta_AN_4.txt	9510
A_4_326	23_Sutta_AN_4.txt	9543
A_4_327	23_Sutta_AN_4.txt	9577
A_4_328	23_Sutta_AN_4.txt	9606
A_4_329	23_Sutta_AN_4.txt	9635
A_4_330	23_Sutta_AN_4.txt	9665
A_4_331	23_Sutta_AN_4.txt	9690
A_4_332	23_Sutta_AN_4.txt	9717
A_4_333	23_Sutta_AN_4.txt	9756
A_4_334	23_Sutta_AN_4.txt	9784
A_4_338	23_Sutta_AN_4.txt	9924
A_4_339	23_Sutta_AN_4.txt	9953
A_4_340	23_Sutta_AN_4.txt	9979
A_4_341	23_Sutta_AN_4.txt	10011
A_4_343	23_Sutta_AN_4.txt	10063
A_4_344	23_Sutta_AN_4.txt	10099
A_4_345	23_Sutta_AN_4.txt	10149
A_4_346	23_Sutta_AN_4.txt	10184
A_4_347	23_Sutta_AN_4.txt	10213
A_4_349	23_Sutta_AN_4.txt	10284
A_4_350	23_Sutta_AN_4.txt	10313
A_4_353	23_Sutta_AN_4.txt	10402
A_4_354	23_Sutta_AN_4.txt	10433
A_4_355	23_Sutta_AN_4.txt	10462
A_4_357	23_Sutta_AN_4.txt	10527
A_4_358	23_Sutta_AN_4.txt	10563
A_4_359	23_Sutta_AN_4.txt	10594
A_4_360	23_Sutta_AN_4.txt	10615
A_4_361	23_Sutta_AN_4.txt	10643
A_4_362	23_Sutta_AN_4.txt	10689
A_4_363	23_Sutta_AN_4.txt	10718
A_4_364	23_Sutta_AN_4.txt	10752
A_4_365	23_Sutta_AN_4.txt	10778
A_4_366	23_Sutta_AN_4.txt	10808
A_4_367	23_Sutta_AN_4.txt	10834
A_4_369	23_Sutta_AN_4.txt	10891
A_4_370	23_Sutta_AN_4.txt	10917
A_4_371	23_Sutta_AN_4.txt	10940
A_4_372	23_Sutta_AN_4.txt	10965
A_4_373	23_Sutta_AN_4.txt	10989
A_4_375	23_Sutta_AN_4.txt	11057
A_4_377	23_Sutta_AN_4.txt	11124
A_4_378	23_Sutta_AN_4.txt	11155
A_4_379	23_Sutta_AN_4.txt	11186
A_4_381	23_Sutta_AN_4.txt	11250
A_4_382	23_Sutta_AN_4.txt	11279
A_4_383	23_Sutta_AN_4.txt	11310
A_4_384	23_Sutta_AN_4.txt	11341
A_4_386	23_Sutta_AN_4.txt	11395
A_4_387	23_Sutta_AN_4.txt	11419
A_4_388	23_Sutta_AN_4.txt	11452
A_4_389	23_Sutta_AN_4.txt	11474
A_4_390	23_Sutta_AN_4.txt	11476
A_4_391	23_Sutta_AN_4.txt	11501
A_4_392	23_Sutta_AN_4.txt	11530
A_4_393	23_Sutta_AN_4.txt	11554
A_4_394	23_Sutta_AN_4.txt	11583
A_4_395	23_Sutta_AN_4.txt	11604
A_4_396	23_Sutta_AN_4.txt	11635
A_4_397	23_Sutta_AN_4.txt	11673
A_4_398	23_Sutta_AN_4.txt	11702
A_4_399	23_Sutta_AN_4.txt	11728
A_4_402	23_Sutta_AN_4.txt	11833
A_4_403	23_Sutta_AN_4.txt	11864
A_4_404	23_Sutta_AN_4.txt	11915
A_4_405	23_Sutta_AN_4.txt	11939
A_4_407	23_Sutta_AN_4.txt	11995
A_4_409	23_Sutta_AN_4.txt	12073
A_4_410	23_Sutta_AN_4.txt	12106
A_4_413	23_Sutta_AN_4.txt	12174
A_4_414	23_Sutta_AN_4.txt	12204
A_4_415	23_Sutta_AN_4.txt	12231
A_4_416	23_Sutta_AN_4.txt	12263
A_4_417	23_Sutta_AN_4.txt	12296
A_4_420	23_Sutta_AN_4.txt	12402
A_4_422	23_Sutta_AN_4.txt	12473
A_4_423	23_Sutta_AN_4.txt	12494
A_4_424	23_Sutta_AN_4.txt	12522
A_4_425	23_Sutta_AN_4.txt	12549
A_4_427	23_Sutta_AN_4.txt	12636
A_4_429	23_Sutta_AN_4.txt	12693
A_4_430	23_Sutta_AN_4.txt	12725
A_4_432	23_Sutta_AN_4.txt	12804
A_4_433	23_Sutta_AN_4.txt	12830
A_4_434	23_Sutta_AN_4.txt	12870
A_4_435	23_Sutta_AN_4.txt	12897
A_4_437	23_Sutta_AN_4.txt	12948
A_4_439	23_Sutta_AN_4.txt	13000
A_4_441	23_Sutta_AN_4.txt	13066
A_4_442	23_Sutta_AN_4.txt	13096
A_4_443	23_Sutta_AN_4.txt	13128
A_4_444	23_Sutta_AN_4.txt	13158
A_4_445	23_Sutta_AN_4.txt	13189
A_4_446	23_Sutta_AN_4.txt	13220
A_4_448	23_Sutta_AN_4.txt	13284
A_4_449	23_Sutta_AN_4.txt	13314
A_4_450	23_Sutta_AN_4.txt	13344
A_4_451	23_Sutta_AN_4.txt	13380
A_4_454	23_Sutta_AN_4.txt	13511
A_4_456	23_Sutta_AN_4.txt	13585
A_4_458	23_Sutta_AN_4.txt	13654
A_4_459	23_Sutta_AN_4.txt	13686
A_4_460	23_Sutta_AN_4.txt	13726
A_4_461	23_Sutta_AN_4.txt	13759
A_4_463	23_Sutta_AN_4.txt	13831
A_4_464	23_Sutta_AN_4.txt	13866
A_4_465	23_Sutta_AN_4.txt	13902
A_4_466	23_Sutta_AN_4.txt	13936
A_5_1	24_Sutta_AN_5.txt	10
A_5_2	24_Sutta_AN_5.txt	34
A_5_3	24_Sutta_AN_5.txt	62
A_5_4	24_Sutta_AN_5.txt	87
A_5_5	24_Sutta_AN_5.txt	118
A_5_6	24_Sutta_AN_5.txt	169
A_5_7	24_Sutta_AN_5.txt	197
A_5_8	24_Sutta_AN_5.txt	226
A_5_9	24_Sutta_AN_5.txt	254
A_5_10	24_Sutta_AN_5.txt	286
A_5_11	24_Sutta_AN_5.txt	313
A_5_12	24_Sutta_AN_5.txt	335
A_5_13	24_Sutta_AN_5.txt	362
A_5_14	24_Sutta_AN_5.txt	389
A_5_15	24_Sutta_AN_5.txt	415
A_5_16	24_Sutta_AN_5.txt	442
A_5_18	24_Sutta_AN_5.txt	502
A_5_19	24_Sutta_AN_5.txt	531
A_5_20	24_Sutta_AN_5.txt	561
A_5_21	24_Sutta_AN_5.txt	592
A_5_23	24_Sutta_AN_5.txt	646
A_5_24	24_Sutta_AN_5.txt	666
A_5_25	24_Sutta_AN_5.txt	690
A_5_26	24_Sutta_AN_5.txt	712
A_5_27	24_Sutta_AN_5.txt	735
A_5_28	24_Sutta_AN_5.txt	759
A_5_29	24_Sutta_AN_5.txt	786
A_5_30	24_Sutta_AN_5.txt	802
A_5_31	24_Sutta_AN_5.txt	825
A_5_32	24_Sutta_AN_5.txt	858
A_5_33	24_Sutta_AN_5.txt	885
A_5_34	24_Sutta_AN_5.txt	917
A_5_35	24_Sutta_AN_5.txt	941
A_5_36	24_Sutta_AN_5.txt	973
A_5_37	24_Sutta_AN_5.txt	1004
A_5_38	24_Sutta_AN_5.txt	1028
A_5_39	24_Sutta_AN_5.txt	1061
A_5_40	24_Sutta_AN_5.txt	1089
A_5_41	24_Sutta_AN_5.txt	1118
A_5_42	24_Sutta_AN_5.txt	1145
A_5_43	24_Sutta_AN_5.txt	1172
A_5_44	24_Sutta_AN_5.txt	1200
A_5_45	24_Sutta_AN_5.txt	1227
A_5_46	24_Sutta_AN_5.txt	1253
A_5_50	24_Sutta_AN_5.txt	1360
A_5_51	24_Sutta_AN_5.txt	1390
A_5_52	24_Sutta_AN_5.txt	1419
A_5_53	24_Sutta_AN_5.txt	1444
A_5_54	24_Sutta_AN_5.txt	1469
A_5_55	24_Sutta_AN_5.txt	1492
A_5_56	24_Sutta_AN_5.txt	1516
A_5_59	24_Sutta_AN_5.txt	1591
A_5_60	24_Sutta_AN_5.txt	1613
A_5_61	24_Sutta_AN_5.txt	1648
A_5_62	24_Sutta_AN_5.txt	1672
A_5_63	24_Sutta_AN_5.txt	1702
A_5_64	24_Sutta_AN_5.txt	1734
A_5_66	24_Sutta_AN_5.txt	1787
A_5_67	24_Sutta_AN_5.txt	1804
A_5_68	24_Sutta_AN_5.txt	1829
A_5_69	24_Sutta_AN_5.txt	1858
A_5_73	24_Sutta_AN_5.txt	1964
A_5_74	24_Sutta_AN_5.txt	1983
A_5_75	24_Sutta_AN_5.txt	2015
A_5_79	24_Sutta_AN_5.txt	2136
A_5_80	24_Sutta_AN_5.txt	2161
A_5_81	24_Sutta_AN_5.txt	2191
A_5_82	24_Sutta_AN_5.txt	2216
A_5_83	24_Sutta_AN_5.txt	2251
A_5_84	24_Sutta_AN_5.txt	2281
A_5_85	24_Sutta_AN_5.txt	2307
A_5_86	24_Sutta_AN_5.txt	2339
A_5_87	24_Sutta_AN_5.txt	2367
A_5_89	24_Sutta_AN_5.txt	2432
A_5_90	24_Sutta_AN_5.txt	2461
A_5_93	24_Sutta_AN_5.txt	2557
A_5_94	24_Sutta_AN_5.txt	2594
A_5_95	24_Sutta_AN_5.txt	2626
A_5_96	24_Sutta_AN_5.txt	2653
A_5_98	24_Sutta_AN_5.txt	2722
A_5_99	24_Sutta_AN_5.txt	2752
A_5_100	24_Sutta_AN_5.txt	2779
A_5_101	24_Sutta_AN_5.txt	2814
A_5_102	24_Sutta_AN_5.txt	2843
A_5_103	24_Sutta_AN_5.txt	2871
A_5_104	24_Sutta_AN_5.txt	2904
A_5_105	24_Sutta_AN_5.txt	2936
A_5_106	24_Sutta_AN_5.txt	2967
A_5_107	24_Sutta_AN_5.txt	3002
A_5_108	24_Sutta_AN_5.txt	3029
A_5_109	24_Sutta_AN_5.txt	3056
A_5_110	24_Sutta_AN_5.txt	3097
A_5_112	24_Sutta_AN_5.txt	3171
A_5_113	24_Sutta_AN_5.txt	3204
A_5_114	24_Sutta_AN_5.txt	3235
A_5_115	24_Sutta_AN_5.txt	3263
A_5_117	24_Sutta_AN_5.txt	3328
A_5_118	24_Sutta_AN_5.txt	3352
A_5_119	24_Sutta_AN_5.txt	3387
A_5_120	24_Sutta_AN_5.txt	3414
A_5_121	24_Sutta_AN_5.txt	3445
A_5_122	24_Sutta_AN_5.txt	3471
A_5_123	24_Sutta_AN_5.txt	3506
A_5_126	24_Sutta_AN_5.txt	3610
A_5_128	24_Sutta_AN_5.txt	3681
A_5_130	24_Sutta_AN_5.txt	3753
A_5_132	24_Sutta_AN_5.txt	3814
A_5_133	24_Sutta_AN_5.txt	3844
A_5_134	24_Sutta_AN_5.txt	3873
A_5_135	24_Sutta_AN_5.txt	3900
A_5_136	24_Sutta_AN_5.txt	3928
A_5_137	24_Sutta_AN_5.txt	3953
A_5_138	24_Sutta_AN_5.txt	3987
A_5_140	24_Sutta_AN_5.txt	4043
A_5_141	24_Sutta_AN_5.txt	4062
A_5_142	24_Sutta_AN_5.txt	4089
A_5_145	24_Sutta_AN_5.txt	4173
A_5_146	24_Sutta_AN_5.txt	4199
A_5_147	24_Sutta_AN_5.txt	4221
A_5_148	24_Sutta_AN_5.txt	4251
A_5_149	24_Sutta_AN_5.txt	4279
A_5_150	24_Sutta_AN_5.txt	4307
A_5_151	24_Sutta_AN_5.txt	4337
A_5_152	24_Sutta_AN_5.txt	4368
A_5_153	24_Sutta_AN_5.txt	4392
A_5_155	24_Sutta_AN_5.txt	4459
A_5_156	24_Sutta_AN_5.txt	4491
A_5_157	24_Sutta_AN_5.txt	4524
A_5_158	24_Sutta_AN_5.txt	4555
A_5_159	24_Sutta_AN_5.txt	4583
A_5_160	24_Sutta_AN_5.txt	4607
A_5_162	24_Sutta_AN_5.txt	4665
A_5_163	24_Sutta_AN_5.txt	4690
A_5_165	24_Sutta_AN_5.txt	4746
A_5_166	24_Sutta_AN_5.txt	4777
A_5_167	24_Sutta_AN_5.txt	4807
A_5_168	24_Sutta_AN_5.txt	4834
A_5_169	24_Sutta_AN_5.txt	4865
A_5_170	24_Sutta_AN_5.txt	4888
A_5_171	24_Sutta_AN_5.txt	4920
A_5_173	24_Sutta_AN_5.txt	4988
A_5_175	24_Sutta_AN_5.txt	5053
A_5_176	24_Sutta_AN_5.txt	5077
A_5_178	24_Sutta_AN_5.txt	5133
A_5_179	24_Sutta_AN_5.txt	5163
A_5_181	24_Sutta_AN_5.txt	5218
A_5_182	24_Sutta_AN_5.txt	5245
A_5_184	24_Sutta_AN_5.txt	5303
A_5_185	24_Sutta_AN_5.txt	5333
A_5_186	24_Sutta_AN_5.txt	5362
A_5_187	24_Sutta_AN_5.txt	5394
A_5_188	24_Sutta_AN_5.txt	5424
A_5_189	24_Sutta_AN_5.txt	5457
A_5_190	24_Sutta_AN_5.txt	5488
A_5_191	24_Sutta_AN_5.txt	5517
A_5_193	24_Sutta_AN_5.txt	5577
A_5_195	24_Sutta_AN_5.txt	5635
A_5_196	24_Sutta_AN_5.txt	5663
A_5_197	24_Sutta_AN_5.txt	5697
A_5_198	24_Sutta_AN_5.txt	5748
A_5_200	24_Sutta_AN_5.txt	5810
A_5_201	24_Sutta_AN_5.txt	5848
A_5_202	24_Sutta_AN_5.txt	5881
A_5_203	24_Sutta_AN_5.txt	5910
A_5_205	24_Sutta_AN_5.txt	5969
A_5_206	24_Sutta_AN_5.txt	5996
A_5_207	24_Sutta_AN_5.txt	6033
A_5_208	24_Sutta_AN_5.txt	6064
A_5_209	24_Sutta_AN_5.txt	6095
A_5_211	24_Sutta_AN_5.txt	6148
A_5_212	24_Sutta_AN_5.txt	6177
A_5_213	24_Sutta_AN_5.txt	6207
A_5_214	24_Sutta_AN_5.txt	6235
A_5_215	24_Sutta_AN_5.txt	6265
A_5_216	24_Sutta_AN_5.txt	6296
A_5_217	24_Sutta_AN_5.txt	6331
A_5_218	24_Sutta_AN_5.txt	6362
A_5_219	24_Sutta_AN_5.txt	6396
A_5_220	24_Sutta_AN_5.txt	6428
A_5_222	24_Sutta_AN_5.txt	6497
A_5_223	24_Sutta_AN_5.txt	6527
A_5_225	24_Sutta_AN_5.txt	6597
A_5_227	24_Sutta_AN_5.txt	6656
A_5_228	24_Sutta_AN_5.txt	6686
A_5_229	24_Sutta_AN_5.txt	6720
A_5_230	24_Sutta_AN_5.txt	6753
A_5_231	24_Sutta_AN_5.txt	6786
A_5_232	24_Sutta_AN_5.txt	6812
A_5_234	24_Sutta_AN_5.txt	6895
A_5_236	24_Sutta_AN_5.txt	6957
A_5_237	24_Sutta_AN_5.txt	6989
A_5_238	24_Sutta_AN_5.txt	7020
A_5_239	24_Sutta_AN_5.txt	7056
A_5_240	24_Sutta_AN_5.txt	7089
A_5_241	24_Sutta_AN_5.txt	7115
A_5_243	24_Sutta_AN_5.txt	7184
A_5_244	24_Sutta_AN_5.txt	7211
A_5_245	24_Sutta_AN_5.txt	7239
A_5_247	24_Sutta_AN_5.txt	7321
A_5_248	24_Sutta_AN_5.txt	7361
A_5_249	24_Sutta_AN_5.txt	7380
A_5_251	24_Sutta_AN_5.txt	7440
A_5_255	24_Sutta_AN_5.txt	7596
A_5_256	24_Sutta_AN_5.txt	7622
A_5_257	24_Sutta_AN_5.txt	7651
A_5_258	24_Sutta_AN_5.txt	7682
A_5_259	24_Sutta_AN_5.txt	7723
A_5_260	24_Sutta_AN_5.txt	7753
A_5_261	24_Sutta_AN_5.txt	7783
A_5_262	24_Sutta_AN_5.txt	7815
A_5_263	24_Sutta_AN_5.txt	7842
A_5_265	24_Sutta_AN_5.txt	7906
A_5_266	24_Sutta_AN_5.txt	7937
A_5_267	24_Sutta_AN_5.txt	7972
A_5_268	24_Sutta_AN_5.txt	7998
A_5_269	24_Sutta_AN_5.txt	8026
A_5_270	24_Sutta_AN_5.txt	8058
A_5_271	24_Sutta_AN_5.txt	8095
A_5_272	24_Sutta_AN_5.txt	8129
A_5_274	24_Sutta_AN_5.txt	8183
A_5_276	24_Sutta_AN_5.txt	8245
A_5_277	24_Sutta_AN_5.txt	8278
A_5_278	24_Sutta_AN_5.txt	8312
A_5_279	24_Sutta_AN_5.txt	8345
A_5_280	24_Sutta_AN_5.txt	8370
A_5_281	24_Sutta_AN_5.txt	8396
A_5_282	24_Sutta_AN_5.txt	8426
A_5_283	24_Sutta_AN_5.txt	8475
A_5_284	24_Sutta_AN_5.txt	8498
A_5_285	24_Sutta_AN_5.txt	8531
A_5_286	24_Sutta_AN_5.txt	8557
A_5_287	24_Sutta_AN_5.txt	8560
A_5_288	24_Sutta_AN_5.txt	8583
A_5_289	24_Sutta_AN_5.txt	8602
A_5_291	24_Sutta_AN_5.txt	8669
A_5_292	24_Sutta_AN_5.txt	8696
A_5_293	24_Sutta_AN_5.txt	8728
A_5_294	24_Sutta_AN_5.txt	8756
A_5_295	24_Sutta_AN_5.txt	8783
A_5_296	24_Sutta_AN_5.txt	8811
A_5_298	24_Sutta_AN_5.txt	8867
A_5_299	24_Sutta_AN_5.txt	8901
A_5_300	24_Sutta_AN_5.txt	8933
A_5_304	24_Sutta_AN_5.txt	9065
A_5_305	24_Sutta_AN_5.txt	9101
A_5_306	24_Sutta_AN_5.txt	9132
A_5_307	24_Sutta_AN_5.txt	9169
A_5_308	24_Sutta_AN_5.txt	9205
A_5_309	24_Sutta_AN_5.txt	9246
A_5_310	24_Sutta_AN_5.txt	9271
A_5_312	24_Sutta_AN_5.txt	9344
A_5_313	24_Sutta_AN_5.txt	9376
A_5_314	24_Sutta_AN_5.txt	9406
A_5_315	24_Sutta_AN_5.txt	9440
A_5_318	24_Sutta_AN_5.txt	9525
A_5_319	24_Sutta_AN_5.txt	9564
A_5_320	24_Sutta_AN_5.txt	9590
A_5_321	24_Sutta_AN_5.txt	9617
A_5_322	24_Sutta_AN_5.txt	9649
A_5_324	24_Sutta_AN_5.txt	9705
A_5_325	24_Sutta_AN_5.txt	9738
A_5_327	24_Sutta_AN_5.txt	9811
A_5_328	24_Sutta_AN_5.txt	9848
A_5_329	24_Sutta_AN_5.txt	9882
A_5_330	24_Sutta_AN_5.txt	9909
A_5_331	24_Sutta_AN_5.txt	9952
A_5_332	24_Sutta_AN_5.txt	9986
A_5_333	24_Sutta_AN_5.txt	10020
A_5_334	24_Sutta_AN_5.txt	10045
A_5_335	24_Sutta_AN_5.txt	10073
A_5_336	24_Sutta_AN_5.txt	10105
A_5_337	24_Sutta_AN_5.txt	10147
A_5_338	24_Sutta_AN_5.txt	10171
A_5_340	24_Sutta_AN_5.txt	10246
A_5_341	24_Sutta_AN_5.txt	10280
A_5_342	24_Sutta_AN_5.txt	10311
A_5_345	24_Sutta_AN_5.txt	10406
A_5_346	24_Sutta_AN_5.txt	10442
A_5_347	24_Sutta_AN_5.txt	10473
A_5_349	24_Sutta_AN_5.txt	10544
A_5_351	24_Sutta_AN_5.txt	10622
A_5_352	24_Sutta_AN_5.txt	10652
A_5_353	24_Sutta_AN_5.txt	10680
A_5_354	24_Sutta_AN_5.txt	10713
A_5_355	24_Sutta_AN_5.txt	10740
A_5_356	24_Sutta_AN_5.txt	10775
A_5_358	24_Sutta_AN_5.txt	10837
A_5_359	24_Sutta_AN_5.txt	10884
A_5_360	24_Sutta_AN_5.txt	10908
A_5_361	24_Sutta_AN_5.txt	10938
J_1_104	27_Sutta_Khu_Jaa_1.txt	9
J_1_109	27_Sutta_Khu_Jaa_1.txt	18
J_1_113	27_Sutta_Khu_Jaa_1.txt	36
J_1_122	27_Sutta_Khu_Jaa_1.txt	45
J_1_129	27_Sutta_Khu_Jaa_1.txt	74
J_1_135	27_Sutta_Khu_Jaa_1.txt	83
J_1_136	27_Sutta_Khu_Jaa_1.txt	92
J_1_138	27_Sutta_Khu_Jaa_1.txt	101
J_1_141	27_Sutta_Khu_Jaa_1.txt	115
J_1_144	27_Sutta_Khu_Jaa_1.txt	136
J_1_152	27_Sutta_Khu_Jaa_1.txt	152
J_1_155	27_Sutta_Khu_Jaa_1.txt	161
J_1_158	27_Sutta_Khu_Jaa_1.txt	171
J_1_160	27_Sutta_Khu_Jaa_1.txt	182
J_1_163	27_Sutta_Khu_Jaa_1.txt	197
J_1_165	27_Sutta_Khu_Jaa_1.txt	208
J_1_168	27_Sutta_Khu_Jaa_1.txt	217
J_1_169	27_Sutta_Khu_Jaa_1.txt	233
J_1_171	27_Sutta_Khu_Jaa_1.txt	242
J_1_174	27_Sutta_Khu_Jaa_1.txt	263
J_1_177	27_Sutta_Khu_Jaa_1.txt	280
J_1_180	27_Sutta_Khu_Jaa_1.txt	291
J_1_181	27_Sutta_Khu_Jaa_1.txt	300
J_1_185	27_Sutta_Khu_Jaa_1.txt	315
J_1_188	27_Sutta_Khu_Jaa_1.txt	324
J_1_190	27_Sutta_Khu_Jaa_1.txt	335
J_1_193	27_Sutta_Khu_Jaa_1.txt	352
J_1_196	27_Sutta_Khu_Jaa_1.txt	362
J_1_197	27_Sutta_Khu_Jaa_1.txt	371
J_1_203	27_Sutta_Khu_Jaa_1.txt	397
J_1_207	27_Sutta_Khu_Jaa_1.txt	408
J_1_209	27_Sutta_Khu_Jaa_1.txt	419
J_1_211	27_Sutta_Khu_Jaa_1.txt	433
J_1_214	27_Sutta_Khu_Jaa_1.txt	442
J_1_216	27_Sutta_Khu_Jaa_1.txt	451
J_1_219	27_Sutta_Khu_Jaa_1.txt	460
J_1_223	27_Sutta_Khu_Jaa_1.txt	474
J_1_226	27_Sutta_Khu_Jaa_1.txt	483
J_1_233	27_Sutta_Khu_Jaa_1.txt	492
J_1_241	27_Sutta_Khu_Jaa_1.txt	518
J_1_244	27_Sutta_Khu_Jaa_1.txt	528
J_1_246	27_Sutta_Khu_Jaa_1.txt	539
J_1_247	27_Sutta_Khu_Jaa_1.txt	555
J_1_249	27_Sutta_Khu_Jaa_1.txt	566
J_1_251	27_Sutta_Khu_Jaa_1.txt	575
J_1_252	27_Sutta_Khu_Jaa_1.txt	584
J_1_256	27_Sutta_Khu_Jaa_1.txt	594
J_1_258	27_Sutta_Khu_Jaa_1.txt	603
J_1_260	27_Sutta_Khu_Jaa_1.txt	612
J_1_267	27_Sutta_Khu_Jaa_1.txt	640
J_1_268	27_Sutta_Khu_Jaa_1.txt	649
J_1_269	27_Sutta_Khu_Jaa_1.txt	658
J_1_272	27_Sutta_Khu_Jaa_1.txt	673
J_1_275	27_Sutta_Khu_Jaa_1.txt	682
J_1_278	27_Sutta_Khu_Jaa_1.txt	691
J_1_280	27_Sutta_Khu_Jaa_1.txt	701
J_1_282	27_Sutta_Khu_Jaa_1.txt	715
J_1_283	27_Sutta_Khu_Jaa_1.txt	724
J_1_284	27_Sutta_Khu_Jaa_1.txt	733
J_1_288	27_Sutta_Khu_Jaa_1.txt	760
J_1_293	27_Sutta_Khu_Jaa_1.txt	770
J_1_298	27_Sutta_Khu_Jaa_1.txt	779
J_1_300	27_Sutta_Khu_Jaa_1.txt	794
J_1_302	27_Sutta_Khu_Jaa_1.txt	803
J_1_306	27_Sutta_Khu_Jaa_1.txt	812
J_1_308	27_Sutta_Khu_Jaa_1.txt	821
J_1_309	27_Sutta_Khu_Jaa_1.txt	836
J_1_311	27_Sutta_Khu_Jaa_1.txt	845
J_1_313	27_Sutta_Khu_Jaa_1.txt	854
J_1_319	27_Sutta_Khu_Jaa_1.txt	876
J_1_322	27_Sutta_Khu_Jaa_1.txt	885
J_1_326	27_Sutta_Khu_Jaa_1.txt	892
J_1_329	27_Sutta_Khu_Jaa_1.txt	901
J_1_332	27_Sutta_Khu_Jaa_1.txt	918
J_1_334	27_Sutta_Khu_Jaa_1.txt	927
J_1_344	27_Sutta_Khu_Jaa_1.txt	936
J_1_353	27_Sutta_Khu_Jaa_1.txt	957
J_1_355	27_Sutta_Khu_Jaa_1.txt	966
J_1_359	27_Sutta_Khu_Jaa_1.txt	977
J_1_362	27_Sutta_Khu_Jaa_1.txt	1006
J_1_363	27_Sutta_Khu_Jaa_1.txt	1015
J_1_365	27_Sutta_Khu_Jaa_1.txt	1030
J_1_366	27_Sutta_Khu_Jaa_1.txt	1043
J_1_368	27_Sutta_Khu_Jaa_1.txt	1060
J_1_371	27_Sutta_Khu_Jaa_1.txt	1069
J_1_374	27_Sutta_Khu_Jaa_1.txt	1078
J_1_375	27_Sutta_Khu_Jaa_1.txt	1089
J_1_376	27_Sutta_Khu_Jaa_1.txt	1103
J_1_378	27_Sutta_Khu_Jaa_1.txt	1112
J_1_380	27_Sutta_Khu_Jaa_1.txt	1133
J_1_387	27_Sutta_Khu_Jaa_1.txt	1150
J_1_389	27_Sutta_Khu_Jaa_1.txt	1159
J_1_390	27_Sutta_Khu_Jaa_1.txt	1168
J_1_392	27_Sutta_Khu_Jaa_1.txt	1182
J_1_400	27_Sutta_Khu_Jaa_1.txt	1191
J_1_403	27_Sutta_Khu_Jaa_1.txt	1202
J_1_405	27_Sutta_Khu_Jaa_1.txt	1219
J_1_407	27_Sutta_Khu_Jaa_1.txt	1228
J_1_410	27_Sutta_Khu_Jaa_1.txt	1239
J_1_410	27_Sutta_Khu_Jaa_1.txt	1269
J_1_412	27_Sutta_Khu_Jaa_1.txt	1280
J_1_413	27_Sutta_Khu_Jaa_1.txt	1296
J_1_414	27_Sutta_Khu_Jaa_1.txt	1305
J_1_415	27_Sutta_Khu_Jaa_1.txt	1315
J_1_417	27_Sutta_Khu_Jaa_1.txt	1324
J_1_420	27_Sutta_Khu_Jaa_1.txt	1338
J_1_421	27_Sutta_Khu_Jaa_1.txt	1345
J_1_423	27_Sutta_Khu_Jaa_1.txt	1354
J_1_426	27_Sutta_Khu_Jaa_1.txt	1363
J_1_428	27_Sutta_Khu_Jaa_1.txt	1430
J_1_429	27_Sutta_Khu_Jaa_1.txt	1439
J_1_431	27_Sutta_Khu_Jaa_1.txt	1454
J_1_432	27_Sutta_Khu_Jaa_1.txt	1463
J_1_435	27_Sutta_Khu_Jaa_1.txt	1472
J_1_436	27_Sutta_Khu_Jaa_1.txt	1481
J_1_440	27_Sutta_Khu_Jaa_1.txt	1495
J_1_443	27_Sutta_Khu_Jaa_1.txt	1516
J_1_445	27_Sutta_Khu_Jaa_1.txt	1533
J_1_449	27_Sutta_Khu_Jaa_1.txt	1542
J_1_450	27_Sutta_Khu_Jaa_1.txt	1552
J_1_454	27_Sutta_Khu_Jaa_1.txt	1561
J_1_458	27_Sutta_Khu_Jaa_1.txt	1575
J_1_459	27_Sutta_Khu_Jaa_1.txt	1584
J_1_461	27_Sutta_Khu_Jaa_1.txt	1593
J_1_462	27_Sutta_Khu_Jaa_1.txt	1602
J_1_464	27_Sutta_Khu_Jaa_1.txt	1618
J_1_467	27_Sutta_Khu_Jaa_1.txt	1639
J_1_470	27_Sutta_Khu_Jaa_1.txt	1655
J_1_472	27_Sutta_Khu_Jaa_1.txt	1666
J_1_473	27_Sutta_Khu_Jaa_1.txt	1677
J_1_474	27_Sutta_Khu_Jaa_1.txt	1694
J_1_476	27_Sutta_Khu_Jaa_1.txt	1703
J_1_480	27_Sutta_Khu_Jaa_1.txt	1712
J_1_481	27_Sutta_Khu_Jaa_1.txt	1721
J_1_483	27_Sutta_Khu_Jaa_1.txt	1732
J_1_486	27_Sutta_Khu_Jaa_1.txt	1741
J_1_488	27_Sutta_Khu_Jaa_1.txt	1764
J_1_490	27_Sutta_Khu_Jaa_1.txt	1773
J_1_493	27_Sutta_Khu_Jaa_1.txt	1780
J_1_494	27_Sutta_Khu_Jaa_1.txt	1789
J_1_496	27_Sutta_Khu_Jaa_1.txt	1806
J_1_498	27_Sutta_Khu_Jaa_1.txt	1813
J_1_500	27_Sutta_Khu_Jaa_1.txt	1824
J_1_503	27_Sutta_Khu_Jaa_1.txt	1839
J_1_507	27_Sutta_Khu_Jaa_1.txt	1848
J_1_511	27_Sutta_Khu_Jaa_1.txt	1857
J_2_10	27_Sutta_Khu_Jaa_1.txt	1943
J_2_11	27_Sutta_Khu_Jaa_1.txt	1947
J_2_14	27_Sutta_Khu_Jaa_1.txt	1956
J_2_14	27_Sutta_Khu_Jaa_1.txt	1962
J_2_16	27_Sutta_Khu_Jaa_1.txt	1979
J_2_16	27_Sutta_Khu_Jaa_1.txt	1983
J_2_22	27_Sutta_Khu_Jaa_1.txt	1992
J_2_22	27_Sutta_Khu_Jaa_1.txt	1996
J_2_28	27_Sutta_Khu_Jaa_1.txt	2006
J_2_29	27_Sutta_Khu_Jaa_1.txt	2010
J_2_31	27_Sutta_Khu_Jaa_1.txt	2026
J_2_32	27_Sutta_Khu_Jaa_1.txt	2030
J_2_33	27_Sutta_Khu_Jaa_1.txt	2039
J_2_40	27_Sutta_Khu_Jaa_1.txt	2072
J_2_40	27_Sutta_Khu_Jaa_1.txt	2076
J_2_42	27_Sutta_Khu_Jaa_1.txt	2103
J_2_42	27_Sutta_Khu_Jaa_1.txt	2109
J_2_44	27_Sutta_Khu_Jaa_1.txt	2126
J_2_44	27_Sutta_Khu_Jaa_1.txt	2132
J_2_48	27_Sutta_Khu_Jaa_1.txt	2143
J_2_49	27_Sutta_Khu_Jaa_1.txt	2149
J_2_51	27_Sutta_Khu_Jaa_1.txt	2166
J_2_52	27_Sutta_Khu_Jaa_1.txt	2170
J_2_53	27_Sutta_Khu_Jaa_1.txt	2179
J_2_53	27_Sutta_Khu_Jaa_1.txt	2183
J_2_56	27_Sutta_Khu_Jaa_1.txt	2192
J_2_56	27_Sutta_Khu_Jaa_1.txt	2202
J_2_57	27_Sutta_Khu_Jaa_1.txt	2211
J_2_58	27_Sutta_Khu_Jaa_1.txt	2215
J_2_60	27_Sutta_Khu_Jaa_1.txt	2224
J_2_60	27_Sutta_Khu_Jaa_1.txt	2228
J_2_61	27_Sutta_Khu_Jaa_1.txt	2237
J_2_61	27_Sutta_Khu_Jaa_1.txt	2243
J_2_65	27_Sutta_Khu_Jaa_1.txt	2283
J_2_65	27_Sutta_Khu_Jaa_1.txt	2289
J_2_67	27_Sutta_Khu_Jaa_1.txt	2300
J_2_67	27_Sutta_Khu_Jaa_1.txt	2304
J_2_69	27_Sutta_Khu_Jaa_1.txt	2319
J_2_69	27_Sutta_Khu_Jaa_1.txt	2323
J_2_71	27_Sutta_Khu_Jaa_1.txt	2332
J_2_71	27_Sutta_Khu_Jaa_1.txt	2338
J_2_73	27_Sutta_Khu_Jaa_1.txt	2347
J_2_73	27_Sutta_Khu_Jaa_1.txt	2351
J_2_75	27_Sutta_Khu_Jaa_1.txt	2366
J_2_75	27_Sutta_Khu_Jaa_1.txt	2372
J_2_77	27_Sutta_Khu_Jaa_1.txt	2381
J_2_78	27_Sutta_Khu_Jaa_1.txt	2385
J_2_80	27_Sutta_Khu_Jaa_1.txt	2400
J_2_80	27_Sutta_Khu_Jaa_1.txt	2405
J_2_84	27_Sutta_Khu_Jaa_1.txt	2415
J_2_84	27_Sutta_Khu_Jaa_1.txt	2419
J_2_86	27_Sutta_Khu_Jaa_1.txt	2428
J_2_86	27_Sutta_Khu_Jaa_1.txt	2432
J_2_91	27_Sutta_Khu_Jaa_1.txt	2455
J_2_91	27_Sutta_Khu_Jaa_1.txt	2459
J_2_95	27_Sutta_Khu_Jaa_1.txt	2468
J_2_95	27_Sutta_Khu_Jaa_1.txt	2474
J_2_97	27_Sutta_Khu_Jaa_1.txt	2483
J_2_97	27_Sutta_Khu_Jaa_1.txt	2489
J_2_98	27_Sutta_Khu_Jaa_1.txt	2500
J_2_99	27_Sutta_Khu_Jaa_1.txt	2510
J_2_100	27_Sutta_Khu_Jaa_1.txt	2520
J_2_100	27_Sutta_Khu_Jaa_1.txt	2527
J_2_106	27_Sutta_Khu_Jaa_1.txt	2545
J_2_106	27_Sutta_Khu_Jaa_1.txt	2549
J_2_107	27_Sutta_Khu_Jaa_1.txt	2559
J_2_107	27_Sutta_Khu_Jaa_1.txt	2563
J_2_108	27_Sutta_Khu_Jaa_1.txt	2572
J_2_109	27_Sutta_Khu_Jaa_1.txt	2582
J_2_110	27_Sutta_Khu_Jaa_1.txt	2589
J_2_110	27_Sutta_Khu_Jaa_1.txt	2593
J_2_112	27_Sutta_Khu_Jaa_1.txt	2602
J_2_112	27_Sutta_Khu_Jaa_1.txt	2606
J_2_114	27_Sutta_Khu_Jaa_1.txt	2629
J_2_115	27_Sutta_Khu_Jaa_1.txt	2633
J_2_120	27_Sutta_Khu_Jaa_1.txt	2661
J_2_120	27_Sutta_Khu_Jaa_1.txt	2667
J_2_123	27_Sutta_Khu_Jaa_1.txt	2678
J_2_124	27_Sutta_Khu_Jaa_1.txt	2684
J_2_126	27_Sutta_Khu_Jaa_1.txt	2699
J_2_126	27_Sutta_Khu_Jaa_1.txt	2703
J_2_130	27_Sutta_Khu_Jaa_1.txt	2712
J_2_130	27_Sutta_Khu_Jaa_1.txt	2716
J_2_131	27_Sutta_Khu_Jaa_1.txt	2725
J_2_131	27_Sutta_Khu_Jaa_1.txt	2735
J_2_133	27_Sutta_Khu_Jaa_1.txt	2744
J_2_134	27_Sutta_Khu_Jaa_1.txt	2748
J_2_136	27_Sutta_Khu_Jaa_1.txt	2757
J_2_136	27_Sutta_Khu_Jaa_1.txt	2761
J_2_137	27_Sutta_Khu_Jaa_1.txt	2777
J_2_138	27_Sutta_Khu_Jaa_1.txt	2781
J_2_140	27_Sutta_Khu_Jaa_1.txt	2800
J_2_140	27_Sutta_Khu_Jaa_1.txt	2812
J_2_144	27_Sutta_Khu_Jaa_1.txt	2823
J_2_144	27_Sutta_Khu_Jaa_1.txt	2827
J_2_145	27_Sutta_Khu_Jaa_1.txt	2836
J_2_147	27_Sutta_Khu_Jaa_1.txt	2854
J_2_150	27_Sutta_Khu_Jaa_1.txt	2863
J_2_150	27_Sutta_Khu_Jaa_1.txt	2867
J_2_152	27_Sutta_Khu_Jaa_1.txt	2878
J_2_152	27_Sutta_Khu_Jaa_1.txt	2889
J_2_153	27_Sutta_Khu_Jaa_1.txt	2898
J_2_155	27_Sutta_Khu_Jaa_1.txt	2902
J_2_157	27_Sutta_Khu_Jaa_1.txt	2911
J_2_157	27_Sutta_Khu_Jaa_1.txt	2915
J_2_160	27_Sutta_Khu_Jaa_1.txt	2932
J_2_160	27_Sutta_Khu_Jaa_1.txt	2936
J_2_161	27_Sutta_Khu_Jaa_1.txt	2945
J_2_162	27_Sutta_Khu_Jaa_1.txt	2949
J_2_163	27_Sutta_Khu_Jaa_1.txt	2958
J_2_163	27_Sutta_Khu_Jaa_1.txt	2962
J_2_166	27_Sutta_Khu_Jaa_1.txt	2993
J_2_167	27_Sutta_Khu_Jaa_1.txt	2999
J_2_168	27_Sutta_Khu_Jaa_1.txt	3014
J_2_169	27_Sutta_Khu_Jaa_1.txt	3018
J_2_172	27_Sutta_Khu_Jaa_1.txt	3027
J_2_172	27_Sutta_Khu_Jaa_1.txt	3031
J_2_174	27_Sutta_Khu_Jaa_1.txt	3040
J_2_175	27_Sutta_Khu_Jaa_1.txt	3052
J_2_177	27_Sutta_Khu_Jaa_1.txt	3061
J_2_177	27_Sutta_Khu_Jaa_1.txt	3065
J_2_178	27_Sutta_Khu_Jaa_1.txt	3075
J_2_178	27_Sutta_Khu_Jaa_1.txt	3085
J_2_180	27_Sutta_Khu_Jaa_1.txt	3094
J_2_180	27_Sutta_Khu_Jaa_1.txt	3100
J_2_183	27_Sutta_Khu_Jaa_1.txt	3111
J_2_183	27_Sutta_Khu_Jaa_1.txt	3123
J_2_185	27_Sutta_Khu_Jaa_1.txt	3134
J_2_185	27_Sutta_Khu_Jaa_1.txt	3136
J_2_190	27_Sutta_Khu_Jaa_1.txt	3146
J_2_191	27_Sutta_Khu_Jaa_1.txt	3150
J_2_198	27_Sutta_Khu_Jaa_1.txt	3178
J_2_198	27_Sutta_Khu_Jaa_1.txt	3182
J_2_202	27_Sutta_Khu_Jaa_1.txt	3193
J_2_202	27_Sutta_Khu_Jaa_1.txt	3197
J_2_205	27_Sutta_Khu_Jaa_1.txt	3207
J_2_205	27_Sutta_Khu_Jaa_1.txt	3213
J_2_206	27_Sutta_Khu_Jaa_1.txt	3230
J_2_206	27_Sutta_Khu_Jaa_1.txt	3234
J_2_207	27_Sutta_Khu_Jaa_1.txt	3243
J_2_207	27_Sutta_Khu_Jaa_1.txt	3247
J_2_208	27_Sutta_Khu_Jaa_1.txt	3256
J_2_208	27_Sutta_Khu_Jaa_1.txt	3261
J_2_211	27_Sutta_Khu_Jaa_1.txt	3278
J_2_211	27_Sutta_Khu_Jaa_1.txt	3283
J_2_214	27_Sutta_Khu_Jaa_1.txt	3292
J_2_215	27_Sutta_Khu_Jaa_1.txt	3298
J_2_217	27_Sutta_Khu_Jaa_1.txt	3315
J_2_217	27_Sutta_Khu_Jaa_1.txt	3321
J_2_219	27_Sutta_Khu_Jaa_1.txt	3332
J_2_220	27_Sutta_Khu_Jaa_1.txt	3348
J_2_223	27_Sutta_Khu_Jaa_1.txt	3371
J_2_223	27_Sutta_Khu_Jaa_1.txt	3383
J_2_226	27_Sutta_Khu_Jaa_1.txt	3394
J_2_226	27_Sutta_Khu_Jaa_1.txt	3398
J_2_228	27_Sutta_Khu_Jaa_1.txt	3407
J_2_228	27_Sutta_Khu_Jaa_1.txt	3413
J_2_230	27_Sutta_Khu_Jaa_1.txt	3430
J_2_231	27_Sutta_Khu_Jaa_1.txt	3434
J_2_232	27_Sutta_Khu_Jaa_1.txt	3443
J_2_233	27_Sutta_Khu_Jaa_1.txt	3447
J_2_234	27_Sutta_Khu_Jaa_1.txt	3464
J_2_234	27_Sutta_Khu_Jaa_1.txt	3468
J_2_235	27_Sutta_Khu_Jaa_1.txt	3477
J_2_235	27_Sutta_Khu_Jaa_1.txt	3481
J_2_236	27_Sutta_Khu_Jaa_1.txt	3490
J_2_236	27_Sutta_Khu_Jaa_1.txt	3494
J_2_238	27_Sutta_Khu_Jaa_1.txt	3510
J_2_239	27_Sutta_Khu_Jaa_1.txt	3514
J_2_241	27_Sutta_Khu_Jaa_1.txt	3523
J_2_242	27_Sutta_Khu_Jaa_1.txt	3529
J_2_245	27_Sutta_Khu_Jaa_1.txt	3562
J_2_245	27_Sutta_Khu_Jaa_1.txt	3566
J_2_247	27_Sutta_Khu_Jaa_1.txt	3581
J_2_247	27_Sutta_Khu_Jaa_1.txt	3585
J_2_252	27_Sutta_Khu_Jaa_1.txt	3594
J_2_252	27_Sutta_Khu_Jaa_1.txt	3598
J_2_258	27_Sutta_Khu_Jaa_1.txt	3607
J_2_258	27_Sutta_Khu_Jaa_1.txt	3611
J_2_260	27_Sutta_Khu_Jaa_1.txt	3625
J_2_261	27_Sutta_Khu_Jaa_1.txt	3629
J_2_262	27_Sutta_Khu_Jaa_1.txt	3638
J_2_263	27_Sutta_Khu_Jaa_1.txt	3642
J_2_264	27_Sutta_Khu_Jaa_1.txt	3651
J_2_264	27_Sutta_Khu_Jaa_1.txt	3655
J_2_266	27_Sutta_Khu_Jaa_1.txt	3670
J_2_266	27_Sutta_Khu_Jaa_1.txt	3674
J_2_267	27_Sutta_Khu_Jaa_1.txt	3683
J_2_268	27_Sutta_Khu_Jaa_1.txt	3689
J_2_269	27_Sutta_Khu_Jaa_1.txt	3705
J_2_270	27_Sutta_Khu_Jaa_1.txt	3711
J_2_275	27_Sutta_Khu_Jaa_1.txt	3757
J_2_275	27_Sutta_Khu_Jaa_1.txt	3761
J_2_276	27_Sutta_Khu_Jaa_1.txt	3765
J_2_280	27_Sutta_Khu_Jaa_1.txt	3774
J_2_280	27_Sutta_Khu_Jaa_1.txt	3778
J_2_280	27_Sutta_Khu_Jaa_1.txt	3782
J_2_284	27_Sutta_Khu_Jaa_1.txt	3798
J_2_284	27_Sutta_Khu_Jaa_1.txt	3804
J_2_285	27_Sutta_Khu_Jaa_1.txt	3810
J_2_289	27_Sutta_Khu_Jaa_1.txt	3821
J_2_289	27_Sutta_Khu_Jaa_1.txt	3825
J_2_289	27_Sutta_Khu_Jaa_1.txt	3835
J_2_293	27_Sutta_Khu_Jaa_1.txt	3844
J_2_293	27_Sutta_Khu_Jaa_1.txt	3848
J_2_293	27_Sutta_Khu_Jaa_1.txt	3852
J_2_296	27_Sutta_Khu_Jaa_1.txt	3861
J_2_298	27_Sutta_Khu_Jaa_1.txt	3889
J_2_298	27_Sutta_Khu_Jaa_1.txt	3893
J_2_299	27_Sutta_Khu_Jaa_1.txt	3897
J_2_313	27_Sutta_Khu_Jaa_1.txt	3906
J_2_313	27_Sutta_Khu_Jaa_1.txt	3910
J_2_313	27_Sutta_Khu_Jaa_1.txt	3914
J_2_316	27_Sutta_Khu_Jaa_1.txt	3929
J_2_317	27_Sutta_Khu_Jaa_1.txt	3935
J_2_317	27_Sutta_Khu_Jaa_1.txt	3941
J_2_320	27_Sutta_Khu_Jaa_1.txt	3960
J_2_320	27_Sutta_Khu_Jaa_1.txt	3964
J_2_320	27_Sutta_Khu_Jaa_1.txt	3968
J_2_322	27_Sutta_Khu_Jaa_1.txt	3997
J_2_322	27_Sutta_Khu_Jaa_1.txt	4001
J_2_322	27_Sutta_Khu_Jaa_1.txt	4005
J_2_324	27_Sutta_Khu_Jaa_1.txt	4015
J_2_326	27_Sutta_Khu_Jaa_1.txt	4019
J_2_326	27_Sutta_Khu_Jaa_1.txt	4023
J_2_330	27_Sutta_Khu_Jaa_1.txt	4037
J_2_330	27_Sutta_Khu_Jaa_1.txt	4041
J_2_330	27_Sutta_Khu_Jaa_1.txt	4045
J_2_334	27_Sutta_Khu_Jaa_1.txt	4054
J_2_334	27_Sutta_Khu_Jaa_1.txt	4058
J_2_334	27_Sutta_Khu_Jaa_1.txt	4062
J_2_336	27_Sutta_Khu_Jaa_1.txt	4071
J_2_336	27_Sutta_Khu_Jaa_1.txt	4083
J_2_336	27_Sutta_Khu_Jaa_1.txt	4089
J_2_340	27_Sutta_Khu_Jaa_1.txt	4100
J_2_340	27_Sutta_Khu_Jaa_1.txt	4104
J_2_340	27_Sutta_Khu_Jaa_1.txt	4108
J_2_343	27_Sutta_Khu_Jaa_1.txt	4123
J_2_343	27_Sutta_Khu_Jaa_1.txt	4129
J_2_344	27_Sutta_Khu_Jaa_1.txt	4133
J_2_346	27_Sutta_Khu_Jaa_1.txt	4142
J_2_346	27_Sutta_Khu_Jaa_1.txt	4146
J_2_346	27_Sutta_Khu_Jaa_1.txt	4158
J_2_350	27_Sutta_Khu_Jaa_1.txt	4167
J_2_350	27_Sutta_Khu_Jaa_1.txt	4171
J_2_350	27_Sutta_Khu_Jaa_1.txt	4175
J_2_353	27_Sutta_Khu_Jaa_1.txt	4184
J_2_353	27_Sutta_Khu_Jaa_1.txt	4188
J_2_353	27_Sutta_Khu_Jaa_1.txt	4192
J_2_354	27_Sutta_Khu_Jaa_1.txt	4219
J_2_355	27_Sutta_Khu_Jaa_1.txt	4223
J_2_355	27_Sutta_Khu_Jaa_1.txt	4227
J_2_357	27_Sutta_Khu_Jaa_1.txt	4241
J_2_357	27_Sutta_Khu_Jaa_1.txt	4245
J_2_358	27_Sutta_Khu_Jaa_1.txt	4249
J_2_360	27_Sutta_Khu_Jaa_1.txt	4258
J_2_360	27_Sutta_Khu_Jaa_1.txt	4262
J_2_360	27_Sutta_Khu_Jaa_1.txt	4266
J_2_363	27_Sutta_Khu_Jaa_1.txt	4275
J_2_364	27_Sutta_Khu_Jaa_1.txt	4287
J_2_364	27_Sutta_Khu_Jaa_1.txt	4291
J_2_365	27_Sutta_Khu_Jaa_1.txt	4300
J_2_365	27_Sutta_Khu_Jaa_1.txt	4304
J_2_365	27_Sutta_Khu_Jaa_1.txt	4308
J_2_369	27_Sutta_Khu_Jaa_1.txt	4317
J_2_370	27_Sutta_Khu_Jaa_1.txt	4329
J_2_370	27_Sutta_Khu_Jaa_1.txt	4333
J_2_383	27_Sutta_Khu_Jaa_1.txt	4344
J_2_383	27_Sutta_Khu_Jaa_1.txt	4350
J_2_384	27_Sutta_Khu_Jaa_1.txt	4356
J_2_386	27_Sutta_Khu_Jaa_1.txt	4375
J_2_386	27_Sutta_Khu_Jaa_1.txt	4379
J_2_386	27_Sutta_Khu_Jaa_1.txt	4383
J_2_389	27_Sutta_Khu_Jaa_1.txt	4392
J_2_389	27_Sutta_Khu_Jaa_1.txt	4397
J_2_390	27_Sutta_Khu_Jaa_1.txt	4411
J_2_391	27_Sutta_Khu_Jaa_1.txt	4420
J_2_391	27_Sutta_Khu_Jaa_1.txt	4424
J_2_392	27_Sutta_Khu_Jaa_1.txt	4428
J_2_395	27_Sutta_Khu_Jaa_1.txt	4453
J_2_395	27_Sutta_Khu_Jaa_1.txt	4457
J_2_398	27_Sutta_Khu_Jaa_1.txt	4461
J_2_402	27_Sutta_Khu_Jaa_1.txt	4470
J_2_402	27_Sutta_Khu_Jaa_1.txt	4474
J_2_403	27_Sutta_Khu_Jaa_1.txt	4478
J_2_407	27_Sutta_Khu_Jaa_1.txt	4492
J_2_407	27_Sutta_Khu_Jaa_1.txt	4498
J_2_409	27_Sutta_Khu_Jaa_1.txt	4504
J_2_413	27_Sutta_Khu_Jaa_1.txt	4515
J_2_413	27_Sutta_Khu_Jaa_1.txt	4526
J_2_415	27_Sutta_Khu_Jaa_1.txt	4530
J_2_418	27_Sutta_Khu_Jaa_1.txt	4539
J_2_418	27_Sutta_Khu_Jaa_1.txt	4543
J_2_418	27_Sutta_Khu_Jaa_1.txt	4547
J_2_420	27_Sutta_Khu_Jaa_1.txt	4556
J_2_420	27_Sutta_Khu_Jaa_1.txt	4560
J_2_420	27_Sutta_Khu_Jaa_1.txt	4570
J_2_421	27_Sutta_Khu_Jaa_1.txt	4579
J_2_422	27_Sutta_Khu_Jaa_1.txt	4583
J_2_422	27_Sutta_Khu_Jaa_1.txt	4587
J_2_425	27_Sutta_Khu_Jaa_1.txt	4596
J_2_425	27_Sutta_Khu_Jaa_1.txt	4602
J_2_426	27_Sutta_Khu_Jaa_1.txt	4614
J_2_428	27_Sutta_Khu_Jaa_1.txt	4625
J_2_428	27_Sutta_Khu_Jaa_1.txt	4629
J_2_429	27_Sutta_Khu_Jaa_1.txt	4633
J_2_429	27_Sutta_Khu_Jaa_1.txt	4643
J_2_430	27_Sutta_Khu_Jaa_1.txt	4647
J_2_430	27_Sutta_Khu_Jaa_1.txt	4657
J_2_432	27_Sutta_Khu_Jaa_1.txt	4678
J_2_432	27_Sutta_Khu_Jaa_1.txt	4682
J_2_432	27_Sutta_Khu_Jaa_1.txt	4686
J_2_435	27_Sutta_Khu_Jaa_1.txt	4701
J_2_435	27_Sutta_Khu_Jaa_1.txt	4705
J_2_435	27_Sutta_Khu_Jaa_1.txt	4709
J_2_437	27_Sutta_Khu_Jaa_1.txt	4718
J_2_437	27_Sutta_Khu_Jaa_1.txt	4724
J_2_437	27_Sutta_Khu_Jaa_1.txt	4736
J_2_439	27_Sutta_Khu_Jaa_1.txt	4747
J_2_439	27_Sutta_Khu_Jaa_1.txt	4751
J_2_439	27_Sutta_Khu_Jaa_1.txt	4755
J_2_440	27_Sutta_Khu_Jaa_1.txt	4764
J_2_440	27_Sutta_Khu_Jaa_1.txt	4768
J_2_440	27_Sutta_Khu_Jaa_1.txt	4778
J_2_442	27_Sutta_Khu_Jaa_1.txt	4787
J_2_442	27_Sutta_Khu_Jaa_1.txt	4791
J_2_442	27_Sutta_Khu_Jaa_1.txt	4795
J_2_443	27_Sutta_Khu_Jaa_1.txt	4804
J_2_443	27_Sutta_Khu_Jaa_1.txt	4808
J_2_443	27_Sutta_Khu_Jaa_1.txt	4818
J_2_445	27_Sutta_Khu_Jaa_1.txt	4825
J_2_446	27_Sutta_Khu_Jaa_1.txt	4829
J_2_446	27_Sutta_Khu_Jaa_1.txt	4833
J_2_448	27_Sutta_Khu_Jaa_1.txt	4842
J_2_448	27_Sutta_Khu_Jaa_1.txt	4856
J_2_449	27_Sutta_Khu_Jaa_1.txt	4862
J_2_450	27_Sutta_Khu_Jaa_1.txt	4873
J_2_450	27_Sutta_Khu_Jaa_1.txt	4877
J_2_451	27_Sutta_Khu_Jaa_1.txt	4881
J_3_3	27_Sutta_Khu_Jaa_1.txt	4925
J_3_6	27_Sutta_Khu_Jaa_1.txt	4929
J_3_7	27_Sutta_Khu_Jaa_1.txt	4935
J_3_7	27_Sutta_Khu_Jaa_1.txt	4941
J_3_12	27_Sutta_Khu_Jaa_1.txt	4963
J_3_12	27_Sutta_Khu_Jaa_1.txt	4967
J_3_12	27_Sutta_Khu_Jaa_1.txt	4971
J_3_12	27_Sutta_Khu_Jaa_1.txt	4977
J_3_14	27_Sutta_Khu_Jaa_1.txt	4994
J_3_14	27_Sutta_Khu_Jaa_1.txt	5000
J_3_14	27_Sutta_Khu_Jaa_1.txt	5006
J_3_14	27_Sutta_Khu_Jaa_1.txt	5012
J_3_16	27_Sutta_Khu_Jaa_1.txt	5028
J_3_17	27_Sutta_Khu_Jaa_1.txt	5034
J_3_17	27_Sutta_Khu_Jaa_1.txt	5038
J_3_17	27_Sutta_Khu_Jaa_1.txt	5042
J_3_19	27_Sutta_Khu_Jaa_1.txt	5051
J_3_19	27_Sutta_Khu_Jaa_1.txt	5055
J_3_19	27_Sutta_Khu_Jaa_1.txt	5059
J_3_19	27_Sutta_Khu_Jaa_1.txt	5071
J_3_21	27_Sutta_Khu_Jaa_1.txt	5080
J_3_22	27_Sutta_Khu_Jaa_1.txt	5084
J_3_22	27_Sutta_Khu_Jaa_1.txt	5088
J_3_22	27_Sutta_Khu_Jaa_1.txt	5092
J_3_24	27_Sutta_Khu_Jaa_1.txt	5101
J_3_24	27_Sutta_Khu_Jaa_1.txt	5113
J_3_24	27_Sutta_Khu_Jaa_1.txt	5119
J_3_24	27_Sutta_Khu_Jaa_1.txt	5125
J_3_26	27_Sutta_Khu_Jaa_1.txt	5136
J_3_26	27_Sutta_Khu_Jaa_1.txt	5140
J_3_26	27_Sutta_Khu_Jaa_1.txt	5152
J_3_27	27_Sutta_Khu_Jaa_1.txt	5156
J_3_28	27_Sutta_Khu_Jaa_1.txt	5165
J_3_29	27_Sutta_Khu_Jaa_1.txt	5170
J_3_29	27_Sutta_Khu_Jaa_1.txt	5174
J_3_29	27_Sutta_Khu_Jaa_1.txt	5178
J_3_32	27_Sutta_Khu_Jaa_1.txt	5195
J_3_32	27_Sutta_Khu_Jaa_1.txt	5199
J_3_32	27_Sutta_Khu_Jaa_1.txt	5203
J_3_32	27_Sutta_Khu_Jaa_1.txt	5207
J_3_34	27_Sutta_Khu_Jaa_1.txt	5226
J_3_34	27_Sutta_Khu_Jaa_1.txt	5238
J_3_34	27_Sutta_Khu_Jaa_1.txt	5242
J_3_35	27_Sutta_Khu_Jaa_1.txt	5247
J_3_38	27_Sutta_Khu_Jaa_1.txt	5256
J_3_38	27_Sutta_Khu_Jaa_1.txt	5260
J_3_38	27_Sutta_Khu_Jaa_1.txt	5264
J_3_38	27_Sutta_Khu_Jaa_1.txt	5268
J_3_42	27_Sutta_Khu_Jaa_1.txt	5285
J_3_42	27_Sutta_Khu_Jaa_1.txt	5289
J_3_43	27_Sutta_Khu_Jaa_1.txt	5293
J_3_43	27_Sutta_Khu_Jaa_1.txt	5297
J_3_47	27_Sutta_Khu_Jaa_1.txt	5306
J_3_47	27_Sutta_Khu_Jaa_1.txt	5310
J_3_47	27_Sutta_Khu_Jaa_1.txt	5314
J_3_47	27_Sutta_Khu_Jaa_1.txt	5326
J_3_49	27_Sutta_Khu_Jaa_1.txt	5335
J_3_50	27_Sutta_Khu_Jaa_1.txt	5339
J_3_50	27_Sutta_Khu_Jaa_1.txt	5343
J_3_50	27_Sutta_Khu_Jaa_1.txt	5347
J_3_53	27_Sutta_Khu_Jaa_1.txt	5356
J_3_54	27_Sutta_Khu_Jaa_1.txt	5360
J_3_54	27_Sutta_Khu_Jaa_1.txt	5371
J_3_55	27_Sutta_Khu_Jaa_1.txt	5375
J_3_57	27_Sutta_Khu_Jaa_1.txt	5384
J_3_57	27_Sutta_Khu_Jaa_1.txt	5388
J_3_57	27_Sutta_Khu_Jaa_1.txt	5392
J_3_57	27_Sutta_Khu_Jaa_1.txt	5396
J_3_62	27_Sutta_Khu_Jaa_1.txt	5415
J_3_62	27_Sutta_Khu_Jaa_1.txt	5419
J_3_63	27_Sutta_Khu_Jaa_1.txt	5424
J_3_63	27_Sutta_Khu_Jaa_1.txt	5428
J_3_65	27_Sutta_Khu_Jaa_1.txt	5439
J_3_65	27_Sutta_Khu_Jaa_1.txt	5443
J_3_65	27_Sutta_Khu_Jaa_1.txt	5447
J_3_66	27_Sutta_Khu_Jaa_1.txt	5457
J_3_69	27_Sutta_Khu_Jaa_1.txt	5466
J_3_69	27_Sutta_Khu_Jaa_1.txt	5470
J_3_69	27_Sutta_Khu_Jaa_1.txt	5474
J_3_70	27_Sutta_Khu_Jaa_1.txt	5478
J_3_73	27_Sutta_Khu_Jaa_1.txt	5505
J_3_73	27_Sutta_Khu_Jaa_1.txt	5509
J_3_73	27_Sutta_Khu_Jaa_1.txt	5513
J_3_74	27_Sutta_Khu_Jaa_1.txt	5517
J_3_77	27_Sutta_Khu_Jaa_1.txt	5526
J_3_77	27_Sutta_Khu_Jaa_1.txt	5536
J_3_77	27_Sutta_Khu_Jaa_1.txt	5540
J_3_78	27_Sutta_Khu_Jaa_1.txt	5544
J_3_80	27_Sutta_Khu_Jaa_1.txt	5553
J_3_80	27_Sutta_Khu_Jaa_1.txt	5557
J_3_80	27_Sutta_Khu_Jaa_1.txt	5561
J_3_81	27_Sutta_Khu_Jaa_1.txt	5565
J_3_82	27_Sutta_Khu_Jaa_1.txt	5581
J_3_83	27_Sutta_Khu_Jaa_1.txt	5587
J_3_83	27_Sutta_Khu_Jaa_1.txt	5593
J_3_83	27_Sutta_Khu_Jaa_1.txt	5599
J_3_85	27_Sutta_Khu_Jaa_1.txt	5617
J_3_85	27_Sutta_Khu_Jaa_1.txt	5621
J_3_85	27_Sutta_Khu_Jaa_1.txt	5625
J_3_86	27_Sutta_Khu_Jaa_1.txt	5629
J_3_87	27_Sutta_Khu_Jaa_1.txt	5638
J_3_88	27_Sutta_Khu_Jaa_1.txt	5642
J_3_88	27_Sutta_Khu_Jaa_1.txt	5646
J_3_89	27_Sutta_Khu_Jaa_1.txt	5650
J_3_91	27_Sutta_Khu_Jaa_1.txt	5665
J_3_91	27_Sutta_Khu_Jaa_1.txt	5669
J_3_92	27_Sutta_Khu_Jaa_1.txt	5673
J_3_92	27_Sutta_Khu_Jaa_1.txt	5677
J_3_95	27_Sutta_Khu_Jaa_1.txt	5686
J_3_95	27_Sutta_Khu_Jaa_1.txt	5690
J_3_95	27_Sutta_Khu_Jaa_1.txt	5700
J_3_95	27_Sutta_Khu_Jaa_1.txt	5704
J_3_98	27_Sutta_Khu_Jaa_1.txt	5713
J_3_98	27_Sutta_Khu_Jaa_1.txt	5719
J_3_99	27_Sutta_Khu_Jaa_1.txt	5725
J_3_99	27_Sutta_Khu_Jaa_1.txt	5739
J_3_100	27_Sutta_Khu_Jaa_1.txt	5750
J_3_100	27_Sutta_Khu_Jaa_1.txt	5754
J_3_101	27_Sutta_Khu_Jaa_1.txt	5758
J_3_101	27_Sutta_Khu_Jaa_1.txt	5762
J_3_103	27_Sutta_Khu_Jaa_1.txt	5790
J_3_103	27_Sutta_Khu_Jaa_1.txt	5794
J_3_103	27_Sutta_Khu_Jaa_1.txt	5798
J_3_103	27_Sutta_Khu_Jaa_1.txt	5802
J_3_105	27_Sutta_Khu_Jaa_1.txt	5811
J_3_105	27_Sutta_Khu_Jaa_1.txt	5823
J_3_105	27_Sutta_Khu_Jaa_1.txt	5827
J_3_106	27_Sutta_Khu_Jaa_1.txt	5833
J_3_108	27_Sutta_Khu_Jaa_1.txt	5842
J_3_108	27_Sutta_Khu_Jaa_1.txt	5847
J_3_108	27_Sutta_Khu_Jaa_1.txt	5861
J_3_109	27_Sutta_Khu_Jaa_1.txt	5867
J_3_111	27_Sutta_Khu_Jaa_1.txt	5878
J_3_111	27_Sutta_Khu_Jaa_1.txt	5882
J_3_111	27_Sutta_Khu_Jaa_1.txt	5887
J_3_111	27_Sutta_Khu_Jaa_1.txt	5891
J_3_113	27_Sutta_Khu_Jaa_1.txt	5909
J_3_114	27_Sutta_Khu_Jaa_1.txt	5913
J_3_114	27_Sutta_Khu_Jaa_1.txt	5917
J_3_114	27_Sutta_Khu_Jaa_1.txt	5923
J_3_117	27_Sutta_Khu_Jaa_1.txt	5934
J_3_117	27_Sutta_Khu_Jaa_1.txt	5944
J_3_118	27_Sutta_Khu_Jaa_1.txt	5948
J_3_118	27_Sutta_Khu_Jaa_1.txt	5953
J_3_120	27_Sutta_Khu_Jaa_1.txt	5962
J_3_120	27_Sutta_Khu_Jaa_1.txt	5966
J_3_120	27_Sutta_Khu_Jaa_1.txt	5972
J_3_120	27_Sutta_Khu_Jaa_1.txt	5982
J_3_123	27_Sutta_Khu_Jaa_1.txt	5991
J_3_124	27_Sutta_Khu_Jaa_1.txt	5995
J_3_124	27_Sutta_Khu_Jaa_1.txt	5999
J_3_125	27_Sutta_Khu_Jaa_1.txt	6003
J_3_128	27_Sutta_Khu_Jaa_1.txt	6012
J_3_128	27_Sutta_Khu_Jaa_1.txt	6016
J_3_128	27_Sutta_Khu_Jaa_1.txt	6026
J_3_128	27_Sutta_Khu_Jaa_1.txt	6030
J_3_130	27_Sutta_Khu_Jaa_1.txt	6039
J_3_131	27_Sutta_Khu_Jaa_1.txt	6045
J_3_131	27_Sutta_Khu_Jaa_1.txt	6051
J_3_131	27_Sutta_Khu_Jaa_1.txt	6062
J_3_133	27_Sutta_Khu_Jaa_1.txt	6120
J_3_133	27_Sutta_Khu_Jaa_1.txt	6124
J_3_133	27_Sutta_Khu_Jaa_1.txt	6128
J_3_134	27_Sutta_Khu_Jaa_1.txt	6140
J_3_135	27_Sutta_Khu_Jaa_1.txt	6149
J_3_135	27_Sutta_Khu_Jaa_1.txt	6153
J_3_136	27_Sutta_Khu_Jaa_1.txt	6157
J_3_136	27_Sutta_Khu_Jaa_1.txt	6161
J_3_138	27_Sutta_Khu_Jaa_1.txt	6170
J_3_138	27_Sutta_Khu_Jaa_1.txt	6174
J_3_139	27_Sutta_Khu_Jaa_1.txt	6186
J_3_140	27_Sutta_Khu_Jaa_1.txt	6199
J_3_140	27_Sutta_Khu_Jaa_1.txt	6203
J_3_141	27_Sutta_Khu_Jaa_1.txt	6207
J_3_141	27_Sutta_Khu_Jaa_1.txt	6211
J_3_144	27_Sutta_Khu_Jaa_1.txt	6226
J_3_144	27_Sutta_Khu_Jaa_1.txt	6230
J_3_144	27_Sutta_Khu_Jaa_1.txt	6234
J_3_145	27_Sutta_Khu_Jaa_1.txt	6238
J_3_146	27_Sutta_Khu_Jaa_1.txt	6247
J_3_146	27_Sutta_Khu_Jaa_1.txt	6253
J_3_146	27_Sutta_Khu_Jaa_1.txt	6266
J_3_147	27_Sutta_Khu_Jaa_1.txt	6272
J_3_148	27_Sutta_Khu_Jaa_1.txt	6281
J_3_148	27_Sutta_Khu_Jaa_1.txt	6285
J_3_148	27_Sutta_Khu_Jaa_1.txt	6289
J_3_148	27_Sutta_Khu_Jaa_1.txt	6293
J_3_151	27_Sutta_Khu_Jaa_1.txt	6308
J_3_151	27_Sutta_Khu_Jaa_1.txt	6312
J_3_151	27_Sutta_Khu_Jaa_1.txt	6316
J_3_151	27_Sutta_Khu_Jaa_1.txt	6320
J_3_153	27_Sutta_Khu_Jaa_1.txt	6387
J_3_154	27_Sutta_Khu_Jaa_1.txt	6393
J_3_154	27_Sutta_Khu_Jaa_1.txt	6399
J_3_154	27_Sutta_Khu_Jaa_1.txt	6405
J_3_154	27_Sutta_Khu_Jaa_1.txt	6421
J_3_156	27_Sutta_Khu_Jaa_1.txt	6430
J_3_156	27_Sutta_Khu_Jaa_1.txt	6436
J_3_157	27_Sutta_Khu_Jaa_1.txt	6442
J_3_157	27_Sutta_Khu_Jaa_1.txt	6456
J_3_157	27_Sutta_Khu_Jaa_1.txt	6460
J_3_158	27_Sutta_Khu_Jaa_1.txt	6469
J_3_158	27_Sutta_Khu_Jaa_1.txt	6475
J_3_160	27_Sutta_Khu_Jaa_1.txt	6480
J_3_160	27_Sutta_Khu_Jaa_1.txt	6484
J_3_161	27_Sutta_Khu_Jaa_1.txt	6498
J_3_164	27_Sutta_Khu_Jaa_1.txt	6509
J_3_165	27_Sutta_Khu_Jaa_1.txt	6515
J_3_165	27_Sutta_Khu_Jaa_1.txt	6521
J_3_166	27_Sutta_Khu_Jaa_1.txt	6537
J_3_167	27_Sutta_Khu_Jaa_1.txt	6543
J_3_169	27_Sutta_Khu_Jaa_1.txt	6554
J_3_169	27_Sutta_Khu_Jaa_1.txt	6558
J_3_169	27_Sutta_Khu_Jaa_1.txt	6562
J_3_169	27_Sutta_Khu_Jaa_1.txt	6572
J_3_169	27_Sutta_Khu_Jaa_1.txt	6576
J_3_172	27_Sutta_Khu_Jaa_1.txt	6585
J_3_172	27_Sutta_Khu_Jaa_1.txt	6591
J_3_172	27_Sutta_Khu_Jaa_1.txt	6597
J_3_173	27_Sutta_Khu_Jaa_1.txt	6612
J_3_173	27_Sutta_Khu_Jaa_1.txt	6618
J_3_174	27_Sutta_Khu_Jaa_1.txt	6629
J_3_175	27_Sutta_Khu_Jaa_1.txt	6635
J_3_175	27_Sutta_Khu_Jaa_1.txt	6649
J_3_176	27_Sutta_Khu_Jaa_1.txt	6655
J_3_177	27_Sutta_Khu_Jaa_1.txt	6661
J_3_179	27_Sutta_Khu_Jaa_1.txt	6671
J_3_180	27_Sutta_Khu_Jaa_1.txt	6675
J_3_180	27_Sutta_Khu_Jaa_1.txt	6679
J_3_181	27_Sutta_Khu_Jaa_1.txt	6689
J_3_181	27_Sutta_Khu_Jaa_1.txt	6693
J_3_181	27_Sutta_Khu_Jaa_1.txt	6697
J_3_184	27_Sutta_Khu_Jaa_1.txt	6706
J_3_185	27_Sutta_Khu_Jaa_1.txt	6710
J_3_185	27_Sutta_Khu_Jaa_1.txt	6714
J_3_186	27_Sutta_Khu_Jaa_1.txt	6718
J_3_186	27_Sutta_Khu_Jaa_1.txt	6722
J_3_189	27_Sutta_Khu_Jaa_1.txt	6739
J_3_189	27_Sutta_Khu_Jaa_1.txt	6743
J_3_190	27_Sutta_Khu_Jaa_1.txt	6747
J_3_190	27_Sutta_Khu_Jaa_1.txt	6751
J_3_190	27_Sutta_Khu_Jaa_1.txt	6755
J_3_192	27_Sutta_Khu_Jaa_1.txt	6787
J_3_192	27_Sutta_Khu_Jaa_1.txt	6791
J_3_192	27_Sutta_Khu_Jaa_1.txt	6795
J_3_192	27_Sutta_Khu_Jaa_1.txt	6799
J_3_192	27_Sutta_Khu_Jaa_1.txt	6803
J_3_194	27_Sutta_Khu_Jaa_1.txt	6819
J_3_194	27_Sutta_Khu_Jaa_1.txt	6823
J_3_194	27_Sutta_Khu_Jaa_1.txt	6827
J_3_194	27_Sutta_Khu_Jaa_1.txt	6831
J_3_195	27_Sutta_Khu_Jaa_1.txt	6835
J_3_196	27_Sutta_Khu_Jaa_1.txt	6844
J_3_196	27_Sutta_Khu_Jaa_1.txt	6850
J_3_196	27_Sutta_Khu_Jaa_1.txt	6860
J_3_196	27_Sutta_Khu_Jaa_1.txt	6866
J_3_196	27_Sutta_Khu_Jaa_1.txt	6870
J_3_198	27_Sutta_Khu_Jaa_1.txt	6910
J_3_198	27_Sutta_Khu_Jaa_1.txt	6914
J_3_199	27_Sutta_Khu_Jaa_1.txt	6918
J_3_199	27_Sutta_Khu_Jaa_1.txt	6922
J_3_199	27_Sutta_Khu_Jaa_1.txt	6926
J_3_201	27_Sutta_Khu_Jaa_1.txt	6935
J_3_201	27_Sutta_Khu_Jaa_1.txt	6945
J_3_201	27_Sutta_Khu_Jaa_1.txt	6949
J_3_201	27_Sutta_Khu_Jaa_1.txt	6953
J_3_201	27_Sutta_Khu_Jaa_1.txt	6957
J_3_203	27_Sutta_Khu_Jaa_1.txt	6966
J_3_203	27_Sutta_Khu_Jaa_1.txt	6970
J_3_203	27_Sutta_Khu_Jaa_1.txt	6974
J_3_203	27_Sutta_Khu_Jaa_1.txt	6978
J_3_203	27_Sutta_Khu_Jaa_1.txt	6990
J_3_204	27_Sutta_Khu_Jaa_1.txt	7001
J_3_204	27_Sutta_Khu_Jaa_1.txt	7005
J_3_205	27_Sutta_Khu_Jaa_1.txt	7011
J_3_205	27_Sutta_Khu_Jaa_1.txt	7017
J_3_205	27_Sutta_Khu_Jaa_1.txt	7029
J_3_206	27_Sutta_Khu_Jaa_1.txt	7040
J_3_207	27_Sutta_Khu_Jaa_1.txt	7044
J_3_207	27_Sutta_Khu_Jaa_1.txt	7048
J_3_207	27_Sutta_Khu_Jaa_1.txt	7052
J_3_207	27_Sutta_Khu_Jaa_1.txt	7057
J_3_209	27_Sutta_Khu_Jaa_1.txt	7072
J_3_209	27_Sutta_Khu_Jaa_1.txt	7076
J_3_209	27_Sutta_Khu_Jaa_1.txt	7080
J_3_210	27_Sutta_Khu_Jaa_1.txt	7084
J_3_210	27_Sutta_Khu_Jaa_1.txt	7088
J_3_211	27_Sutta_Khu_Jaa_1.txt	7110
J_3_211	27_Sutta_Khu_Jaa_1.txt	7114
J_3_212	27_Sutta_Khu_Jaa_1.txt	7118
J_3_212	27_Sutta_Khu_Jaa_1.txt	7122
J_3_212	27_Sutta_Khu_Jaa_1.txt	7128
J_3_214	27_Sutta_Khu_Jaa_1.txt	7137
J_3_214	27_Sutta_Khu_Jaa_1.txt	7141
J_3_214	27_Sutta_Khu_Jaa_1.txt	7151
J_3_214	27_Sutta_Khu_Jaa_1.txt	7155
J_3_215	27_Sutta_Khu_Jaa_1.txt	7159
J_3_217	27_Sutta_Khu_Jaa_1.txt	7172
J_3_217	27_Sutta_Khu_Jaa_1.txt	7176
J_3_218	27_Sutta_Khu_Jaa_1.txt	7180
J_3_218	27_Sutta_Khu_Jaa_1.txt	7192
J_3_218	27_Sutta_Khu_Jaa_1.txt	7196
J_3_221	27_Sutta_Khu_Jaa_1.txt	7206
J_3_221	27_Sutta_Khu_Jaa_1.txt	7210
J_3_223	27_Sutta_Khu_Jaa_1.txt	7216
J_3_223	27_Sutta_Khu_Jaa_1.txt	7221
J_3_223	27_Sutta_Khu_Jaa_1.txt	7233
J_3_224	27_Sutta_Khu_Jaa_1.txt	7237
J_3_224	27_Sutta_Khu_Jaa_1.txt	7241
J_3_225	27_Sutta_Khu_Jaa_1.txt	7250
J_3_226	27_Sutta_Khu_Jaa_1.txt	7256
J_3_226	27_Sutta_Khu_Jaa_1.txt	7260
J_3_226	27_Sutta_Khu_Jaa_1.txt	7264
J_3_226	27_Sutta_Khu_Jaa_1.txt	7276
J_3_227	27_Sutta_Khu_Jaa_1.txt	7280
J_3_229	27_Sutta_Khu_Jaa_1.txt	7322
J_3_230	27_Sutta_Khu_Jaa_1.txt	7328
J_3_230	27_Sutta_Khu_Jaa_1.txt	7333
J_3_231	27_Sutta_Khu_Jaa_1.txt	7337
J_3_231	27_Sutta_Khu_Jaa_1.txt	7341
J_3_232	27_Sutta_Khu_Jaa_1.txt	7345
J_3_233	27_Sutta_Khu_Jaa_1.txt	7361
J_3_234	27_Sutta_Khu_Jaa_1.txt	7367
J_3_236	27_Sutta_Khu_Jaa_1.txt	7373
J_3_236	27_Sutta_Khu_Jaa_1.txt	7379
J_3_237	27_Sutta_Khu_Jaa_1.txt	7385
J_3_237	27_Sutta_Khu_Jaa_1.txt	7399
J_3_241	27_Sutta_Khu_Jaa_1.txt	7410
J_3_242	27_Sutta_Khu_Jaa_1.txt	7416
J_3_243	27_Sutta_Khu_Jaa_1.txt	7422
J_3_243	27_Sutta_Khu_Jaa_1.txt	7436
J_3_244	27_Sutta_Khu_Jaa_1.txt	7442
J_3_244	27_Sutta_Khu_Jaa_1.txt	7448
J_3_247	27_Sutta_Khu_Jaa_1.txt	7459
J_3_247	27_Sutta_Khu_Jaa_1.txt	7463
J_3_247	27_Sutta_Khu_Jaa_1.txt	7473
J_3_247	27_Sutta_Khu_Jaa_1.txt	7477
J_3_247	27_Sutta_Khu_Jaa_1.txt	7481
J_3_248	27_Sutta_Khu_Jaa_1.txt	7485
J_3_251	27_Sutta_Khu_Jaa_1.txt	7494
J_3_253	27_Sutta_Khu_Jaa_1.txt	7507
J_3_253	27_Sutta_Khu_Jaa_1.txt	7519
J_3_253	27_Sutta_Khu_Jaa_1.txt	7523
J_3_253	27_Sutta_Khu_Jaa_1.txt	7527
J_3_254	27_Sutta_Khu_Jaa_1.txt	7531
J_3_255	27_Sutta_Khu_Jaa_1.txt	7540
J_3_255	27_Sutta_Khu_Jaa_1.txt	7544
J_3_255	27_Sutta_Khu_Jaa_1.txt	7548
J_3_256	27_Sutta_Khu_Jaa_1.txt	7552
J_3_256	27_Sutta_Khu_Jaa_1.txt	7564
J_3_256	27_Sutta_Khu_Jaa_1.txt	7568
J_3_259	27_Sutta_Khu_Jaa_1.txt	7578
J_3_259	27_Sutta_Khu_Jaa_1.txt	7582
J_3_259	27_Sutta_Khu_Jaa_1.txt	7587
J_3_259	27_Sutta_Khu_Jaa_1.txt	7591
J_3_260	27_Sutta_Khu_Jaa_1.txt	7595
J_3_260	27_Sutta_Khu_Jaa_1.txt	7607
J_3_260	27_Sutta_Khu_Jaa_1.txt	7611
J_3_261	27_Sutta_Khu_Jaa_1.txt	7615
J_3_261	27_Sutta_Khu_Jaa_1.txt	7619
J_3_261	27_Sutta_Khu_Jaa_1.txt	7624
J_3_262	27_Sutta_Khu_Jaa_1.txt	7628
J_3_262	27_Sutta_Khu_Jaa_1.txt	7633
J_3_262	27_Sutta_Khu_Jaa_1.txt	7637
J_3_262	27_Sutta_Khu_Jaa_1.txt	7653
J_3_262	27_Sutta_Khu_Jaa_1.txt	7661
J_3_263	27_Sutta_Khu_Jaa_1.txt	7669
J_3_263	27_Sutta_Khu_Jaa_1.txt	7675
J_3_265	27_Sutta_Khu_Jaa_1.txt	7692
J_3_265	27_Sutta_Khu_Jaa_1.txt	7696
J_3_266	27_Sutta_Khu_Jaa_1.txt	7700
J_3_266	27_Sutta_Khu_Jaa_1.txt	7704
J_3_266	27_Sutta_Khu_Jaa_1.txt	7708
J_3_266	27_Sutta_Khu_Jaa_1.txt	7712
J_3_267	27_Sutta_Khu_Jaa_1.txt	7716
J_3_268	27_Sutta_Khu_Jaa_1.txt	7733
J_3_268	27_Sutta_Khu_Jaa_1.txt	7737
J_3_269	27_Sutta_Khu_Jaa_1.txt	7741
J_3_269	27_Sutta_Khu_Jaa_1.txt	7745
J_3_269	27_Sutta_Khu_Jaa_1.txt	7749
J_3_269	27_Sutta_Khu_Jaa_1.txt	7765
J_3_272	27_Sutta_Khu_Jaa_1.txt	7774
J_3_272	27_Sutta_Khu_Jaa_1.txt	7779
J_3_272	27_Sutta_Khu_Jaa_1.txt	7783
J_3_274	27_Sutta_Khu_Jaa_1.txt	7787
J_3_274	27_Sutta_Khu_Jaa_1.txt	7791
J_3_274	27_Sutta_Khu_Jaa_1.txt	7795
J_3_278	27_Sutta_Khu_Jaa_1.txt	7824
J_3_278	27_Sutta_Khu_Jaa_1.txt	7828
J_3_278	27_Sutta_Khu_Jaa_1.txt	7832
J_3_279	27_Sutta_Khu_Jaa_1.txt	7836
J_3_279	27_Sutta_Khu_Jaa_1.txt	7848
J_3_280	27_Sutta_Khu_Jaa_1.txt	7852
J_3_282	27_Sutta_Khu_Jaa_1.txt	7863
J_3_282	27_Sutta_Khu_Jaa_1.txt	7867
J_3_283	27_Sutta_Khu_Jaa_1.txt	7871
J_3_283	27_Sutta_Khu_Jaa_1.txt	7875
J_3_284	27_Sutta_Khu_Jaa_1.txt	7887
J_3_284	27_Sutta_Khu_Jaa_1.txt	7891
J_3_288	27_Sutta_Khu_Jaa_1.txt	7900
J_3_289	27_Sutta_Khu_Jaa_1.txt	7906
J_3_289	27_Sutta_Khu_Jaa_1.txt	7912
J_3_290	27_Sutta_Khu_Jaa_1.txt	7926
J_3_290	27_Sutta_Khu_Jaa_1.txt	7932
J_3_290	27_Sutta_Khu_Jaa_1.txt	7938
J_3_295	27_Sutta_Khu_Jaa_1.txt	7949
J_3_296	27_Sutta_Khu_Jaa_1.txt	7961
J_3_296	27_Sutta_Khu_Jaa_1.txt	7967
J_3_296	27_Sutta_Khu_Jaa_1.txt	7973
J_3_296	27_Sutta_Khu_Jaa_1.txt	7979
J_3_297	27_Sutta_Khu_Jaa_1.txt	7985
J_3_298	27_Sutta_Khu_Jaa_1.txt	7999
J_3_298	27_Sutta_Khu_Jaa_1.txt	8005
J_3_301	27_Sutta_Khu_Jaa_1.txt	8016
J_3_302	27_Sutta_Khu_Jaa_1.txt	8020
J_3_302	27_Sutta_Khu_Jaa_1.txt	8024
J_3_302	27_Sutta_Khu_Jaa_1.txt	8028
J_3_302	27_Sutta_Khu_Jaa_1.txt	8040
J_3_302	27_Sutta_Khu_Jaa_1.txt	8045
J_3_305	27_Sutta_Khu_Jaa_1.txt	8054
J_3_305	27_Sutta_Khu_Jaa_1.txt	8060
J_3_305	27_Sutta_Khu_Jaa_1.txt	8066
J_3_306	27_Sutta_Khu_Jaa_1.txt	8082
J_3_306	27_Sutta_Khu_Jaa_1.txt	8088
J_3_306	27_Sutta_Khu_Jaa_1.txt	8094
J_3_307	27_Sutta_Khu_Jaa_1.txt	8100
J_3_308	27_Sutta_Khu_Jaa_1.txt	8117
J_3_308	27_Sutta_Khu_Jaa_1.txt	8121
J_3_309	27_Sutta_Khu_Jaa_1.txt	8125
J_3_309	27_Sutta_Khu_Jaa_1.txt	8127
J_3_309	27_Sutta_Khu_Jaa_1.txt	8131
J_3_309	27_Sutta_Khu_Jaa_1.txt	8135
J_3_309	27_Sutta_Khu_Jaa_1.txt	8139
J_3_311	27_Sutta_Khu_Jaa_1.txt	8148
J_3_311	27_Sutta_Khu_Jaa_1.txt	8162
J_3_311	27_Sutta_Khu_Jaa_1.txt	8166
J_3_311	27_Sutta_Khu_Jaa_1.txt	8168
J_3_311	27_Sutta_Khu_Jaa_1.txt	8173
J_3_312	27_Sutta_Khu_Jaa_1.txt	8177
J_3_313	27_Sutta_Khu_Jaa_1.txt	8186
J_3_313	27_Sutta_Khu_Jaa_1.txt	8190
J_3_313	27_Sutta_Khu_Jaa_1.txt	8194
J_3_313	27_Sutta_Khu_Jaa_1.txt	8206
J_3_313	27_Sutta_Khu_Jaa_1.txt	8210
J_3_313	27_Sutta_Khu_Jaa_1.txt	8214
J_3_314	27_Sutta_Khu_Jaa_1.txt	8223
J_3_315	27_Sutta_Khu_Jaa_1.txt	8227
J_3_315	27_Sutta_Khu_Jaa_1.txt	8231
J_3_315	27_Sutta_Khu_Jaa_1.txt	8235
J_3_315	27_Sutta_Khu_Jaa_1.txt	8249
J_3_315	27_Sutta_Khu_Jaa_1.txt	8253
J_3_318	27_Sutta_Khu_Jaa_1.txt	8292
J_3_318	27_Sutta_Khu_Jaa_1.txt	8298
J_3_318	27_Sutta_Khu_Jaa_1.txt	8304
J_3_319	27_Sutta_Khu_Jaa_1.txt	8310
J_3_319	27_Sutta_Khu_Jaa_1.txt	8326
J_3_320	27_Sutta_Khu_Jaa_1.txt	8330
J_3_320	27_Sutta_Khu_Jaa_1.txt	8336
J_3_323	27_Sutta_Khu_Jaa_1.txt	8347
J_3_323	27_Sutta_Khu_Jaa_1.txt	8351
J_3_323	27_Sutta_Khu_Jaa_1.txt	8355
J_3_323	27_Sutta_Khu_Jaa_1.txt	8365
J_3_323	27_Sutta_Khu_Jaa_1.txt	8369
J_3_323	27_Sutta_Khu_Jaa_1.txt	8373
J_3_324	27_Sutta_Khu_Jaa_1.txt	8379
J_3_327	27_Sutta_Khu_Jaa_1.txt	8390
J_3_328	27_Sutta_Khu_Jaa_1.txt	8394
J_3_328	27_Sutta_Khu_Jaa_1.txt	8406
J_3_328	27_Sutta_Khu_Jaa_1.txt	8410
J_3_329	27_Sutta_Khu_Jaa_1.txt	8416
J_3_329	27_Sutta_Khu_Jaa_1.txt	8420
J_3_329	27_Sutta_Khu_Jaa_1.txt	8424
J_3_330	27_Sutta_Khu_Jaa_1.txt	8433
J_3_331	27_Sutta_Khu_Jaa_1.txt	8437
J_3_331	27_Sutta_Khu_Jaa_1.txt	8451
J_3_331	27_Sutta_Khu_Jaa_1.txt	8455
J_3_331	27_Sutta_Khu_Jaa_1.txt	8459
J_3_331	27_Sutta_Khu_Jaa_1.txt	8463
J_3_331	27_Sutta_Khu_Jaa_1.txt	8467
J_3_333	27_Sutta_Khu_Jaa_1.txt	8476
J_3_334	27_Sutta_Khu_Jaa_1.txt	8480
J_3_334	27_Sutta_Khu_Jaa_1.txt	8484
J_3_334	27_Sutta_Khu_Jaa_1.txt	8494
J_3_334	27_Sutta_Khu_Jaa_1.txt	8498
J_3_335	27_Sutta_Khu_Jaa_1.txt	8502
J_3_335	27_Sutta_Khu_Jaa_1.txt	8506
J_3_335	27_Sutta_Khu_Jaa_1.txt	8510
J_3_335	27_Sutta_Khu_Jaa_1.txt	8514
J_3_336	27_Sutta_Khu_Jaa_1.txt	8518
J_3_338	27_Sutta_Khu_Jaa_1.txt	8530
J_3_339	27_Sutta_Khu_Jaa_1.txt	8543
J_3_339	27_Sutta_Khu_Jaa_1.txt	8548
J_3_339	27_Sutta_Khu_Jaa_1.txt	8553
J_3_340	27_Sutta_Khu_Jaa_1.txt	8558
J_3_340	27_Sutta_Khu_Jaa_1.txt	8563
J_3_341	27_Sutta_Khu_Jaa_1.txt	8568
J_3_344	27_Sutta_Khu_Jaa_1.txt	8583
J_3_345	27_Sutta_Khu_Jaa_1.txt	8589
J_3_346	27_Sutta_Khu_Jaa_1.txt	8595
J_3_347	27_Sutta_Khu_Jaa_1.txt	8601
J_3_348	27_Sutta_Khu_Jaa_1.txt	8613
J_3_348	27_Sutta_Khu_Jaa_1.txt	8619
J_3_349	27_Sutta_Khu_Jaa_1.txt	8629
J_3_352	27_Sutta_Khu_Jaa_1.txt	8646
J_3_353	27_Sutta_Khu_Jaa_1.txt	8650
J_3_353	27_Sutta_Khu_Jaa_1.txt	8654
J_3_353	27_Sutta_Khu_Jaa_1.txt	8658
J_3_353	27_Sutta_Khu_Jaa_1.txt	8662
J_3_354	27_Sutta_Khu_Jaa_1.txt	8666
J_3_355	27_Sutta_Khu_Jaa_1.txt	8670
J_3_357	27_Sutta_Khu_Jaa_1.txt	8689
J_3_357	27_Sutta_Khu_Jaa_1.txt	8693
J_3_357	27_Sutta_Khu_Jaa_1.txt	8697
J_3_357	27_Sutta_Khu_Jaa_1.txt	8701
J_3_357	27_Sutta_Khu_Jaa_1.txt	8705
J_3_357	27_Sutta_Khu_Jaa_1.txt	8709
J_3_357	27_Sutta_Khu_Jaa_1.txt	8713
J_3_359	27_Sutta_Khu_Jaa_1.txt	8722
J_3_360	27_Sutta_Khu_Jaa_1.txt	8734
J_3_360	27_Sutta_Khu_Jaa_1.txt	8740
J_3_360	27_Sutta_Khu_Jaa_1.txt	8746
J_3_361	27_Sutta_Khu_Jaa_1.txt	8752
J_3_361	27_Sutta_Khu_Jaa_1.txt	8758
J_3_361	27_Sutta_Khu_Jaa_1.txt	8771
J_3_363	27_Sutta_Khu_Jaa_1.txt	8777
J_3_367	27_Sutta_Khu_Jaa_1.txt	8805
J_3_367	27_Sutta_Khu_Jaa_1.txt	8809
J_3_367	27_Sutta_Khu_Jaa_1.txt	8813
J_3_368	27_Sutta_Khu_Jaa_1.txt	8817
J_3_368	27_Sutta_Khu_Jaa_1.txt	8821
J_3_368	27_Sutta_Khu_Jaa_1.txt	8825
J_3_368	27_Sutta_Khu_Jaa_1.txt	8829
J_3_373	27_Sutta_Khu_Jaa_1.txt	8846
J_3_373	27_Sutta_Khu_Jaa_1.txt	8850
J_3_373	27_Sutta_Khu_Jaa_1.txt	8854
J_3_373	27_Sutta_Khu_Jaa_1.txt	8858
J_3_373	27_Sutta_Khu_Jaa_1.txt	8862
J_3_373	27_Sutta_Khu_Jaa_1.txt	8866
J_3_373	27_Sutta_Khu_Jaa_1.txt	8870
J_3_380	27_Sutta_Khu_Jaa_1.txt	8888
J_3_380	27_Sutta_Khu_Jaa_1.txt	8894
J_3_380	27_Sutta_Khu_Jaa_1.txt	8900
J_3_380	27_Sutta_Khu_Jaa_1.txt	8906
J_3_381	27_Sutta_Khu_Jaa_1.txt	8912
J_3_381	27_Sutta_Khu_Jaa_1.txt	8923
J_3_382	27_Sutta_Khu_Jaa_1.txt	8929
J_3_383	27_Sutta_Khu_Jaa_1.txt	8935
J_3_386	27_Sutta_Khu_Jaa_1.txt	8944
J_3_386	27_Sutta_Khu_Jaa_1.txt	8948
J_3_386	27_Sutta_Khu_Jaa_1.txt	8952
J_3_387	27_Sutta_Khu_Jaa_1.txt	8964
J_3_387	27_Sutta_Khu_Jaa_1.txt	8968
J_3_387	27_Sutta_Khu_Jaa_1.txt	8972
J_3_387	27_Sutta_Khu_Jaa_1.txt	8976
J_3_389	27_Sutta_Khu_Jaa_1.txt	8985
J_3_389	27_Sutta_Khu_Jaa_1.txt	8989
J_3_390	27_Sutta_Khu_Jaa_1.txt	8993
J_3_390	27_Sutta_Khu_Jaa_1.txt	8997
J_3_390	27_Sutta_Khu_Jaa_1.txt	9009
J_3_390	27_Sutta_Khu_Jaa_1.txt	9013
J_3_390	27_Sutta_Khu_Jaa_1.txt	9017
J_3_393	27_Sutta_Khu_Jaa_1.txt	9034
J_3_394	27_Sutta_Khu_Jaa_1.txt	9040
J_3_394	27_Sutta_Khu_Jaa_1.txt	9052
J_3_395	27_Sutta_Khu_Jaa_1.txt	9058
J_3_395	27_Sutta_Khu_Jaa_1.txt	9064
J_3_396	27_Sutta_Khu_Jaa_1.txt	9070
J_3_396	27_Sutta_Khu_Jaa_1.txt	9076
J_3_398	27_Sutta_Khu_Jaa_1.txt	9094
J_3_398	27_Sutta_Khu_Jaa_1.txt	9098
J_3_398	27_Sutta_Khu_Jaa_1.txt	9102
J_3_398	27_Sutta_Khu_Jaa_1.txt	9107
J_3_399	27_Sutta_Khu_Jaa_1.txt	9111
J_3_399	27_Sutta_Khu_Jaa_1.txt	9115
J_3_399	27_Sutta_Khu_Jaa_1.txt	9119
J_3_401	27_Sutta_Khu_Jaa_1.txt	9136
J_3_401	27_Sutta_Khu_Jaa_1.txt	9140
J_3_401	27_Sutta_Khu_Jaa_1.txt	9144
J_3_401	27_Sutta_Khu_Jaa_1.txt	9148
J_3_402	27_Sutta_Khu_Jaa_1.txt	9152
J_3_402	27_Sutta_Khu_Jaa_1.txt	9156
J_3_402	27_Sutta_Khu_Jaa_1.txt	9160
J_3_404	27_Sutta_Khu_Jaa_1.txt	9174
J_3_404	27_Sutta_Khu_Jaa_1.txt	9178
J_3_404	27_Sutta_Khu_Jaa_1.txt	9182
J_3_404	27_Sutta_Khu_Jaa_1.txt	9186
J_3_404	27_Sutta_Khu_Jaa_1.txt	9190
J_3_404	27_Sutta_Khu_Jaa_1.txt	9194
J_3_405	27_Sutta_Khu_Jaa_1.txt	9198
J_3_408	27_Sutta_Khu_Jaa_1.txt	9207
J_3_410	27_Sutta_Khu_Jaa_1.txt	9227
J_3_411	27_Sutta_Khu_Jaa_1.txt	9233
J_3_412	27_Sutta_Khu_Jaa_1.txt	9249
J_3_412	27_Sutta_Khu_Jaa_1.txt	9261
J_3_413	27_Sutta_Khu_Jaa_1.txt	9267
J_3_413	27_Sutta_Khu_Jaa_1.txt	9273
J_3_418	27_Sutta_Khu_Jaa_1.txt	9292
J_3_419	27_Sutta_Khu_Jaa_1.txt	9296
J_3_419	27_Sutta_Khu_Jaa_1.txt	9300
J_3_419	27_Sutta_Khu_Jaa_1.txt	9304
J_3_420	27_Sutta_Khu_Jaa_1.txt	9308
J_3_420	27_Sutta_Khu_Jaa_1.txt	9312
J_3_420	27_Sutta_Khu_Jaa_1.txt	9316
J_3_425	27_Sutta_Khu_Jaa_1.txt	9357
J_3_425	27_Sutta_Khu_Jaa_1.txt	9363
J_3_426	27_Sutta_Khu_Jaa_1.txt	9369
J_3_426	27_Sutta_Khu_Jaa_1.txt	9375
J_3_426	27_Sutta_Khu_Jaa_1.txt	9395
J_3_427	27_Sutta_Khu_Jaa_1.txt	9401
J_3_427	27_Sutta_Khu_Jaa_1.txt	9407
J_3_427	27_Sutta_Khu_Jaa_1.txt	9413
J_3_430	27_Sutta_Khu_Jaa_1.txt	9432
J_3_430	27_Sutta_Khu_Jaa_1.txt	9435
J_3_431	27_Sutta_Khu_Jaa_1.txt	9439
J_3_432	27_Sutta_Khu_Jaa_1.txt	9443
J_3_432	27_Sutta_Khu_Jaa_1.txt	9447
J_3_432	27_Sutta_Khu_Jaa_1.txt	9451
J_3_433	27_Sutta_Khu_Jaa_1.txt	9455
J_3_434	27_Sutta_Khu_Jaa_1.txt	9467
J_3_437	27_Sutta_Khu_Jaa_1.txt	9478
J_3_437	27_Sutta_Khu_Jaa_1.txt	9482
J_3_437	27_Sutta_Khu_Jaa_1.txt	9486
J_3_437	27_Sutta_Khu_Jaa_1.txt	9490
J_3_438	27_Sutta_Khu_Jaa_1.txt	9494
J_3_438	27_Sutta_Khu_Jaa_1.txt	9498
J_3_438	27_Sutta_Khu_Jaa_1.txt	9511
J_3_438	27_Sutta_Khu_Jaa_1.txt	9515
J_3_438	27_Sutta_Khu_Jaa_1.txt	9519
J_3_441	27_Sutta_Khu_Jaa_1.txt	9525
J_3_441	27_Sutta_Khu_Jaa_1.txt	9531
J_3_441	27_Sutta_Khu_Jaa_1.txt	9537
J_3_441	27_Sutta_Khu_Jaa_1.txt	9549
J_3_442	27_Sutta_Khu_Jaa_1.txt	9555
J_3_442	27_Sutta_Khu_Jaa_1.txt	9561
J_3_443	27_Sutta_Khu_Jaa_1.txt	9567
J_3_443	27_Sutta_Khu_Jaa_1.txt	9573
J_3_443	27_Sutta_Khu_Jaa_1.txt	9585
J_3_447	27_Sutta_Khu_Jaa_1.txt	9596
J_3_447	27_Sutta_Khu_Jaa_1.txt	9604
J_3_450	27_Sutta_Khu_Jaa_1.txt	9608
J_3_450	27_Sutta_Khu_Jaa_1.txt	9612
J_3_450	27_Sutta_Khu_Jaa_1.txt	9624
J_3_452	27_Sutta_Khu_Jaa_1.txt	9630
J_3_453	27_Sutta_Khu_Jaa_1.txt	9636
J_3_453	27_Sutta_Khu_Jaa_1.txt	9642
J_3_456	27_Sutta_Khu_Jaa_1.txt	9659
J_3_457	27_Sutta_Khu_Jaa_1.txt	9663
J_3_458	27_Sutta_Khu_Jaa_1.txt	9670
J_3_458	27_Sutta_Khu_Jaa_1.txt	9676
J_3_459	27_Sutta_Khu_Jaa_1.txt	9682
J_3_459	27_Sutta_Khu_Jaa_1.txt	9694
J_3_459	27_Sutta_Khu_Jaa_1.txt	9700
J_3_460	27_Sutta_Khu_Jaa_1.txt	9706
J_3_464	27_Sutta_Khu_Jaa_1.txt	9717
J_3_464	27_Sutta_Khu_Jaa_1.txt	9721
J_3_465	27_Sutta_Khu_Jaa_1.txt	9731
J_3_466	27_Sutta_Khu_Jaa_1.txt	9735
J_3_466	27_Sutta_Khu_Jaa_1.txt	9739
J_3_466	27_Sutta_Khu_Jaa_1.txt	9743
J_3_468	27_Sutta_Khu_Jaa_1.txt	9747
J_3_468	27_Sutta_Khu_Jaa_1.txt	9752
J_3_468	27_Sutta_Khu_Jaa_1.txt	9756
J_3_471	27_Sutta_Khu_Jaa_1.txt	9765
J_3_471	27_Sutta_Khu_Jaa_1.txt	9777
J_3_472	27_Sutta_Khu_Jaa_1.txt	9781
J_3_472	27_Sutta_Khu_Jaa_1.txt	9787
J_3_472	27_Sutta_Khu_Jaa_1.txt	9793
J_3_472	27_Sutta_Khu_Jaa_1.txt	9799
J_3_472	27_Sutta_Khu_Jaa_1.txt	9805
J_3_472	27_Sutta_Khu_Jaa_1.txt	9815
J_3_477	27_Sutta_Khu_Jaa_1.txt	9826
J_3_477	27_Sutta_Khu_Jaa_1.txt	9830
J_3_477	27_Sutta_Khu_Jaa_1.txt	9834
J_3_477	27_Sutta_Khu_Jaa_1.txt	9838
J_3_477	27_Sutta_Khu_Jaa_1.txt	9842
J_3_477	27_Sutta_Khu_Jaa_1.txt	9846
J_3_477	27_Sutta_Khu_Jaa_1.txt	9858
J_3_477	27_Sutta_Khu_Jaa_1.txt	9862
J_3_478	27_Sutta_Khu_Jaa_1.txt	9866
J_3_478	27_Sutta_Khu_Jaa_1.txt	9870
J_3_478	27_Sutta_Khu_Jaa_1.txt	9874
J_3_480	27_Sutta_Khu_Jaa_1.txt	9883
J_3_480	27_Sutta_Khu_Jaa_1.txt	9887
J_3_480	27_Sutta_Khu_Jaa_1.txt	9891
J_3_481	27_Sutta_Khu_Jaa_1.txt	9903
J_3_481	27_Sutta_Khu_Jaa_1.txt	9907
J_3_481	27_Sutta_Khu_Jaa_1.txt	9911
J_3_481	27_Sutta_Khu_Jaa_1.txt	9915
J_3_481	27_Sutta_Khu_Jaa_1.txt	9919
J_3_484	27_Sutta_Khu_Jaa_1.txt	9949
J_3_484	27_Sutta_Khu_Jaa_1.txt	9953
J_3_484	27_Sutta_Khu_Jaa_1.txt	9958
J_3_484	27_Sutta_Khu_Jaa_1.txt	9963
J_3_484	27_Sutta_Khu_Jaa_1.txt	9967
J_3_484	27_Sutta_Khu_Jaa_1.txt	9971
J_3_484	27_Sutta_Khu_Jaa_1.txt	9975
J_3_484	27_Sutta_Khu_Jaa_1.txt	9989
J_3_484	27_Sutta_Khu_Jaa_1.txt	9993
J_3_488	27_Sutta_Khu_Jaa_1.txt	10003
J_3_488	27_Sutta_Khu_Jaa_1.txt	10007
J_3_488	27_Sutta_Khu_Jaa_1.txt	10011
J_3_488	27_Sutta_Khu_Jaa_1.txt	10015
J_3_488	27_Sutta_Khu_Jaa_1.txt	10019
J_3_488	27_Sutta_Khu_Jaa_1.txt	10023
J_3_488	27_Sutta_Khu_Jaa_1.txt	10033
J_3_488	27_Sutta_Khu_Jaa_1.txt	10038
J_3_488	27_Sutta_Khu_Jaa_1.txt	10044
J_3_488	27_Sutta_Khu_Jaa_1.txt	10050
J_3_491	27_Sutta_Khu_Jaa_1.txt	10060
J_3_492	27_Sutta_Khu_Jaa_1.txt	10072
J_3_492	27_Sutta_Khu_Jaa_1.txt	10078
J_3_492	27_Sutta_Khu_Jaa_1.txt	10084
J_3_493	27_Sutta_Khu_Jaa_1.txt	10090
J_3_493	27_Sutta_Khu_Jaa_1.txt	10094
J_3_493	27_Sutta_Khu_Jaa_1.txt	10098
J_3_493	27_Sutta_Khu_Jaa_1.txt	10110
J_3_494	27_Sutta_Khu_Jaa_1.txt	10116
J_3_494	27_Sutta_Khu_Jaa_1.txt	10120
J_3_495	27_Sutta_Khu_Jaa_1.txt	10129
J_3_495	27_Sutta_Khu_Jaa_1.txt	10133
J_3_495	27_Sutta_Khu_Jaa_1.txt	10137
J_3_495	27_Sutta_Khu_Jaa_1.txt	10149
J_3_495	27_Sutta_Khu_Jaa_1.txt	10153
J_3_495	27_Sutta_Khu_Jaa_1.txt	10157
J_3_495	27_Sutta_Khu_Jaa_1.txt	10161
J_3_495	27_Sutta_Khu_Jaa_1.txt	10165
J_3_495	27_Sutta_Khu_Jaa_1.txt	10169
J_3_495	27_Sutta_Khu_Jaa_1.txt	10173
J_3_498	27_Sutta_Khu_Jaa_1.txt	10182
J_3_499	27_Sutta_Khu_Jaa_1.txt	10186
J_3_499	27_Sutta_Khu_Jaa_1.txt	10196
J_3_499	27_Sutta_Khu_Jaa_1.txt	10200
J_3_500	27_Sutta_Khu_Jaa_1.txt	10204
J_3_500	27_Sutta_Khu_Jaa_1.txt	10208
J_3_500	27_Sutta_Khu_Jaa_1.txt	10212
J_3_500	27_Sutta_Khu_Jaa_1.txt	10216
J_3_501	27_Sutta_Khu_Jaa_1.txt	10220
J_3_507	27_Sutta_Khu_Jaa_1.txt	10229
J_3_508	27_Sutta_Khu_Jaa_1.txt	10243
J_3_508	27_Sutta_Khu_Jaa_1.txt	10247
J_3_509	27_Sutta_Khu_Jaa_1.txt	10251
J_3_509	27_Sutta_Khu_Jaa_1.txt	10255
J_3_510	27_Sutta_Khu_Jaa_1.txt	10259
J_3_510	27_Sutta_Khu_Jaa_1.txt	10263
J_3_512	27_Sutta_Khu_Jaa_1.txt	10267
J_3_513	27_Sutta_Khu_Jaa_1.txt	10271
J_3_513	27_Sutta_Khu_Jaa_1.txt	10275
J_3_515	27_Sutta_Khu_Jaa_1.txt	10292
J_3_516	27_Sutta_Khu_Jaa_1.txt	10296
J_3_516	27_Sutta_Khu_Jaa_1.txt	10300
J_3_516	27_Sutta_Khu_Jaa_1.txt	10304
J_3_516	27_Sutta_Khu_Jaa_1.txt	10308
J_3_518	27_Sutta_Khu_Jaa_1.txt	10312
J_3_518	27_Sutta_Khu_Jaa_1.txt	10316
J_3_519	27_Sutta_Khu_Jaa_1.txt	10320
J_3_519	27_Sutta_Khu_Jaa_1.txt	10330
J_3_520	27_Sutta_Khu_Jaa_1.txt	10341
J_3_521	27_Sutta_Khu_Jaa_1.txt	10347
J_3_521	27_Sutta_Khu_Jaa_1.txt	10354
J_3_522	27_Sutta_Khu_Jaa_1.txt	10366
J_3_522	27_Sutta_Khu_Jaa_1.txt	10373
J_3_522	27_Sutta_Khu_Jaa_1.txt	10379
J_3_523	27_Sutta_Khu_Jaa_1.txt	10386
J_3_523	27_Sutta_Khu_Jaa_1.txt	10392
J_3_523	27_Sutta_Khu_Jaa_1.txt	10404
J_3_524	27_Sutta_Khu_Jaa_1.txt	10415
J_3_525	27_Sutta_Khu_Jaa_1.txt	10419
J_3_525	27_Sutta_Khu_Jaa_1.txt	10423
J_3_525	27_Sutta_Khu_Jaa_1.txt	10427
J_3_525	27_Sutta_Khu_Jaa_1.txt	10431
J_3_525	27_Sutta_Khu_Jaa_1.txt	10441
J_3_525	27_Sutta_Khu_Jaa_1.txt	10445
J_3_526	27_Sutta_Khu_Jaa_1.txt	10449
J_3_526	27_Sutta_Khu_Jaa_1.txt	10453
J_3_528	27_Sutta_Khu_Jaa_1.txt	10462
J_3_529	27_Sutta_Khu_Jaa_1.txt	10468
J_3_529	27_Sutta_Khu_Jaa_1.txt	10474
J_3_529	27_Sutta_Khu_Jaa_1.txt	10486
J_3_530	27_Sutta_Khu_Jaa_1.txt	10492
J_3_530	27_Sutta_Khu_Jaa_1.txt	10498
J_3_530	27_Sutta_Khu_Jaa_1.txt	10504
J_3_530	27_Sutta_Khu_Jaa_1.txt	10520
J_3_530	27_Sutta_Khu_Jaa_1.txt	10526
J_3_534	27_Sutta_Khu_Jaa_1.txt	10537
J_3_534	27_Sutta_Khu_Jaa_1.txt	10541
J_3_534	27_Sutta_Khu_Jaa_1.txt	10545
J_3_534	27_Sutta_Khu_Jaa_1.txt	10549
J_3_535	27_Sutta_Khu_Jaa_1.txt	10553
J_3_535	27_Sutta_Khu_Jaa_1.txt	10563
J_3_535	27_Sutta_Khu_Jaa_1.txt	10567
J_3_535	27_Sutta_Khu_Jaa_1.txt	10571
J_3_536	27_Sutta_Khu_Jaa_1.txt	10575
J_3_539	27_Sutta_Khu_Jaa_1.txt	10584
J_3_539	27_Sutta_Khu_Jaa_1.txt	10588
J_3_539	27_Sutta_Khu_Jaa_1.txt	10592
J_3_540	27_Sutta_Khu_Jaa_1.txt	10596
J_3_541	27_Sutta_Khu_Jaa_1.txt	10608
J_3_541	27_Sutta_Khu_Jaa_1.txt	10614
J_3_541	27_Sutta_Khu_Jaa_1.txt	10620
J_3_541	27_Sutta_Khu_Jaa_1.txt	10626
J_3_542	27_Sutta_Khu_Jaa_1.txt	10632
J_4_4	27_Sutta_Khu_Jaa_1.txt	10665
J_4_4	27_Sutta_Khu_Jaa_1.txt	10669
J_4_4	27_Sutta_Khu_Jaa_1.txt	10673
J_4_4	27_Sutta_Khu_Jaa_1.txt	10677
J_4_4	27_Sutta_Khu_Jaa_1.txt	10681
J_4_4	27_Sutta_Khu_Jaa_1.txt	10685
J_4_4	27_Sutta_Khu_Jaa_1.txt	10689
J_4_5	27_Sutta_Khu_Jaa_1.txt	10693
J_4_6	27_Sutta_Khu_Jaa_1.txt	10706
J_4_6	27_Sutta_Khu_Jaa_1.txt	10710
J_4_9	27_Sutta_Khu_Jaa_1.txt	10719
J_4_9	27_Sutta_Khu_Jaa_1.txt	10723
J_4_10	27_Sutta_Khu_Jaa_1.txt	10727
J_4_10	27_Sutta_Khu_Jaa_1.txt	10731
J_4_11	27_Sutta_Khu_Jaa_1.txt	10736
J_4_11	27_Sutta_Khu_Jaa_1.txt	10746
J_4_11	27_Sutta_Khu_Jaa_1.txt	10750
J_4_11	27_Sutta_Khu_Jaa_1.txt	10755
J_4_11	27_Sutta_Khu_Jaa_1.txt	10759
J_4_13	27_Sutta_Khu_Jaa_1.txt	10763
J_4_13	27_Sutta_Khu_Jaa_1.txt	10767
J_4_13	27_Sutta_Khu_Jaa_1.txt	10772
J_4_14	27_Sutta_Khu_Jaa_1.txt	10776
J_4_17	27_Sutta_Khu_Jaa_1.txt	10908
J_4_18	27_Sutta_Khu_Jaa_1.txt	10914
J_4_18	27_Sutta_Khu_Jaa_1.txt	10926
J_4_19	27_Sutta_Khu_Jaa_1.txt	10932
J_4_19	27_Sutta_Khu_Jaa_1.txt	10938
J_4_19	27_Sutta_Khu_Jaa_1.txt	10944
J_4_19	27_Sutta_Khu_Jaa_1.txt	10950
J_4_20	27_Sutta_Khu_Jaa_1.txt	10962
J_4_20	27_Sutta_Khu_Jaa_1.txt	10968
J_4_21	27_Sutta_Khu_Jaa_1.txt	10974
J_4_24	27_Sutta_Khu_Jaa_1.txt	10985
J_4_24	27_Sutta_Khu_Jaa_1.txt	10989
J_4_25	27_Sutta_Khu_Jaa_1.txt	11001
J_4_25	27_Sutta_Khu_Jaa_1.txt	11005
J_4_25	27_Sutta_Khu_Jaa_1.txt	11009
J_4_26	27_Sutta_Khu_Jaa_1.txt	11013
J_4_26	27_Sutta_Khu_Jaa_1.txt	11017
J_4_26	27_Sutta_Khu_Jaa_1.txt	11021
J_4_26	27_Sutta_Khu_Jaa_1.txt	11025
J_4_26	27_Sutta_Khu_Jaa_1.txt	11031
J_4_26	27_Sutta_Khu_Jaa_1.txt	11035
J_4_26	27_Sutta_Khu_Jaa_1.txt	11045
J_4_26	27_Sutta_Khu_Jaa_1.txt	11049
J_4_31	27_Sutta_Khu_Jaa_1.txt	11058
J_4_31	27_Sutta_Khu_Jaa_1.txt	11067
J_4_32	27_Sutta_Khu_Jaa_1.txt	11084
J_4_33	27_Sutta_Khu_Jaa_1.txt	11092
J_4_33	27_Sutta_Khu_Jaa_1.txt	11098
J_4_34	27_Sutta_Khu_Jaa_1.txt	11106
J_4_34	27_Sutta_Khu_Jaa_1.txt	11122
J_4_35	27_Sutta_Khu_Jaa_1.txt	11130
J_4_35	27_Sutta_Khu_Jaa_1.txt	11138
J_4_36	27_Sutta_Khu_Jaa_1.txt	11154
J_4_41	27_Sutta_Khu_Jaa_1.txt	11165
J_4_41	27_Sutta_Khu_Jaa_1.txt	11169
J_4_41	27_Sutta_Khu_Jaa_1.txt	11173
J_4_42	27_Sutta_Khu_Jaa_1.txt	11177
J_4_42	27_Sutta_Khu_Jaa_1.txt	11191
J_4_42	27_Sutta_Khu_Jaa_1.txt	11196
J_4_42	27_Sutta_Khu_Jaa_1.txt	11200
J_4_42	27_Sutta_Khu_Jaa_1.txt	11204
J_4_43	27_Sutta_Khu_Jaa_1.txt	11208
J_4_43	27_Sutta_Khu_Jaa_1.txt	11212
J_4_46	27_Sutta_Khu_Jaa_1.txt	11221
J_4_46	27_Sutta_Khu_Jaa_1.txt	11233
J_4_47	27_Sutta_Khu_Jaa_1.txt	11247
J_4_47	27_Sutta_Khu_Jaa_1.txt	11253
J_4_47	27_Sutta_Khu_Jaa_1.txt	11259
J_4_47	27_Sutta_Khu_Jaa_1.txt	11271
J_4_48	27_Sutta_Khu_Jaa_1.txt	11277
J_4_48	27_Sutta_Khu_Jaa_1.txt	11283
J_4_49	27_Sutta_Khu_Jaa_1.txt	11289
J_4_52	27_Sutta_Khu_Jaa_1.txt	11305
J_4_53	27_Sutta_Khu_Jaa_1.txt	11311
J_4_53	27_Sutta_Khu_Jaa_1.txt	11317
J_4_53	27_Sutta_Khu_Jaa_1.txt	11323
J_4_53	27_Sutta_Khu_Jaa_1.txt	11329
J_4_53	27_Sutta_Khu_Jaa_1.txt	11341
J_4_53	27_Sutta_Khu_Jaa_1.txt	11347
J_4_53	27_Sutta_Khu_Jaa_1.txt	11353
J_4_53	27_Sutta_Khu_Jaa_1.txt	11359
J_4_53	27_Sutta_Khu_Jaa_1.txt	11365
J_4_54	27_Sutta_Khu_Jaa_1.txt	11379
J_4_55	27_Sutta_Khu_Jaa_1.txt	11385
J_4_56	27_Sutta_Khu_Jaa_1.txt	11396
J_4_56	27_Sutta_Khu_Jaa_1.txt	11400
J_4_56	27_Sutta_Khu_Jaa_1.txt	11404
J_4_57	27_Sutta_Khu_Jaa_1.txt	11408
J_4_57	27_Sutta_Khu_Jaa_1.txt	11418
J_4_57	27_Sutta_Khu_Jaa_1.txt	11422
J_4_57	27_Sutta_Khu_Jaa_1.txt	11426
J_4_58	27_Sutta_Khu_Jaa_1.txt	11430
J_4_58	27_Sutta_Khu_Jaa_1.txt	11434
J_4_58	27_Sutta_Khu_Jaa_1.txt	11438
J_4_58	27_Sutta_Khu_Jaa_1.txt	11442
J_4_60	27_Sutta_Khu_Jaa_1.txt	11461
J_4_60	27_Sutta_Khu_Jaa_1.txt	11467
J_4_60	27_Sutta_Khu_Jaa_1.txt	11473
J_4_60	27_Sutta_Khu_Jaa_1.txt	11479
J_4_61	27_Sutta_Khu_Jaa_1.txt	11485
J_4_61	27_Sutta_Khu_Jaa_1.txt	11499
J_4_61	27_Sutta_Khu_Jaa_1.txt	11505
J_4_61	27_Sutta_Khu_Jaa_1.txt	11511
J_4_62	27_Sutta_Khu_Jaa_1.txt	11515
J_4_62	27_Sutta_Khu_Jaa_1.txt	11519
J_4_64	27_Sutta_Khu_Jaa_1.txt	11528
J_4_64	27_Sutta_Khu_Jaa_1.txt	11540
J_4_64	27_Sutta_Khu_Jaa_1.txt	11544
J_4_64	27_Sutta_Khu_Jaa_1.txt	11549
J_4_65	27_Sutta_Khu_Jaa_1.txt	11553
J_4_65	27_Sutta_Khu_Jaa_1.txt	11557
J_4_65	27_Sutta_Khu_Jaa_1.txt	11561
J_4_66	27_Sutta_Khu_Jaa_1.txt	11565
J_4_66	27_Sutta_Khu_Jaa_1.txt	11571
J_4_67	27_Sutta_Khu_Jaa_1.txt	11585
J_4_70	27_Sutta_Khu_Jaa_1.txt	11598
J_4_70	27_Sutta_Khu_Jaa_1.txt	11602
J_4_71	27_Sutta_Khu_Jaa_1.txt	11606
J_4_71	27_Sutta_Khu_Jaa_1.txt	11610
J_4_71	27_Sutta_Khu_Jaa_1.txt	11614
J_4_71	27_Sutta_Khu_Jaa_1.txt	11626
J_4_71	27_Sutta_Khu_Jaa_1.txt	11630
J_4_71	27_Sutta_Khu_Jaa_1.txt	11634
J_4_71	27_Sutta_Khu_Jaa_1.txt	11638
J_4_71	27_Sutta_Khu_Jaa_1.txt	11642
J_4_75	27_Sutta_Khu_Jaa_1.txt	11720
J_4_75	27_Sutta_Khu_Jaa_1.txt	11726
J_4_76	27_Sutta_Khu_Jaa_1.txt	11732
J_4_76	27_Sutta_Khu_Jaa_1.txt	11744
J_4_76	27_Sutta_Khu_Jaa_1.txt	11750
J_4_76	27_Sutta_Khu_Jaa_1.txt	11756
J_4_76	27_Sutta_Khu_Jaa_1.txt	11762
J_4_76	27_Sutta_Khu_Jaa_1.txt	11776
J_4_76	27_Sutta_Khu_Jaa_1.txt	11782
J_4_78	27_Sutta_Khu_Jaa_1.txt	11788
J_4_84	27_Sutta_Khu_Jaa_1.txt	11799
J_4_85	27_Sutta_Khu_Jaa_1.txt	11804
J_4_85	27_Sutta_Khu_Jaa_1.txt	11816
J_4_85	27_Sutta_Khu_Jaa_1.txt	11820
J_4_85	27_Sutta_Khu_Jaa_1.txt	11828
J_4_86	27_Sutta_Khu_Jaa_1.txt	11832
J_4_86	27_Sutta_Khu_Jaa_1.txt	11836
J_4_86	27_Sutta_Khu_Jaa_1.txt	11840
J_4_87	27_Sutta_Khu_Jaa_1.txt	11848
J_4_87	27_Sutta_Khu_Jaa_1.txt	11870
J_4_92	27_Sutta_Khu_Jaa_1.txt	11897
J_4_92	27_Sutta_Khu_Jaa_1.txt	11903
J_4_93	27_Sutta_Khu_Jaa_1.txt	11909
J_4_93	27_Sutta_Khu_Jaa_1.txt	11913
J_4_93	27_Sutta_Khu_Jaa_1.txt	11917
J_4_93	27_Sutta_Khu_Jaa_1.txt	11921
J_4_93	27_Sutta_Khu_Jaa_1.txt	11925
J_4_93	27_Sutta_Khu_Jaa_1.txt	11939
J_4_94	27_Sutta_Khu_Jaa_1.txt	11945
J_4_94	27_Sutta_Khu_Jaa_1.txt	11949
J_4_94	27_Sutta_Khu_Jaa_1.txt	11953
J_4_97	27_Sutta_Khu_Jaa_1.txt	11962
J_4_97	27_Sutta_Khu_Jaa_1.txt	11976
J_4_97	27_Sutta_Khu_Jaa_1.txt	11982
J_4_98	27_Sutta_Khu_Jaa_1.txt	11988
J_4_98	27_Sutta_Khu_Jaa_1.txt	11994
J_4_98	27_Sutta_Khu_Jaa_1.txt	12000
J_4_98	27_Sutta_Khu_Jaa_1.txt	12012
J_4_98	27_Sutta_Khu_Jaa_1.txt	12022
J_4_98	27_Sutta_Khu_Jaa_1.txt	12028
J_4_98	27_Sutta_Khu_Jaa_1.txt	12034
J_4_99	27_Sutta_Khu_Jaa_1.txt	12050
J_4_101	27_Sutta_Khu_Jaa_1.txt	12061
J_4_101	27_Sutta_Khu_Jaa_1.txt	12067
J_4_101	27_Sutta_Khu_Jaa_1.txt	12073
J_4_101	27_Sutta_Khu_Jaa_1.txt	12083
J_4_102	27_Sutta_Khu_Jaa_1.txt	12089
J_4_102	27_Sutta_Khu_Jaa_1.txt	12095
J_4_102	27_Sutta_Khu_Jaa_1.txt	12101
J_4_103	27_Sutta_Khu_Jaa_1.txt	12107
J_4_103	27_Sutta_Khu_Jaa_1.txt	12121
J_4_103	27_Sutta_Khu_Jaa_1.txt	12127
J_4_103	27_Sutta_Khu_Jaa_1.txt	12134
J_4_106	27_Sutta_Khu_Jaa_1.txt	12152
J_4_106	27_Sutta_Khu_Jaa_1.txt	12158
J_4_107	27_Sutta_Khu_Jaa_1.txt	12166
J_4_107	27_Sutta_Khu_Jaa_1.txt	12170
J_4_107	27_Sutta_Khu_Jaa_1.txt	12176
J_4_108	27_Sutta_Khu_Jaa_1.txt	12188
J_4_108	27_Sutta_Khu_Jaa_1.txt	12194
J_4_109	27_Sutta_Khu_Jaa_1.txt	12206
J_4_109	27_Sutta_Khu_Jaa_1.txt	12212
J_4_110	27_Sutta_Khu_Jaa_1.txt	12226
J_4_110	27_Sutta_Khu_Jaa_1.txt	12232
J_4_111	27_Sutta_Khu_Jaa_1.txt	12240
J_4_111	27_Sutta_Khu_Jaa_1.txt	12244
J_4_111	27_Sutta_Khu_Jaa_1.txt	12248
J_4_111	27_Sutta_Khu_Jaa_1.txt	12252
J_4_113	27_Sutta_Khu_Jaa_1.txt	12282
J_4_116	27_Sutta_Khu_Jaa_1.txt	12300
J_4_116	27_Sutta_Khu_Jaa_1.txt	12305
J_4_116	27_Sutta_Khu_Jaa_1.txt	12310
J_4_116	27_Sutta_Khu_Jaa_1.txt	12316
J_4_116	27_Sutta_Khu_Jaa_1.txt	12322
J_4_117	27_Sutta_Khu_Jaa_1.txt	12331
J_4_118	27_Sutta_Khu_Jaa_1.txt	12335
J_4_118	27_Sutta_Khu_Jaa_1.txt	12339
J_4_118	27_Sutta_Khu_Jaa_1.txt	12343
J_4_118	27_Sutta_Khu_Jaa_1.txt	12347
J_4_118	27_Sutta_Khu_Jaa_1.txt	12351
J_4_120	27_Sutta_Khu_Jaa_1.txt	12360
J_4_120	27_Sutta_Khu_Jaa_1.txt	12364
J_4_121	27_Sutta_Khu_Jaa_1.txt	12377
J_4_121	27_Sutta_Khu_Jaa_1.txt	12381
J_4_121	27_Sutta_Khu_Jaa_1.txt	12385
J_4_121	27_Sutta_Khu_Jaa_1.txt	12389
J_4_122	27_Sutta_Khu_Jaa_1.txt	12393
J_4_122	27_Sutta_Khu_Jaa_1.txt	12397
J_4_122	27_Sutta_Khu_Jaa_1.txt	12401
J_4_123	27_Sutta_Khu_Jaa_1.txt	12405
J_4_123	27_Sutta_Khu_Jaa_1.txt	12409
J_4_126	27_Sutta_Khu_Jaa_1.txt	12427
J_4_126	27_Sutta_Khu_Jaa_1.txt	12431
J_4_126	27_Sutta_Khu_Jaa_1.txt	12435
J_4_127	27_Sutta_Khu_Jaa_1.txt	12439
J_4_127	27_Sutta_Khu_Jaa_1.txt	12443
J_4_127	27_Sutta_Khu_Jaa_1.txt	12447
J_4_127	27_Sutta_Khu_Jaa_1.txt	12451
J_4_127	27_Sutta_Khu_Jaa_1.txt	12455
J_4_127	27_Sutta_Khu_Jaa_1.txt	12459
J_4_127	27_Sutta_Khu_Jaa_1.txt	12470
J_4_127	27_Sutta_Khu_Jaa_1.txt	12474
J_4_127	27_Sutta_Khu_Jaa_1.txt	12480
J_4_130	27_Sutta_Khu_Jaa_1.txt	12484
J_4_134	27_Sutta_Khu_Jaa_1.txt	12493
J_4_134	27_Sutta_Khu_Jaa_1.txt	12497
J_4_134	27_Sutta_Khu_Jaa_1.txt	12501
J_4_134	27_Sutta_Khu_Jaa_1.txt	12505
J_4_134	27_Sutta_Khu_Jaa_1.txt	12517
J_4_134	27_Sutta_Khu_Jaa_1.txt	12521
J_4_134	27_Sutta_Khu_Jaa_1.txt	12525
J_4_134	27_Sutta_Khu_Jaa_1.txt	12529
J_4_135	27_Sutta_Khu_Jaa_1.txt	12533
J_4_135	27_Sutta_Khu_Jaa_1.txt	12537
J_4_135	27_Sutta_Khu_Jaa_1.txt	12541
J_4_139	27_Sutta_Khu_Jaa_1.txt	12550
J_4_139	27_Sutta_Khu_Jaa_1.txt	12560
J_4_139	27_Sutta_Khu_Jaa_1.txt	12564
J_4_140	27_Sutta_Khu_Jaa_1.txt	12568
J_4_140	27_Sutta_Khu_Jaa_1.txt	12572
J_4_140	27_Sutta_Khu_Jaa_1.txt	12576
J_4_140	27_Sutta_Khu_Jaa_1.txt	12580
J_4_140	27_Sutta_Khu_Jaa_1.txt	12584
J_4_141	27_Sutta_Khu_Jaa_1.txt	12588
J_4_141	27_Sutta_Khu_Jaa_1.txt	12592
J_4_141	27_Sutta_Khu_Jaa_1.txt	12596
J_4_141	27_Sutta_Khu_Jaa_1.txt	12607
J_4_142	27_Sutta_Khu_Jaa_1.txt	12611
J_4_154	27_Sutta_Khu_Jaa_1.txt	12720
J_4_154	27_Sutta_Khu_Jaa_1.txt	12724
J_4_154	27_Sutta_Khu_Jaa_1.txt	12728
J_4_155	27_Sutta_Khu_Jaa_1.txt	12733
J_4_155	27_Sutta_Khu_Jaa_1.txt	12737
J_4_155	27_Sutta_Khu_Jaa_1.txt	12741
J_4_156	27_Sutta_Khu_Jaa_1.txt	12751
J_4_156	27_Sutta_Khu_Jaa_1.txt	12755
J_4_156	27_Sutta_Khu_Jaa_1.txt	12759
J_4_156	27_Sutta_Khu_Jaa_1.txt	12763
J_4_156	27_Sutta_Khu_Jaa_1.txt	12767
J_4_157	27_Sutta_Khu_Jaa_1.txt	12771
J_4_160	27_Sutta_Khu_Jaa_1.txt	12780
J_4_162	27_Sutta_Khu_Jaa_1.txt	12786
J_4_162	27_Sutta_Khu_Jaa_1.txt	12800
J_4_162	27_Sutta_Khu_Jaa_1.txt	12806
J_4_163	27_Sutta_Khu_Jaa_1.txt	12812
J_4_163	27_Sutta_Khu_Jaa_1.txt	12818
J_4_163	27_Sutta_Khu_Jaa_1.txt	12832
J_4_163	27_Sutta_Khu_Jaa_1.txt	12838
J_4_165	27_Sutta_Khu_Jaa_1.txt	12852
J_4_165	27_Sutta_Khu_Jaa_1.txt	12864
J_4_166	27_Sutta_Khu_Jaa_1.txt	12870
J_4_172	27_Sutta_Khu_Jaa_1.txt	12881
J_4_172	27_Sutta_Khu_Jaa_1.txt	12885
J_4_172	27_Sutta_Khu_Jaa_1.txt	12889
J_4_172	27_Sutta_Khu_Jaa_1.txt	12894
J_4_172	27_Sutta_Khu_Jaa_1.txt	12904
J_4_172	27_Sutta_Khu_Jaa_1.txt	12910
J_4_172	27_Sutta_Khu_Jaa_1.txt	12915
J_4_172	27_Sutta_Khu_Jaa_1.txt	12919
J_4_175	27_Sutta_Khu_Jaa_1.txt	12928
J_4_175	27_Sutta_Khu_Jaa_1.txt	12932
J_4_175	27_Sutta_Khu_Jaa_1.txt	12936
J_4_177	27_Sutta_Khu_Jaa_1.txt	12951
J_4_177	27_Sutta_Khu_Jaa_1.txt	12955
J_4_177	27_Sutta_Khu_Jaa_1.txt	12959
J_4_177	27_Sutta_Khu_Jaa_1.txt	12963
J_4_178	27_Sutta_Khu_Jaa_1.txt	12967
J_4_178	27_Sutta_Khu_Jaa_1.txt	12971
J_4_178	27_Sutta_Khu_Jaa_1.txt	12975
J_4_178	27_Sutta_Khu_Jaa_1.txt	12979
J_4_178	27_Sutta_Khu_Jaa_1.txt	12990
J_4_178	27_Sutta_Khu_Jaa_1.txt	12994
J_4_178	27_Sutta_Khu_Jaa_1.txt	12998
J_4_178	27_Sutta_Khu_Jaa_1.txt	13002
J_4_183	27_Sutta_Khu_Jaa_1.txt	13011
J_4_183	27_Sutta_Khu_Jaa_1.txt	13015
J_4_184	27_Sutta_Khu_Jaa_1.txt	13019
J_4_184	27_Sutta_Khu_Jaa_1.txt	13023
J_4_184	27_Sutta_Khu_Jaa_1.txt	13033
J_4_184	27_Sutta_Khu_Jaa_1.txt	13037
J_4_184	27_Sutta_Khu_Jaa_1.txt	13041
J_4_184	27_Sutta_Khu_Jaa_1.txt	13045
J_4_184	27_Sutta_Khu_Jaa_1.txt	13049
J_4_184	27_Sutta_Khu_Jaa_1.txt	13053
J_4_184	27_Sutta_Khu_Jaa_1.txt	13057
J_4_184	27_Sutta_Khu_Jaa_1.txt	13061
J_4_192	27_Sutta_Khu_Jaa_1.txt	13292
J_4_192	27_Sutta_Khu_Jaa_1.txt	13296
J_4_192	27_Sutta_Khu_Jaa_1.txt	13300
J_4_192	27_Sutta_Khu_Jaa_1.txt	13304
J_4_192	27_Sutta_Khu_Jaa_1.txt	13314
J_4_192	27_Sutta_Khu_Jaa_1.txt	13318
J_4_192	27_Sutta_Khu_Jaa_1.txt	13322
J_4_193	27_Sutta_Khu_Jaa_1.txt	13326
J_4_195	27_Sutta_Khu_Jaa_1.txt	13330
J_4_195	27_Sutta_Khu_Jaa_1.txt	13334
J_4_195	27_Sutta_Khu_Jaa_1.txt	13338
J_4_195	27_Sutta_Khu_Jaa_1.txt	13342
J_4_195	27_Sutta_Khu_Jaa_1.txt	13346
J_4_195	27_Sutta_Khu_Jaa_1.txt	13350
J_4_196	27_Sutta_Khu_Jaa_1.txt	13362
J_4_197	27_Sutta_Khu_Jaa_1.txt	13372
J_4_197	27_Sutta_Khu_Jaa_1.txt	13376
J_4_197	27_Sutta_Khu_Jaa_1.txt	13380
J_4_197	27_Sutta_Khu_Jaa_1.txt	13384
J_4_197	27_Sutta_Khu_Jaa_1.txt	13388
J_4_197	27_Sutta_Khu_Jaa_1.txt	13393
J_4_198	27_Sutta_Khu_Jaa_1.txt	13397
J_4_198	27_Sutta_Khu_Jaa_1.txt	13409
J_4_198	27_Sutta_Khu_Jaa_1.txt	13413
J_4_198	27_Sutta_Khu_Jaa_1.txt	13417
J_4_198	27_Sutta_Khu_Jaa_1.txt	13421
J_4_198	27_Sutta_Khu_Jaa_1.txt	13426
J_4_203	27_Sutta_Khu_Jaa_1.txt	13454
J_4_203	27_Sutta_Khu_Jaa_1.txt	13460
J_4_204	27_Sutta_Khu_Jaa_1.txt	13466
J_4_204	27_Sutta_Khu_Jaa_1.txt	13472
J_4_204	27_Sutta_Khu_Jaa_1.txt	13488
J_4_204	27_Sutta_Khu_Jaa_1.txt	13494
J_4_205	27_Sutta_Khu_Jaa_1.txt	13500
J_4_205	27_Sutta_Khu_Jaa_1.txt	13504
J_4_205	27_Sutta_Khu_Jaa_1.txt	13508
J_4_206	27_Sutta_Khu_Jaa_1.txt	13514
J_4_206	27_Sutta_Khu_Jaa_1.txt	13528
J_4_207	27_Sutta_Khu_Jaa_1.txt	13534
J_4_207	27_Sutta_Khu_Jaa_1.txt	13540
J_4_208	27_Sutta_Khu_Jaa_1.txt	13561
J_4_209	27_Sutta_Khu_Jaa_1.txt	13565
J_4_209	27_Sutta_Khu_Jaa_1.txt	13569
J_4_209	27_Sutta_Khu_Jaa_1.txt	13573
J_4_209	27_Sutta_Khu_Jaa_1.txt	13577
J_4_209	27_Sutta_Khu_Jaa_1.txt	13581
J_4_210	27_Sutta_Khu_Jaa_1.txt	13585
J_4_210	27_Sutta_Khu_Jaa_1.txt	13589
J_4_210	27_Sutta_Khu_Jaa_1.txt	13593
J_4_211	27_Sutta_Khu_Jaa_1.txt	13597
J_4_211	27_Sutta_Khu_Jaa_1.txt	13609
J_4_211	27_Sutta_Khu_Jaa_1.txt	13613
J_4_211	27_Sutta_Khu_Jaa_1.txt	13617
J_4_214	27_Sutta_Khu_Jaa_1.txt	13626
J_4_216	27_Sutta_Khu_Jaa_1.txt	13630
J_4_216	27_Sutta_Khu_Jaa_1.txt	13636
J_4_216	27_Sutta_Khu_Jaa_1.txt	13640
J_4_217	27_Sutta_Khu_Jaa_1.txt	13654
J_4_217	27_Sutta_Khu_Jaa_1.txt	13658
J_4_217	27_Sutta_Khu_Jaa_1.txt	13664
J_4_217	27_Sutta_Khu_Jaa_1.txt	13668
J_4_217	27_Sutta_Khu_Jaa_1.txt	13672
J_4_217	27_Sutta_Khu_Jaa_1.txt	13678
J_4_217	27_Sutta_Khu_Jaa_1.txt	13682
J_4_218	27_Sutta_Khu_Jaa_1.txt	13686
J_4_218	27_Sutta_Khu_Jaa_1.txt	13691
J_4_221	27_Sutta_Khu_Jaa_1.txt	13710
J_4_221	27_Sutta_Khu_Jaa_1.txt	13714
J_4_221	27_Sutta_Khu_Jaa_1.txt	13718
J_4_222	27_Sutta_Khu_Jaa_1.txt	13722
J_4_222	27_Sutta_Khu_Jaa_1.txt	13726
J_4_222	27_Sutta_Khu_Jaa_1.txt	13730
J_4_222	27_Sutta_Khu_Jaa_1.txt	13734
J_4_222	27_Sutta_Khu_Jaa_1.txt	13749
J_4_222	27_Sutta_Khu_Jaa_1.txt	13754
J_4_222	27_Sutta_Khu_Jaa_1.txt	13758
J_4_223	27_Sutta_Khu_Jaa_1.txt	13762
J_4_223	27_Sutta_Khu_Jaa_1.txt	13766
J_4_223	27_Sutta_Khu_Jaa_1.txt	13774
J_4_225	27_Sutta_Khu_Jaa_1.txt	13793
J_4_225	27_Sutta_Khu_Jaa_1.txt	13797
J_4_225	27_Sutta_Khu_Jaa_1.txt	13801
J_4_225	27_Sutta_Khu_Jaa_1.txt	13805
J_4_226	27_Sutta_Khu_Jaa_1.txt	13811
J_4_226	27_Sutta_Khu_Jaa_1.txt	13815
J_4_226	27_Sutta_Khu_Jaa_1.txt	13821
J_4_226	27_Sutta_Khu_Jaa_1.txt	13836
J_4_227	27_Sutta_Khu_Jaa_1.txt	13842
J_4_227	27_Sutta_Khu_Jaa_1.txt	13846
J_4_227	27_Sutta_Khu_Jaa_1.txt	13851
J_4_227	27_Sutta_Khu_Jaa_1.txt	13855
J_4_227	27_Sutta_Khu_Jaa_1.txt	13859
J_4_232	27_Sutta_Khu_Jaa_1.txt	13874
J_4_233	27_Sutta_Khu_Jaa_1.txt	13878
J_4_233	27_Sutta_Khu_Jaa_1.txt	13882
J_4_233	27_Sutta_Khu_Jaa_1.txt	13886
J_4_233	27_Sutta_Khu_Jaa_1.txt	13890
J_4_233	27_Sutta_Khu_Jaa_1.txt	13894
J_4_233	27_Sutta_Khu_Jaa_1.txt	13898
J_4_233	27_Sutta_Khu_Jaa_1.txt	13902
J_4_233	27_Sutta_Khu_Jaa_1.txt	13906
J_4_234	27_Sutta_Khu_Jaa_1.txt	13921
J_4_235	27_Sutta_Khu_Jaa_1.txt	13927
J_4_235	27_Sutta_Khu_Jaa_1.txt	13933
J_4_235	27_Sutta_Khu_Jaa_1.txt	13937
J_4_235	27_Sutta_Khu_Jaa_1.txt	13941
J_4_236	27_Sutta_Khu_Jaa_1.txt	13945
J_4_236	27_Sutta_Khu_Jaa_1.txt	13950
J_4_239	27_Sutta_Khu_Jaa_1.txt	13967
J_4_240	27_Sutta_Khu_Jaa_1.txt	13971
J_4_240	27_Sutta_Khu_Jaa_1.txt	13975
J_4_240	27_Sutta_Khu_Jaa_1.txt	13979
J_4_240	27_Sutta_Khu_Jaa_1.txt	13984
J_4_240	27_Sutta_Khu_Jaa_1.txt	13988
J_4_240	27_Sutta_Khu_Jaa_1.txt	13993
J_4_240	27_Sutta_Khu_Jaa_1.txt	13999
J_4_241	27_Sutta_Khu_Jaa_1.txt	14004
J_4_241	27_Sutta_Khu_Jaa_1.txt	14008
J_4_241	27_Sutta_Khu_Jaa_1.txt	14013
J_4_241	27_Sutta_Khu_Jaa_1.txt	14017
J_4_241	27_Sutta_Khu_Jaa_1.txt	14022
J_4_241	27_Sutta_Khu_Jaa_1.txt	14026
J_4_241	27_Sutta_Khu_Jaa_1.txt	14031
J_4_241	27_Sutta_Khu_Jaa_1.txt	14037
J_4_241	27_Sutta_Khu_Jaa_1.txt	14044
J_4_241	27_Sutta_Khu_Jaa_1.txt	14048
J_4_241	27_Sutta_Khu_Jaa_1.txt	14052
J_4_241	27_Sutta_Khu_Jaa_1.txt	14056
J_4_247	27_Sutta_Khu_Jaa_1.txt	14065
J_4_248	27_Sutta_Khu_Jaa_1.txt	14077
J_4_249	27_Sutta_Khu_Jaa_1.txt	14083
J_4_250	27_Sutta_Khu_Jaa_1.txt	14089
J_4_251	27_Sutta_Khu_Jaa_1.txt	14095
J_4_251	27_Sutta_Khu_Jaa_1.txt	14101
J_4_252	27_Sutta_Khu_Jaa_1.txt	14115
J_4_252	27_Sutta_Khu_Jaa_1.txt	14121
J_4_253	27_Sutta_Khu_Jaa_1.txt	14127
J_4_253	27_Sutta_Khu_Jaa_1.txt	14133
J_4_253	27_Sutta_Khu_Jaa_1.txt	14138
J_4_254	27_Sutta_Khu_Jaa_1.txt	14154
J_4_254	27_Sutta_Khu_Jaa_1.txt	14160
J_4_257	27_Sutta_Khu_Jaa_1.txt	14171
J_4_257	27_Sutta_Khu_Jaa_1.txt	14175
J_4_258	27_Sutta_Khu_Jaa_1.txt	14179
J_4_258	27_Sutta_Khu_Jaa_1.txt	14191
J_4_259	27_Sutta_Khu_Jaa_1.txt	14197
J_4_259	27_Sutta_Khu_Jaa_1.txt	14201
J_4_259	27_Sutta_Khu_Jaa_1.txt	14205
J_4_260	27_Sutta_Khu_Jaa_1.txt	14211
J_4_260	27_Sutta_Khu_Jaa_1.txt	14217
J_4_261	27_Sutta_Khu_Jaa_1.txt	14231
J_4_261	27_Sutta_Khu_Jaa_1.txt	14238
J_4_261	27_Sutta_Khu_Jaa_1.txt	14245
J_4_262	27_Sutta_Khu_Jaa_1.txt	14251
J_4_262	27_Sutta_Khu_Jaa_1.txt	14255
J_4_262	27_Sutta_Khu_Jaa_1.txt	14265
J_4_269	27_Sutta_Khu_Jaa_1.txt	14274
J_4_269	27_Sutta_Khu_Jaa_1.txt	14278
J_4_269	27_Sutta_Khu_Jaa_1.txt	14282
J_4_269	27_Sutta_Khu_Jaa_1.txt	14286
J_4_269	27_Sutta_Khu_Jaa_1.txt	14290
J_4_270	27_Sutta_Khu_Jaa_1.txt	14296
J_4_271	27_Sutta_Khu_Jaa_1.txt	14308
J_4_271	27_Sutta_Khu_Jaa_1.txt	14312
J_4_271	27_Sutta_Khu_Jaa_1.txt	14318
J_4_271	27_Sutta_Khu_Jaa_1.txt	14324
J_4_272	27_Sutta_Khu_Jaa_1.txt	14330
J_4_273	27_Sutta_Khu_Jaa_1.txt	14336
J_4_273	27_Sutta_Khu_Jaa_1.txt	14348
J_4_273	27_Sutta_Khu_Jaa_1.txt	14352
J_4_273	27_Sutta_Khu_Jaa_1.txt	14358
J_4_274	27_Sutta_Khu_Jaa_1.txt	14364
J_4_274	27_Sutta_Khu_Jaa_1.txt	14370
J_4_274	27_Sutta_Khu_Jaa_1.txt	14384
J_4_278	27_Sutta_Khu_Jaa_1.txt	14413
J_4_278	27_Sutta_Khu_Jaa_1.txt	14419
J_4_279	27_Sutta_Khu_Jaa_1.txt	14423
J_4_279	27_Sutta_Khu_Jaa_1.txt	14427
J_4_280	27_Sutta_Khu_Jaa_1.txt	14435
J_4_280	27_Sutta_Khu_Jaa_1.txt	14440
J_4_280	27_Sutta_Khu_Jaa_1.txt	14450
J_4_280	27_Sutta_Khu_Jaa_1.txt	14466
J_4_281	27_Sutta_Khu_Jaa_1.txt	14474
J_4_281	27_Sutta_Khu_Jaa_1.txt	14480
J_4_282	27_Sutta_Khu_Jaa_1.txt	14492
J_4_284	27_Sutta_Khu_Jaa_1.txt	14503
J_4_285	27_Sutta_Khu_Jaa_1.txt	14519
J_4_285	27_Sutta_Khu_Jaa_1.txt	14547
J_4_286	27_Sutta_Khu_Jaa_1.txt	14551
J_4_286	27_Sutta_Khu_Jaa_1.txt	14555
J_4_286	27_Sutta_Khu_Jaa_1.txt	14559
J_4_288	27_Sutta_Khu_Jaa_1.txt	14628
J_4_288	27_Sutta_Khu_Jaa_1.txt	14632
J_4_291	27_Sutta_Khu_Jaa_1.txt	14639
J_4_291	27_Sutta_Khu_Jaa_1.txt	14645
J_4_291	27_Sutta_Khu_Jaa_1.txt	14651
J_4_292	27_Sutta_Khu_Jaa_1.txt	14665
J_4_292	27_Sutta_Khu_Jaa_1.txt	14671
J_4_293	27_Sutta_Khu_Jaa_1.txt	14677
J_4_293	27_Sutta_Khu_Jaa_1.txt	14681
J_4_293	27_Sutta_Khu_Jaa_1.txt	14687
J_4_293	27_Sutta_Khu_Jaa_1.txt	14693
J_4_294	27_Sutta_Khu_Jaa_1.txt	14705
J_4_295	27_Sutta_Khu_Jaa_1.txt	14711
J_4_295	27_Sutta_Khu_Jaa_1.txt	14717
J_4_296	27_Sutta_Khu_Jaa_1.txt	14723
J_4_296	27_Sutta_Khu_Jaa_1.txt	14729
J_4_296	27_Sutta_Khu_Jaa_1.txt	14741
J_4_296	27_Sutta_Khu_Jaa_1.txt	14753
J_4_299	27_Sutta_Khu_Jaa_1.txt	14766
J_4_300	27_Sutta_Khu_Jaa_1.txt	14778
J_4_300	27_Sutta_Khu_Jaa_1.txt	14784
J_4_301	27_Sutta_Khu_Jaa_1.txt	14790
J_4_301	27_Sutta_Khu_Jaa_1.txt	14796
J_4_302	27_Sutta_Khu_Jaa_1.txt	14800
J_4_302	27_Sutta_Khu_Jaa_1.txt	14804
J_4_302	27_Sutta_Khu_Jaa_1.txt	14818
J_4_302	27_Sutta_Khu_Jaa_1.txt	14822
J_4_303	27_Sutta_Khu_Jaa_1.txt	14826
J_4_303	27_Sutta_Khu_Jaa_1.txt	14832
J_4_303	27_Sutta_Khu_Jaa_1.txt	14837
J_4_303	27_Sutta_Khu_Jaa_1.txt	14842
J_4_304	27_Sutta_Khu_Jaa_1.txt	14848
J_4_308	27_Sutta_Khu_Jaa_1.txt	14865
J_4_309	27_Sutta_Khu_Jaa_1.txt	14871
J_4_309	27_Sutta_Khu_Jaa_1.txt	14877
J_4_309	27_Sutta_Khu_Jaa_1.txt	14883
J_4_309	27_Sutta_Khu_Jaa_1.txt	14895
J_4_309	27_Sutta_Khu_Jaa_1.txt	14901
J_4_309	27_Sutta_Khu_Jaa_1.txt	14907
J_4_310	27_Sutta_Khu_Jaa_1.txt	14913
J_4_310	27_Sutta_Khu_Jaa_1.txt	14919
J_4_310	27_Sutta_Khu_Jaa_1.txt	14933
J_4_310	27_Sutta_Khu_Jaa_1.txt	14939
J_4_310	27_Sutta_Khu_Jaa_1.txt	14945
J_4_310	27_Sutta_Khu_Jaa_1.txt	14951
J_4_312	27_Sutta_Khu_Jaa_1.txt	14957
J_4_312	27_Sutta_Khu_Jaa_1.txt	14973
J_4_312	27_Sutta_Khu_Jaa_1.txt	14979
J_4_313	27_Sutta_Khu_Jaa_1.txt	14991
J_4_313	27_Sutta_Khu_Jaa_1.txt	14997
J_4_313	27_Sutta_Khu_Jaa_1.txt	15009
J_4_314	27_Sutta_Khu_Jaa_1.txt	15015
J_4_314	27_Sutta_Khu_Jaa_1.txt	15021
J_4_319	27_Sutta_Khu_Jaa_1.txt	15046
J_4_320	27_Sutta_Khu_Jaa_1.txt	15059
J_4_320	27_Sutta_Khu_Jaa_1.txt	15071
J_4_320	27_Sutta_Khu_Jaa_1.txt	15091
J_4_320	27_Sutta_Khu_Jaa_1.txt	15099
J_4_320	27_Sutta_Khu_Jaa_1.txt	15107
J_4_321	27_Sutta_Khu_Jaa_1.txt	15116
J_4_322	27_Sutta_Khu_Jaa_1.txt	15124
J_4_322	27_Sutta_Khu_Jaa_1.txt	15140
J_4_329	27_Sutta_Khu_Jaa_1.txt	15169
J_4_329	27_Sutta_Khu_Jaa_1.txt	15181
J_4_330	27_Sutta_Khu_Jaa_1.txt	15193
J_4_330	27_Sutta_Khu_Jaa_1.txt	15199
J_4_330	27_Sutta_Khu_Jaa_1.txt	15221
J_4_330	27_Sutta_Khu_Jaa_1.txt	15227
J_4_331	27_Sutta_Khu_Jaa_1.txt	15245
J_4_331	27_Sutta_Khu_Jaa_1.txt	15257
J_4_331	27_Sutta_Khu_Jaa_1.txt	15269
J_4_332	27_Sutta_Khu_Jaa_1.txt	15275
J_4_337	27_Sutta_Khu_Jaa_1.txt	15300
J_4_337	27_Sutta_Khu_Jaa_1.txt	15306
J_4_337	27_Sutta_Khu_Jaa_1.txt	15312
J_4_338	27_Sutta_Khu_Jaa_1.txt	15332
J_4_338	27_Sutta_Khu_Jaa_1.txt	15338
J_4_338	27_Sutta_Khu_Jaa_1.txt	15344
J_4_338	27_Sutta_Khu_Jaa_1.txt	15352
J_4_339	27_Sutta_Khu_Jaa_1.txt	15358
J_4_339	27_Sutta_Khu_Jaa_1.txt	15370
J_4_339	27_Sutta_Khu_Jaa_1.txt	15376
J_4_340	27_Sutta_Khu_Jaa_1.txt	15388
J_4_341	27_Sutta_Khu_Jaa_1.txt	15406
J_4_341	27_Sutta_Khu_Jaa_1.txt	15412
J_4_342	27_Sutta_Khu_Jaa_1.txt	15418
J_4_344	27_Sutta_Khu_Jaa_1.txt	15429
J_4_344	27_Sutta_Khu_Jaa_1.txt	15449
J_4_344	27_Sutta_Khu_Jaa_1.txt	15453
J_4_345	27_Sutta_Khu_Jaa_1.txt	15457
J_4_345	27_Sutta_Khu_Jaa_1.txt	15461
J_4_345	27_Sutta_Khu_Jaa_1.txt	15465
J_4_346	27_Sutta_Khu_Jaa_1.txt	15469
J_4_346	27_Sutta_Khu_Jaa_1.txt	15483
J_4_347	27_Sutta_Khu_Jaa_1.txt	15496
J_4_347	27_Sutta_Khu_Jaa_1.txt	15502
J_4_347	27_Sutta_Khu_Jaa_1.txt	15506
J_4_348	27_Sutta_Khu_Jaa_1.txt	15524
J_4_349	27_Sutta_Khu_Jaa_1.txt	15528
J_4_349	27_Sutta_Khu_Jaa_1.txt	15532
J_4_350	27_Sutta_Khu_Jaa_1.txt	15536
J_4_351	27_Sutta_Khu_Jaa_1.txt	15545
J_4_353	27_Sutta_Khu_Jaa_1.txt	15633
J_4_354	27_Sutta_Khu_Jaa_1.txt	15637
J_4_354	27_Sutta_Khu_Jaa_1.txt	15641
J_4_355	27_Sutta_Khu_Jaa_1.txt	15659
J_4_356	27_Sutta_Khu_Jaa_1.txt	15663
J_4_357	27_Sutta_Khu_Jaa_1.txt	15693
J_4_357	27_Sutta_Khu_Jaa_1.txt	15700
J_4_358	27_Sutta_Khu_Jaa_1.txt	15708
J_4_358	27_Sutta_Khu_Jaa_1.txt	15725
J_4_359	27_Sutta_Khu_Jaa_1.txt	15738
J_4_361	27_Sutta_Khu_Jaa_1.txt	15767
J_4_361	27_Sutta_Khu_Jaa_1.txt	15775
J_4_362	27_Sutta_Khu_Jaa_1.txt	15791
J_4_362	27_Sutta_Khu_Jaa_1.txt	15798
J_4_362	27_Sutta_Khu_Jaa_1.txt	15814
J_4_362	27_Sutta_Khu_Jaa_1.txt	15821
J_4_362	27_Sutta_Khu_Jaa_1.txt	15828
J_4_362	27_Sutta_Khu_Jaa_1.txt	15835
J_4_363	27_Sutta_Khu_Jaa_1.txt	15848
J_4_363	27_Sutta_Khu_Jaa_1.txt	15855
J_4_363	27_Sutta_Khu_Jaa_1.txt	15863
J_4_363	27_Sutta_Khu_Jaa_1.txt	15870
J_4_363	27_Sutta_Khu_Jaa_1.txt	15884
J_4_364	27_Sutta_Khu_Jaa_1.txt	15891
J_4_364	27_Sutta_Khu_Jaa_1.txt	15898
J_4_364	27_Sutta_Khu_Jaa_1.txt	15905
J_4_364	27_Sutta_Khu_Jaa_1.txt	15917
J_4_364	27_Sutta_Khu_Jaa_1.txt	15924
J_4_364	27_Sutta_Khu_Jaa_1.txt	15926
J_4_364	27_Sutta_Khu_Jaa_1.txt	15930
J_4_365	27_Sutta_Khu_Jaa_1.txt	15937
J_4_365	27_Sutta_Khu_Jaa_1.txt	15949
J_4_367	27_Sutta_Khu_Jaa_1.txt	15956
J_4_367	27_Sutta_Khu_Jaa_1.txt	15964
J_4_371	27_Sutta_Khu_Jaa_1.txt	15973
J_4_371	27_Sutta_Khu_Jaa_1.txt	15989
J_4_371	27_Sutta_Khu_Jaa_1.txt	15993
J_4_371	27_Sutta_Khu_Jaa_1.txt	15999
J_4_371	27_Sutta_Khu_Jaa_1.txt	16005
J_4_371	27_Sutta_Khu_Jaa_1.txt	16011
J_4_372	27_Sutta_Khu_Jaa_1.txt	16027
J_4_372	27_Sutta_Khu_Jaa_1.txt	16033
J_4_373	27_Sutta_Khu_Jaa_1.txt	16043
J_4_380	27_Sutta_Khu_Jaa_1.txt	16076
J_4_380	27_Sutta_Khu_Jaa_1.txt	16082
J_4_380	27_Sutta_Khu_Jaa_1.txt	16088
J_4_381	27_Sutta_Khu_Jaa_1.txt	16094
J_4_381	27_Sutta_Khu_Jaa_1.txt	16100
J_4_381	27_Sutta_Khu_Jaa_1.txt	16114
J_4_382	27_Sutta_Khu_Jaa_1.txt	16126
J_4_383	27_Sutta_Khu_Jaa_1.txt	16132
J_4_383	27_Sutta_Khu_Jaa_1.txt	16136
J_4_383	27_Sutta_Khu_Jaa_1.txt	16150
J_4_384	27_Sutta_Khu_Jaa_1.txt	16156
J_4_384	27_Sutta_Khu_Jaa_1.txt	16162
J_4_384	27_Sutta_Khu_Jaa_1.txt	16168
J_4_385	27_Sutta_Khu_Jaa_1.txt	16174
J_4_385	27_Sutta_Khu_Jaa_1.txt	16186
J_4_385	27_Sutta_Khu_Jaa_1.txt	16192
J_4_385	27_Sutta_Khu_Jaa_1.txt	16198
J_4_385	27_Sutta_Khu_Jaa_1.txt	16204
J_4_386	27_Sutta_Khu_Jaa_1.txt	16210
J_4_387	27_Sutta_Khu_Jaa_1.txt	16222
J_4_389	27_Sutta_Khu_Jaa_1.txt	16238
J_4_394	27_Sutta_Khu_Jaa_1.txt	16247
J_4_394	27_Sutta_Khu_Jaa_1.txt	16265
J_4_394	27_Sutta_Khu_Jaa_1.txt	16271
J_4_395	27_Sutta_Khu_Jaa_1.txt	16277
J_4_395	27_Sutta_Khu_Jaa_1.txt	16283
J_4_395	27_Sutta_Khu_Jaa_1.txt	16301
J_4_396	27_Sutta_Khu_Jaa_1.txt	16307
J_4_396	27_Sutta_Khu_Jaa_1.txt	16311
J_4_396	27_Sutta_Khu_Jaa_1.txt	16317
J_4_398	27_Sutta_Khu_Jaa_1.txt	16353
J_4_399	27_Sutta_Khu_Jaa_1.txt	16385
J_4_399	27_Sutta_Khu_Jaa_1.txt	16409
J_4_403	27_Sutta_Khu_Jaa_1.txt	16449
J_4_403	27_Sutta_Khu_Jaa_1.txt	16453
J_4_403	27_Sutta_Khu_Jaa_1.txt	16459
J_4_404	27_Sutta_Khu_Jaa_1.txt	16486
J_4_405	27_Sutta_Khu_Jaa_1.txt	16498
J_4_405	27_Sutta_Khu_Jaa_1.txt	16510
J_4_406	27_Sutta_Khu_Jaa_1.txt	16516
J_4_406	27_Sutta_Khu_Jaa_1.txt	16532
J_4_408	27_Sutta_Khu_Jaa_1.txt	16538
J_4_408	27_Sutta_Khu_Jaa_1.txt	16543
J_4_409	27_Sutta_Khu_Jaa_1.txt	16555
J_4_409	27_Sutta_Khu_Jaa_1.txt	16559
J_4_409	27_Sutta_Khu_Jaa_1.txt	16571
J_4_410	27_Sutta_Khu_Jaa_1.txt	16575
J_4_410	27_Sutta_Khu_Jaa_1.txt	16580
J_4_411	27_Sutta_Khu_Jaa_1.txt	16588
J_4_411	27_Sutta_Khu_Jaa_1.txt	16596
J_4_415	27_Sutta_Khu_Jaa_1.txt	16824
J_4_415	27_Sutta_Khu_Jaa_1.txt	16828
J_4_416	27_Sutta_Khu_Jaa_1.txt	16840
J_4_416	27_Sutta_Khu_Jaa_1.txt	16844
J_4_416	27_Sutta_Khu_Jaa_1.txt	16864
J_4_417	27_Sutta_Khu_Jaa_1.txt	16868
J_4_417	27_Sutta_Khu_Jaa_1.txt	16872
J_4_417	27_Sutta_Khu_Jaa_1.txt	16876
J_4_418	27_Sutta_Khu_Jaa_1.txt	16880
J_4_418	27_Sutta_Khu_Jaa_1.txt	16884
J_4_418	27_Sutta_Khu_Jaa_1.txt	16888
J_4_419	27_Sutta_Khu_Jaa_1.txt	16892
J_4_419	27_Sutta_Khu_Jaa_1.txt	16896
J_4_420	27_Sutta_Khu_Jaa_1.txt	16914
J_4_420	27_Sutta_Khu_Jaa_1.txt	16918
J_4_420	27_Sutta_Khu_Jaa_1.txt	16922
J_4_420	27_Sutta_Khu_Jaa_1.txt	16930
J_4_421	27_Sutta_Khu_Jaa_1.txt	16934
J_4_421	27_Sutta_Khu_Jaa_1.txt	16938
J_4_422	27_Sutta_Khu_Jaa_1.txt	16942
J_4_424	27_Sutta_Khu_Jaa_1.txt	16967
J_4_425	27_Sutta_Khu_Jaa_1.txt	16979
J_4_425	27_Sutta_Khu_Jaa_1.txt	16983
J_4_425	27_Sutta_Khu_Jaa_1.txt	16987
J_4_425	27_Sutta_Khu_Jaa_1.txt	16991
J_4_426	27_Sutta_Khu_Jaa_1.txt	17003
J_4_426	27_Sutta_Khu_Jaa_1.txt	17015
J_4_426	27_Sutta_Khu_Jaa_1.txt	17019
J_4_427	27_Sutta_Khu_Jaa_1.txt	17023
J_4_427	27_Sutta_Khu_Jaa_1.txt	17027
J_4_428	27_Sutta_Khu_Jaa_1.txt	17031
J_4_428	27_Sutta_Khu_Jaa_1.txt	17035
J_4_428	27_Sutta_Khu_Jaa_1.txt	17039
J_4_428	27_Sutta_Khu_Jaa_1.txt	17049
J_4_428	27_Sutta_Khu_Jaa_1.txt	17053
J_4_428	27_Sutta_Khu_Jaa_1.txt	17057
J_4_428	27_Sutta_Khu_Jaa_1.txt	17061
J_4_428	27_Sutta_Khu_Jaa_1.txt	17065
J_4_432	27_Sutta_Khu_Jaa_1.txt	17093
J_4_432	27_Sutta_Khu_Jaa_1.txt	17114
J_4_432	27_Sutta_Khu_Jaa_1.txt	17118
J_4_433	27_Sutta_Khu_Jaa_1.txt	17122
J_4_433	27_Sutta_Khu_Jaa_1.txt	17126
J_4_433	27_Sutta_Khu_Jaa_1.txt	17138
J_4_434	27_Sutta_Khu_Jaa_1.txt	17146
J_4_434	27_Sutta_Khu_Jaa_1.txt	17163
J_4_434	27_Sutta_Khu_Jaa_1.txt	17171
J_4_435	27_Sutta_Khu_Jaa_1.txt	17185
J_4_435	27_Sutta_Khu_Jaa_1.txt	17193
J_4_438	27_Sutta_Khu_Jaa_1.txt	17229
J_4_438	27_Sutta_Khu_Jaa_1.txt	17247
J_4_439	27_Sutta_Khu_Jaa_1.txt	17253
J_4_439	27_Sutta_Khu_Jaa_1.txt	17277
J_4_439	27_Sutta_Khu_Jaa_1.txt	17283
J_4_440	27_Sutta_Khu_Jaa_1.txt	17289
J_4_441	27_Sutta_Khu_Jaa_1.txt	17361
J_4_441	27_Sutta_Khu_Jaa_1.txt	17373
J_4_443	27_Sutta_Khu_Jaa_1.txt	17379
J_4_443	27_Sutta_Khu_Jaa_1.txt	17385
J_4_443	27_Sutta_Khu_Jaa_1.txt	17397
J_4_446	27_Sutta_Khu_Jaa_1.txt	17414
J_4_446	27_Sutta_Khu_Jaa_1.txt	17420
J_4_447	27_Sutta_Khu_Jaa_1.txt	17426
J_4_448	27_Sutta_Khu_Jaa_1.txt	17454
J_4_448	27_Sutta_Khu_Jaa_1.txt	17460
J_4_449	27_Sutta_Khu_Jaa_1.txt	17466
J_4_449	27_Sutta_Khu_Jaa_1.txt	17478
J_4_449	27_Sutta_Khu_Jaa_1.txt	17484
J_4_450	27_Sutta_Khu_Jaa_1.txt	17490
J_4_450	27_Sutta_Khu_Jaa_1.txt	17496
J_4_450	27_Sutta_Khu_Jaa_1.txt	17514
J_4_451	27_Sutta_Khu_Jaa_1.txt	17520
J_4_452	27_Sutta_Khu_Jaa_1.txt	17564
J_4_452	27_Sutta_Khu_Jaa_1.txt	17570
J_4_453	27_Sutta_Khu_Jaa_1.txt	17590
J_4_453	27_Sutta_Khu_Jaa_1.txt	17596
J_4_459	27_Sutta_Khu_Jaa_1.txt	17607
J_4_459	27_Sutta_Khu_Jaa_1.txt	17611
J_4_459	27_Sutta_Khu_Jaa_1.txt	17615
J_4_459	27_Sutta_Khu_Jaa_1.txt	17627
J_4_459	27_Sutta_Khu_Jaa_1.txt	17633
J_4_460	27_Sutta_Khu_Jaa_1.txt	17639
J_4_460	27_Sutta_Khu_Jaa_1.txt	17645
J_4_460	27_Sutta_Khu_Jaa_1.txt	17651
J_4_461	27_Sutta_Khu_Jaa_1.txt	17667
J_4_461	27_Sutta_Khu_Jaa_1.txt	17682
J_4_462	27_Sutta_Khu_Jaa_1.txt	17688
J_4_462	27_Sutta_Khu_Jaa_1.txt	17695
J_4_462	27_Sutta_Khu_Jaa_1.txt	17701
J_4_462	27_Sutta_Khu_Jaa_1.txt	17713
J_4_463	27_Sutta_Khu_Jaa_1.txt	17719
J_4_463	27_Sutta_Khu_Jaa_1.txt	17731
J_4_463	27_Sutta_Khu_Jaa_1.txt	17737
J_4_463	27_Sutta_Khu_Jaa_1.txt	17743
J_4_464	27_Sutta_Khu_Jaa_1.txt	17749
J_4_464	27_Sutta_Khu_Jaa_1.txt	17755
J_4_464	27_Sutta_Khu_Jaa_1.txt	17767
J_4_465	27_Sutta_Khu_Jaa_1.txt	17789
J_4_466	27_Sutta_Khu_Jaa_1.txt	17834
J_4_466	27_Sutta_Khu_Jaa_1.txt	17842
J_4_467	27_Sutta_Khu_Jaa_1.txt	17854
J_4_467	27_Sutta_Khu_Jaa_1.txt	17860
J_4_467	27_Sutta_Khu_Jaa_1.txt	17866
J_4_467	27_Sutta_Khu_Jaa_1.txt	17874
J_4_469	27_Sutta_Khu_Jaa_1.txt	17897
J_4_469	27_Sutta_Khu_Jaa_1.txt	17923
J_4_470	27_Sutta_Khu_Jaa_1.txt	17929
J_4_470	27_Sutta_Khu_Jaa_1.txt	17933
J_4_470	27_Sutta_Khu_Jaa_1.txt	17937
J_4_470	27_Sutta_Khu_Jaa_1.txt	17951
J_4_470	27_Sutta_Khu_Jaa_1.txt	17955
J_4_470	27_Sutta_Khu_Jaa_1.txt	17959
J_4_470	27_Sutta_Khu_Jaa_1.txt	17963
J_4_471	27_Sutta_Khu_Jaa_1.txt	17971
J_4_471	27_Sutta_Khu_Jaa_1.txt	17975
J_4_471	27_Sutta_Khu_Jaa_1.txt	17979
J_4_471	27_Sutta_Khu_Jaa_1.txt	17983
J_4_471	27_Sutta_Khu_Jaa_1.txt	17987
J_4_471	27_Sutta_Khu_Jaa_1.txt	17999
J_4_471	27_Sutta_Khu_Jaa_1.txt	18003
J_4_471	27_Sutta_Khu_Jaa_1.txt	18007
J_4_471	27_Sutta_Khu_Jaa_1.txt	18011
J_4_471	27_Sutta_Khu_Jaa_1.txt	18027
J_4_471	27_Sutta_Khu_Jaa_1.txt	18031
J_4_476	27_Sutta_Khu_Jaa_1.txt	18204
J_4_477	27_Sutta_Khu_Jaa_1.txt	18216
J_4_477	27_Sutta_Khu_Jaa_1.txt	18222
J_4_478	27_Sutta_Khu_Jaa_1.txt	18234
J_4_478	27_Sutta_Khu_Jaa_1.txt	18240
J_4_480	27_Sutta_Khu_Jaa_1.txt	18252
J_4_481	27_Sutta_Khu_Jaa_1.txt	18271
J_4_481	27_Sutta_Khu_Jaa_1.txt	18277
J_4_482	27_Sutta_Khu_Jaa_1.txt	18282
J_4_483	27_Sutta_Khu_Jaa_1.txt	18294
J_4_484	27_Sutta_Khu_Jaa_1.txt	18306
J_4_485	27_Sutta_Khu_Jaa_1.txt	18312
J_4_486	27_Sutta_Khu_Jaa_1.txt	18320
J_4_486	27_Sutta_Khu_Jaa_1.txt	18326
J_4_487	27_Sutta_Khu_Jaa_1.txt	18330
J_4_487	27_Sutta_Khu_Jaa_1.txt	18336
J_4_494	27_Sutta_Khu_Jaa_1.txt	18381
J_4_494	27_Sutta_Khu_Jaa_1.txt	18385
J_4_494	27_Sutta_Khu_Jaa_1.txt	18391
J_4_494	27_Sutta_Khu_Jaa_1.txt	18397
J_4_494	27_Sutta_Khu_Jaa_1.txt	18403
J_4_494	27_Sutta_Khu_Jaa_1.txt	18409
J_4_494	27_Sutta_Khu_Jaa_1.txt	18421
J_4_494	27_Sutta_Khu_Jaa_1.txt	18427
J_4_494	27_Sutta_Khu_Jaa_1.txt	18433
J_4_495	27_Sutta_Khu_Jaa_1.txt	18439
J_4_495	27_Sutta_Khu_Jaa_1.txt	18445
J_4_495	27_Sutta_Khu_Jaa_1.txt	18457
J_4_495	27_Sutta_Khu_Jaa_1.txt	18463
J_4_495	27_Sutta_Khu_Jaa_1.txt	18469
J_4_495	27_Sutta_Khu_Jaa_1.txt	18475
J_4_495	27_Sutta_Khu_Jaa_1.txt	18481
J_4_495	27_Sutta_Khu_Jaa_1.txt	18495
J_4_495	27_Sutta_Khu_Jaa_1.txt	18501
J_4_496	27_Sutta_Khu_Jaa_1.txt	18507
J_4_496	27_Sutta_Khu_Jaa_1.txt	18513
J_4_496	27_Sutta_Khu_Jaa_1.txt	18519
J_4_496	27_Sutta_Khu_Jaa_1.txt	18531
J_4_496	27_Sutta_Khu_Jaa_1.txt	18537
J_4_496	27_Sutta_Khu_Jaa_1.txt	18543
J_5_3	27_Sutta_Khu_Jaa_1.txt	18564
J_5_4	27_Sutta_Khu_Jaa_1.txt	18568
J_5_5	27_Sutta_Khu_Jaa_1.txt	18610
J_5_7	27_Sutta_Khu_Jaa_1.txt	18651
J_5_8	27_Sutta_Khu_Jaa_1.txt	18669
J_5_9	27_Sutta_Khu_Jaa_1.txt	18700
J_5_10	27_Sutta_Khu_Jaa_1.txt	18712
J_5_14	27_Sutta_Khu_Jaa_1.txt	18725
J_5_15	27_Sutta_Khu_Jaa_1.txt	18751
J_5_20	27_Sutta_Khu_Jaa_1.txt	18932
J_5_20	27_Sutta_Khu_Jaa_1.txt	18944
J_5_23	27_Sutta_Khu_Jaa_1.txt	18967
J_5_23	27_Sutta_Khu_Jaa_1.txt	18973
J_5_24	27_Sutta_Khu_Jaa_1.txt	18979
J_5_24	27_Sutta_Khu_Jaa_1.txt	18985
J_5_24	27_Sutta_Khu_Jaa_1.txt	18997
J_5_25	27_Sutta_Khu_Jaa_1.txt	19003
J_5_25	27_Sutta_Khu_Jaa_1.txt	19009
J_5_25	27_Sutta_Khu_Jaa_1.txt	19015
J_5_26	27_Sutta_Khu_Jaa_1.txt	19033
J_5_26	27_Sutta_Khu_Jaa_1.txt	19039
J_5_27	27_Sutta_Khu_Jaa_1.txt	19045
J_5_27	27_Sutta_Khu_Jaa_1.txt	19051
J_5_27	27_Sutta_Khu_Jaa_1.txt	19057
J_5_28	27_Sutta_Khu_Jaa_1.txt	19077
J_5_29	27_Sutta_Khu_Jaa_1.txt	19085
J_5_29	27_Sutta_Khu_Jaa_1.txt	19092
J_5_29	27_Sutta_Khu_Jaa_1.txt	19106
J_5_30	27_Sutta_Khu_Jaa_1.txt	19112
J_5_30	27_Sutta_Khu_Jaa_1.txt	19118
J_5_30	27_Sutta_Khu_Jaa_1.txt	19124
J_5_31	27_Sutta_Khu_Jaa_1.txt	19130
J_5_31	27_Sutta_Khu_Jaa_1.txt	19143
J_5_32	27_Sutta_Khu_Jaa_1.txt	19155
J_5_32	27_Sutta_Khu_Jaa_1.txt	19161
J_5_32	27_Sutta_Khu_Jaa_1.txt	19167
J_5_33	27_Sutta_Khu_Jaa_1.txt	19179
J_5_33	27_Sutta_Khu_Jaa_1.txt	19185
J_5_34	27_Sutta_Khu_Jaa_1.txt	19191
J_5_35	27_Sutta_Khu_Jaa_1.txt	19199
J_5_35	27_Sutta_Khu_Jaa_1.txt	19213
J_5_40	27_Sutta_Khu_Jaa_1.txt	19224
J_5_40	27_Sutta_Khu_Jaa_1.txt	19228
J_5_40	27_Sutta_Khu_Jaa_1.txt	19232
J_5_41	27_Sutta_Khu_Jaa_1.txt	19236
J_5_41	27_Sutta_Khu_Jaa_1.txt	19240
J_5_41	27_Sutta_Khu_Jaa_1.txt	19244
J_5_41	27_Sutta_Khu_Jaa_1.txt	19257
J_5_42	27_Sutta_Khu_Jaa_1.txt	19263
J_5_42	27_Sutta_Khu_Jaa_1.txt	19269
J_5_43	27_Sutta_Khu_Jaa_1.txt	19299
J_5_44	27_Sutta_Khu_Jaa_1.txt	19307
J_5_44	27_Sutta_Khu_Jaa_1.txt	19313
J_5_45	27_Sutta_Khu_Jaa_1.txt	19319
J_5_47	27_Sutta_Khu_Jaa_1.txt	19337
J_5_49	27_Sutta_Khu_Jaa_1.txt	19373
J_5_50	27_Sutta_Khu_Jaa_1.txt	19391
J_5_51	27_Sutta_Khu_Jaa_1.txt	19407
J_5_51	27_Sutta_Khu_Jaa_1.txt	19413
J_5_51	27_Sutta_Khu_Jaa_1.txt	19419
J_5_53	27_Sutta_Khu_Jaa_1.txt	19431
J_5_53	27_Sutta_Khu_Jaa_1.txt	19443
J_5_54	27_Sutta_Khu_Jaa_1.txt	19449
J_5_54	27_Sutta_Khu_Jaa_1.txt	19455
J_5_55	27_Sutta_Khu_Jaa_1.txt	19463
J_5_55	27_Sutta_Khu_Jaa_1.txt	19477
J_5_57	27_Sutta_Khu_Jaa_1.txt	19515
J_5_58	27_Sutta_Khu_Jaa_1.txt	19531
J_5_58	27_Sutta_Khu_Jaa_1.txt	19535
J_5_59	27_Sutta_Khu_Jaa_1.txt	19540
J_5_59	27_Sutta_Khu_Jaa_1.txt	19544
J_5_60	27_Sutta_Khu_Jaa_1.txt	19549
J_5_60	27_Sutta_Khu_Jaa_1.txt	19564
J_5_61	27_Sutta_Khu_Jaa_1.txt	19568
J_5_61	27_Sutta_Khu_Jaa_1.txt	19573
J_5_61	27_Sutta_Khu_Jaa_1.txt	19581
J_5_61	27_Sutta_Khu_Jaa_1.txt	19585
J_5_62	27_Sutta_Khu_Jaa_1.txt	19590
J_5_62	27_Sutta_Khu_Jaa_1.txt	19605
J_5_63	27_Sutta_Khu_Jaa_1.txt	19613
J_5_65	27_Sutta_Khu_Jaa_1.txt	19673
J_5_65	27_Sutta_Khu_Jaa_1.txt	19677
J_5_65	27_Sutta_Khu_Jaa_1.txt	19688
J_5_66	27_Sutta_Khu_Jaa_1.txt	19692
J_5_68	27_Sutta_Khu_Jaa_1.txt	19715
J_5_69	27_Sutta_Khu_Jaa_1.txt	19753
J_5_77	27_Sutta_Khu_Jaa_1.txt	20070
J_5_79	27_Sutta_Khu_Jaa_1.txt	20124
J_5_79	27_Sutta_Khu_Jaa_1.txt	20138
J_5_80	27_Sutta_Khu_Jaa_1.txt	20144
J_5_81	27_Sutta_Khu_Jaa_1.txt	20174
J_5_81	27_Sutta_Khu_Jaa_1.txt	20196
J_5_82	27_Sutta_Khu_Jaa_1.txt	20214
J_5_83	27_Sutta_Khu_Jaa_1.txt	20226
J_5_83	27_Sutta_Khu_Jaa_1.txt	20232
J_5_83	27_Sutta_Khu_Jaa_1.txt	20244
J_5_84	27_Sutta_Khu_Jaa_1.txt	20250
J_5_85	27_Sutta_Khu_Jaa_1.txt	20262
J_5_85	27_Sutta_Khu_Jaa_1.txt	20266
J_5_85	27_Sutta_Khu_Jaa_1.txt	20286
J_5_86	27_Sutta_Khu_Jaa_1.txt	20292
J_5_86	27_Sutta_Khu_Jaa_1.txt	20298
J_5_86	27_Sutta_Khu_Jaa_1.txt	20304
J_5_87	27_Sutta_Khu_Jaa_1.txt	20323
J_5_87	27_Sutta_Khu_Jaa_1.txt	20327
J_5_89	27_Sutta_Khu_Jaa_1.txt	20338
J_5_90	27_Sutta_Khu_Jaa_1.txt	20349
J_5_90	27_Sutta_Khu_Jaa_1.txt	20368
J_5_92	27_Sutta_Khu_Jaa_1.txt	20414
J_5_92	27_Sutta_Khu_Jaa_1.txt	20421
J_5_94	27_Sutta_Khu_Jaa_1.txt	20457
J_5_94	27_Sutta_Khu_Jaa_1.txt	20461
J_5_94	27_Sutta_Khu_Jaa_1.txt	20466
J_5_95	27_Sutta_Khu_Jaa_1.txt	20470
J_5_95	27_Sutta_Khu_Jaa_1.txt	20475
J_5_96	27_Sutta_Khu_Jaa_1.txt	20483
J_5_97	27_Sutta_Khu_Jaa_1.txt	20521
J_5_98	27_Sutta_Khu_Jaa_1.txt	20527
J_5_99	27_Sutta_Khu_Jaa_1.txt	20538
J_5_102	27_Sutta_Khu_Jaa_1.txt	20588
J_5_102	27_Sutta_Khu_Jaa_1.txt	20592
J_5_102	27_Sutta_Khu_Jaa_1.txt	20596
J_5_103	27_Sutta_Khu_Jaa_1.txt	20614
J_5_103	27_Sutta_Khu_Jaa_1.txt	20618
J_5_104	27_Sutta_Khu_Jaa_1.txt	20622
J_5_104	27_Sutta_Khu_Jaa_1.txt	20631
J_5_104	27_Sutta_Khu_Jaa_1.txt	20635
J_5_104	27_Sutta_Khu_Jaa_1.txt	20639
J_5_105	27_Sutta_Khu_Jaa_1.txt	20657
J_5_105	27_Sutta_Khu_Jaa_1.txt	20661
J_5_105	27_Sutta_Khu_Jaa_1.txt	20665
J_5_106	27_Sutta_Khu_Jaa_1.txt	20677
J_5_106	27_Sutta_Khu_Jaa_1.txt	20681
J_5_106	27_Sutta_Khu_Jaa_1.txt	20685
J_5_107	27_Sutta_Khu_Jaa_1.txt	20701
J_5_107	27_Sutta_Khu_Jaa_1.txt	20705
J_5_107	27_Sutta_Khu_Jaa_1.txt	20711
J_5_112	27_Sutta_Khu_Jaa_1.txt	20748
J_5_112	27_Sutta_Khu_Jaa_1.txt	20752
J_5_112	27_Sutta_Khu_Jaa_1.txt	20756
J_5_116	27_Sutta_Khu_Jaa_1.txt	20806
J_5_116	27_Sutta_Khu_Jaa_1.txt	20810
J_5_120	27_Sutta_Khu_Jaa_1.txt	20859
J_5_120	27_Sutta_Khu_Jaa_1.txt	20863
J_5_123	27_Sutta_Khu_Jaa_1.txt	20922
J_5_136	27_Sutta_Khu_Jaa_1.txt	20973
J_5_137	27_Sutta_Khu_Jaa_1.txt	20979
J_5_137	27_Sutta_Khu_Jaa_1.txt	20985
J_5_137	27_Sutta_Khu_Jaa_1.txt	20991
J_5_138	27_Sutta_Khu_Jaa_1.txt	21003
J_5_138	27_Sutta_Khu_Jaa_1.txt	21009
J_5_139	27_Sutta_Khu_Jaa_1.txt	21015
J_5_139	27_Sutta_Khu_Jaa_1.txt	21022
J_5_140	27_Sutta_Khu_Jaa_1.txt	21040
J_5_140	27_Sutta_Khu_Jaa_1.txt	21046
J_5_140	27_Sutta_Khu_Jaa_1.txt	21052
J_5_141	27_Sutta_Khu_Jaa_1.txt	21058
J_5_141	27_Sutta_Khu_Jaa_1.txt	21072
J_5_141	27_Sutta_Khu_Jaa_1.txt	21078
J_5_141	27_Sutta_Khu_Jaa_1.txt	21084
J_5_142	27_Sutta_Khu_Jaa_1.txt	21090
J_5_142	27_Sutta_Khu_Jaa_1.txt	21096
J_5_143	27_Sutta_Khu_Jaa_1.txt	21108
J_5_143	27_Sutta_Khu_Jaa_1.txt	21116
J_5_146	27_Sutta_Khu_Jaa_1.txt	21154
J_5_146	27_Sutta_Khu_Jaa_1.txt	21162
J_5_148	27_Sutta_Khu_Jaa_1.txt	21192
J_5_148	27_Sutta_Khu_Jaa_1.txt	21198
J_5_148	27_Sutta_Khu_Jaa_1.txt	21204
J_5_148	27_Sutta_Khu_Jaa_1.txt	21218
J_5_149	27_Sutta_Khu_Jaa_1.txt	21236
J_5_150	27_Sutta_Khu_Jaa_1.txt	21249
J_5_150	27_Sutta_Khu_Jaa_1.txt	21255
J_5_150	27_Sutta_Khu_Jaa_1.txt	21261
J_5_150	27_Sutta_Khu_Jaa_1.txt	21267
J_5_151	27_Sutta_Khu_Jaa_1.txt	21273
J_5_151	27_Sutta_Khu_Jaa_1.txt	21293
J_5_153	27_Sutta_Khu_Jaa_1.txt	21305
J_5_153	27_Sutta_Khu_Jaa_1.txt	21309
J_5_153	27_Sutta_Khu_Jaa_1.txt	21321
J_5_153	27_Sutta_Khu_Jaa_1.txt	21325
J_5_154	27_Sutta_Khu_Jaa_1.txt	21333
J_5_154	27_Sutta_Khu_Jaa_1.txt	21345
J_5_154	27_Sutta_Khu_Jaa_1.txt	21353
J_5_155	27_Sutta_Khu_Jaa_1.txt	21373
J_5_157	27_Sutta_Khu_Jaa_1.txt	21425
J_5_157	27_Sutta_Khu_Jaa_1.txt	21430
J_5_158	27_Sutta_Khu_Jaa_1.txt	21434
J_5_159	27_Sutta_Khu_Jaa_1.txt	21474
J_5_159	27_Sutta_Khu_Jaa_1.txt	21478
J_5_160	27_Sutta_Khu_Jaa_1.txt	21500
J_5_160	27_Sutta_Khu_Jaa_1.txt	21509
J_5_161	27_Sutta_Khu_Jaa_1.txt	21513
J_5_161	27_Sutta_Khu_Jaa_1.txt	21526
J_5_165	27_Sutta_Khu_Jaa_1.txt	21535
J_5_165	27_Sutta_Khu_Jaa_1.txt	21547
J_5_165	27_Sutta_Khu_Jaa_1.txt	21553
J_5_165	27_Sutta_Khu_Jaa_1.txt	21559
J_5_168	27_Sutta_Khu_Jaa_1.txt	21653
J_5_169	27_Sutta_Khu_Jaa_1.txt	21665
J_5_170	27_Sutta_Khu_Jaa_1.txt	21721
J_5_171	27_Sutta_Khu_Jaa_1.txt	21727
J_5_171	27_Sutta_Khu_Jaa_1.txt	21739
J_5_171	27_Sutta_Khu_Jaa_1.txt	21745
J_5_171	27_Sutta_Khu_Jaa_1.txt	21757
J_5_172	27_Sutta_Khu_Jaa_1.txt	21781
J_5_172	27_Sutta_Khu_Jaa_1.txt	21797
J_5_173	27_Sutta_Khu_Jaa_1.txt	21815
J_5_173	27_Sutta_Khu_Jaa_1.txt	21827
J_5_173	27_Sutta_Khu_Jaa_1.txt	21833
J_5_173	27_Sutta_Khu_Jaa_1.txt	21845
J_5_173	27_Sutta_Khu_Jaa_1.txt	21857
J_5_173	27_Sutta_Khu_Jaa_1.txt	21863
J_5_174	27_Sutta_Khu_Jaa_1.txt	21869
J_5_174	27_Sutta_Khu_Jaa_1.txt	21875
J_5_176	27_Sutta_Khu_Jaa_1.txt	21881
J_5_176	27_Sutta_Khu_Jaa_1.txt	21899
J_5_176	27_Sutta_Khu_Jaa_1.txt	21905
J_5_178	27_Sutta_Khu_Jaa_1.txt	21916
J_5_178	27_Sutta_Khu_Jaa_1.txt	21920
J_5_178	27_Sutta_Khu_Jaa_1.txt	21932
J_5_179	27_Sutta_Khu_Jaa_1.txt	21938
J_5_179	27_Sutta_Khu_Jaa_1.txt	21950
J_5_180	27_Sutta_Khu_Jaa_1.txt	21956
J_5_180	27_Sutta_Khu_Jaa_1.txt	21968
J_5_180	27_Sutta_Khu_Jaa_1.txt	21974
J_5_181	27_Sutta_Khu_Jaa_1.txt	21980
J_5_181	27_Sutta_Khu_Jaa_1.txt	21986
J_5_181	27_Sutta_Khu_Jaa_1.txt	22010
J_5_182	27_Sutta_Khu_Jaa_1.txt	22016
J_5_182	27_Sutta_Khu_Jaa_1.txt	22022
J_5_182	27_Sutta_Khu_Jaa_1.txt	22028
J_5_183	27_Sutta_Khu_Jaa_1.txt	22036
J_5_183	27_Sutta_Khu_Jaa_1.txt	22042
J_5_184	27_Sutta_Khu_Jaa_1.txt	22048
J_5_184	27_Sutta_Khu_Jaa_1.txt	22054
J_5_184	27_Sutta_Khu_Jaa_1.txt	22060
J_5_184	27_Sutta_Khu_Jaa_1.txt	22072
J_5_185	27_Sutta_Khu_Jaa_1.txt	22078
J_5_185	27_Sutta_Khu_Jaa_1.txt	22084
J_5_185	27_Sutta_Khu_Jaa_1.txt	22090
J_5_185	27_Sutta_Khu_Jaa_1.txt	22096
J_5_185	27_Sutta_Khu_Jaa_1.txt	22108
J_5_186	27_Sutta_Khu_Jaa_1.txt	22112
J_5_186	27_Sutta_Khu_Jaa_1.txt	22116
J_5_187	27_Sutta_Khu_Jaa_1.txt	22134
J_5_188	27_Sutta_Khu_Jaa_1.txt	22146
J_5_190	27_Sutta_Khu_Jaa_1.txt	22248
J_5_191	27_Sutta_Khu_Jaa_1.txt	22254
J_5_194	28_Sutta_Khu_Jaa_2.txt	6
J_5_194	28_Sutta_Khu_Jaa_2.txt	10
J_5_194	28_Sutta_Khu_Jaa_2.txt	14
J_5_195	28_Sutta_Khu_Jaa_2.txt	22
J_5_196	28_Sutta_Khu_Jaa_2.txt	36
J_5_196	28_Sutta_Khu_Jaa_2.txt	48
J_5_196	28_Sutta_Khu_Jaa_2.txt	52
J_5_197	28_Sutta_Khu_Jaa_2.txt	57
J_5_197	28_Sutta_Khu_Jaa_2.txt	63
J_5_197	28_Sutta_Khu_Jaa_2.txt	69
J_5_198	28_Sutta_Khu_Jaa_2.txt	87
J_5_198	28_Sutta_Khu_Jaa_2.txt	93
J_5_199	28_Sutta_Khu_Jaa_2.txt	99
J_5_199	28_Sutta_Khu_Jaa_2.txt	111
J_5_200	28_Sutta_Khu_Jaa_2.txt	135
J_5_201	28_Sutta_Khu_Jaa_2.txt	147
J_5_201	28_Sutta_Khu_Jaa_2.txt	153
J_5_202	28_Sutta_Khu_Jaa_2.txt	169
J_5_207	28_Sutta_Khu_Jaa_2.txt	335
J_5_213	28_Sutta_Khu_Jaa_2.txt	380
J_5_214	28_Sutta_Khu_Jaa_2.txt	398
J_5_214	28_Sutta_Khu_Jaa_2.txt	410
J_5_215	28_Sutta_Khu_Jaa_2.txt	416
J_5_218	28_Sutta_Khu_Jaa_2.txt	471
J_5_218	28_Sutta_Khu_Jaa_2.txt	477
J_5_218	28_Sutta_Khu_Jaa_2.txt	483
J_5_218	28_Sutta_Khu_Jaa_2.txt	489
J_5_219	28_Sutta_Khu_Jaa_2.txt	509
J_5_219	28_Sutta_Khu_Jaa_2.txt	515
J_5_219	28_Sutta_Khu_Jaa_2.txt	521
J_5_219	28_Sutta_Khu_Jaa_2.txt	527
J_5_219	28_Sutta_Khu_Jaa_2.txt	541
J_5_219	28_Sutta_Khu_Jaa_2.txt	547
J_5_220	28_Sutta_Khu_Jaa_2.txt	553
J_5_220	28_Sutta_Khu_Jaa_2.txt	559
J_5_220	28_Sutta_Khu_Jaa_2.txt	565
J_5_220	28_Sutta_Khu_Jaa_2.txt	577
J_5_220	28_Sutta_Khu_Jaa_2.txt	583
J_5_220	28_Sutta_Khu_Jaa_2.txt	587
J_5_220	28_Sutta_Khu_Jaa_2.txt	593
J_5_220	28_Sutta_Khu_Jaa_2.txt	599
J_5_221	28_Sutta_Khu_Jaa_2.txt	623
J_5_221	28_Sutta_Khu_Jaa_2.txt	629
J_5_221	28_Sutta_Khu_Jaa_2.txt	635
J_5_221	28_Sutta_Khu_Jaa_2.txt	649
J_5_221	28_Sutta_Khu_Jaa_2.txt	655
J_5_221	28_Sutta_Khu_Jaa_2.txt	661
J_5_222	28_Sutta_Khu_Jaa_2.txt	667
J_5_222	28_Sutta_Khu_Jaa_2.txt	673
J_5_222	28_Sutta_Khu_Jaa_2.txt	685
J_5_223	28_Sutta_Khu_Jaa_2.txt	747
J_5_232	28_Sutta_Khu_Jaa_2.txt	808
J_5_232	28_Sutta_Khu_Jaa_2.txt	813
J_5_233	28_Sutta_Khu_Jaa_2.txt	821
J_5_233	28_Sutta_Khu_Jaa_2.txt	825
J_5_234	28_Sutta_Khu_Jaa_2.txt	863
J_5_234	28_Sutta_Khu_Jaa_2.txt	868
J_5_237	28_Sutta_Khu_Jaa_2.txt	873
J_5_238	28_Sutta_Khu_Jaa_2.txt	897
J_5_238	28_Sutta_Khu_Jaa_2.txt	910
J_5_239	28_Sutta_Khu_Jaa_2.txt	923
J_5_240	28_Sutta_Khu_Jaa_2.txt	946
J_5_240	28_Sutta_Khu_Jaa_2.txt	951
J_5_241	28_Sutta_Khu_Jaa_2.txt	967
J_5_241	28_Sutta_Khu_Jaa_2.txt	982
J_5_250	28_Sutta_Khu_Jaa_2.txt	1133
J_5_251	28_Sutta_Khu_Jaa_2.txt	1142
J_5_251	28_Sutta_Khu_Jaa_2.txt	1146
J_5_251	28_Sutta_Khu_Jaa_2.txt	1155
J_5_251	28_Sutta_Khu_Jaa_2.txt	1170
J_5_251	28_Sutta_Khu_Jaa_2.txt	1174
J_5_252	28_Sutta_Khu_Jaa_2.txt	1182
J_5_252	28_Sutta_Khu_Jaa_2.txt	1186
J_5_254	28_Sutta_Khu_Jaa_2.txt	1226
J_5_255	28_Sutta_Khu_Jaa_2.txt	1234
J_5_257	28_Sutta_Khu_Jaa_2.txt	1290
J_5_257	28_Sutta_Khu_Jaa_2.txt	1294
J_5_258	28_Sutta_Khu_Jaa_2.txt	1306
J_5_258	28_Sutta_Khu_Jaa_2.txt	1314
J_5_258	28_Sutta_Khu_Jaa_2.txt	1318
J_5_258	28_Sutta_Khu_Jaa_2.txt	1322
J_5_259	28_Sutta_Khu_Jaa_2.txt	1397
J_5_259	28_Sutta_Khu_Jaa_2.txt	1409
J_5_260	28_Sutta_Khu_Jaa_2.txt	1419
J_5_260	28_Sutta_Khu_Jaa_2.txt	1427
J_5_260	28_Sutta_Khu_Jaa_2.txt	1442
J_5_260	28_Sutta_Khu_Jaa_2.txt	1450
J_5_264	28_Sutta_Khu_Jaa_2.txt	1459
J_5_265	28_Sutta_Khu_Jaa_2.txt	1501
J_5_266	28_Sutta_Khu_Jaa_2.txt	1513
J_5_276	28_Sutta_Khu_Jaa_2.txt	1780
J_5_289	28_Sutta_Khu_Jaa_2.txt	1816
J_5_293	28_Sutta_Khu_Jaa_2.txt	1822
J_5_294	28_Sutta_Khu_Jaa_2.txt	1828
J_5_295	28_Sutta_Khu_Jaa_2.txt	1848
J_5_295	28_Sutta_Khu_Jaa_2.txt	1852
J_5_295	28_Sutta_Khu_Jaa_2.txt	1856
J_5_295	28_Sutta_Khu_Jaa_2.txt	1860
J_5_296	28_Sutta_Khu_Jaa_2.txt	1872
J_5_296	28_Sutta_Khu_Jaa_2.txt	1876
J_5_297	28_Sutta_Khu_Jaa_2.txt	1880
J_5_298	28_Sutta_Khu_Jaa_2.txt	1908
J_5_299	28_Sutta_Khu_Jaa_2.txt	1912
J_5_299	28_Sutta_Khu_Jaa_2.txt	1916
J_5_301	28_Sutta_Khu_Jaa_2.txt	1984
J_5_301	28_Sutta_Khu_Jaa_2.txt	1988
J_5_302	28_Sutta_Khu_Jaa_2.txt	1992
J_5_303	28_Sutta_Khu_Jaa_2.txt	2041
J_5_304	28_Sutta_Khu_Jaa_2.txt	2045
J_5_304	28_Sutta_Khu_Jaa_2.txt	2049
J_5_305	28_Sutta_Khu_Jaa_2.txt	2082
J_5_305	28_Sutta_Khu_Jaa_2.txt	2086
J_5_305	28_Sutta_Khu_Jaa_2.txt	2090
J_5_306	28_Sutta_Khu_Jaa_2.txt	2094
J_5_306	28_Sutta_Khu_Jaa_2.txt	2098
J_5_306	28_Sutta_Khu_Jaa_2.txt	2102
J_5_306	28_Sutta_Khu_Jaa_2.txt	2114
J_5_307	28_Sutta_Khu_Jaa_2.txt	2135
J_5_307	28_Sutta_Khu_Jaa_2.txt	2139
J_5_307	28_Sutta_Khu_Jaa_2.txt	2143
J_5_308	28_Sutta_Khu_Jaa_2.txt	2147
J_5_308	28_Sutta_Khu_Jaa_2.txt	2151
J_5_308	28_Sutta_Khu_Jaa_2.txt	2167
J_5_308	28_Sutta_Khu_Jaa_2.txt	2179
J_5_309	28_Sutta_Khu_Jaa_2.txt	2191
J_5_310	28_Sutta_Khu_Jaa_2.txt	2199
J_5_311	28_Sutta_Khu_Jaa_2.txt	2233
J_5_311	28_Sutta_Khu_Jaa_2.txt	2237
J_5_311	28_Sutta_Khu_Jaa_2.txt	2241
J_5_311	28_Sutta_Khu_Jaa_2.txt	2245
J_5_317	28_Sutta_Khu_Jaa_2.txt	2276
J_5_317	28_Sutta_Khu_Jaa_2.txt	2280
J_5_317	28_Sutta_Khu_Jaa_2.txt	2284
J_5_318	28_Sutta_Khu_Jaa_2.txt	2319
J_5_318	28_Sutta_Khu_Jaa_2.txt	2323
J_5_318	28_Sutta_Khu_Jaa_2.txt	2331
J_5_319	28_Sutta_Khu_Jaa_2.txt	2335
J_5_319	28_Sutta_Khu_Jaa_2.txt	2340
J_5_319	28_Sutta_Khu_Jaa_2.txt	2351
J_5_320	28_Sutta_Khu_Jaa_2.txt	2355
J_5_320	28_Sutta_Khu_Jaa_2.txt	2359
J_5_321	28_Sutta_Khu_Jaa_2.txt	2367
J_5_321	28_Sutta_Khu_Jaa_2.txt	2371
J_5_321	28_Sutta_Khu_Jaa_2.txt	2375
J_5_322	28_Sutta_Khu_Jaa_2.txt	2397
J_5_322	28_Sutta_Khu_Jaa_2.txt	2443
J_5_323	28_Sutta_Khu_Jaa_2.txt	2451
J_5_323	28_Sutta_Khu_Jaa_2.txt	2455
J_5_323	28_Sutta_Khu_Jaa_2.txt	2463
J_5_324	28_Sutta_Khu_Jaa_2.txt	2495
J_5_324	28_Sutta_Khu_Jaa_2.txt	2503
J_5_326	28_Sutta_Khu_Jaa_2.txt	2541
J_5_326	28_Sutta_Khu_Jaa_2.txt	2558
J_5_327	28_Sutta_Khu_Jaa_2.txt	2567
J_5_327	28_Sutta_Khu_Jaa_2.txt	2571
J_5_328	28_Sutta_Khu_Jaa_2.txt	2595
J_5_328	28_Sutta_Khu_Jaa_2.txt	2599
J_5_329	28_Sutta_Khu_Jaa_2.txt	2627
J_5_330	28_Sutta_Khu_Jaa_2.txt	2635
J_5_339	28_Sutta_Khu_Jaa_2.txt	2751
J_5_339	28_Sutta_Khu_Jaa_2.txt	2755
J_5_339	28_Sutta_Khu_Jaa_2.txt	2767
J_5_339	28_Sutta_Khu_Jaa_2.txt	2779
J_5_340	28_Sutta_Khu_Jaa_2.txt	2797
J_5_340	28_Sutta_Khu_Jaa_2.txt	2805
J_5_340	28_Sutta_Khu_Jaa_2.txt	2843
J_5_341	28_Sutta_Khu_Jaa_2.txt	2847
J_5_341	28_Sutta_Khu_Jaa_2.txt	2851
J_5_341	28_Sutta_Khu_Jaa_2.txt	2855
J_5_343	28_Sutta_Khu_Jaa_2.txt	2859
J_5_343	28_Sutta_Khu_Jaa_2.txt	2863
J_5_343	28_Sutta_Khu_Jaa_2.txt	2867
J_5_343	28_Sutta_Khu_Jaa_2.txt	2891
J_5_344	28_Sutta_Khu_Jaa_2.txt	2903
J_5_345	28_Sutta_Khu_Jaa_2.txt	2909
J_5_346	28_Sutta_Khu_Jaa_2.txt	2931
J_5_346	28_Sutta_Khu_Jaa_2.txt	2940
J_5_346	28_Sutta_Khu_Jaa_2.txt	2944
J_5_348	28_Sutta_Khu_Jaa_2.txt	3006
J_5_348	28_Sutta_Khu_Jaa_2.txt	3020
J_5_348	28_Sutta_Khu_Jaa_2.txt	3024
J_5_348	28_Sutta_Khu_Jaa_2.txt	3028
J_5_348	28_Sutta_Khu_Jaa_2.txt	3032
J_5_348	28_Sutta_Khu_Jaa_2.txt	3036
J_5_349	28_Sutta_Khu_Jaa_2.txt	3040
J_5_349	28_Sutta_Khu_Jaa_2.txt	3048
J_5_349	28_Sutta_Khu_Jaa_2.txt	3074
J_5_350	28_Sutta_Khu_Jaa_2.txt	3078
J_5_350	28_Sutta_Khu_Jaa_2.txt	3082
J_5_351	28_Sutta_Khu_Jaa_2.txt	3090
J_5_351	28_Sutta_Khu_Jaa_2.txt	3094
J_5_351	28_Sutta_Khu_Jaa_2.txt	3114
J_5_352	28_Sutta_Khu_Jaa_2.txt	3126
J_5_353	28_Sutta_Khu_Jaa_2.txt	3142
J_5_353	28_Sutta_Khu_Jaa_2.txt	3160
J_5_359	28_Sutta_Khu_Jaa_2.txt	3169
J_5_360	28_Sutta_Khu_Jaa_2.txt	3181
J_5_360	28_Sutta_Khu_Jaa_2.txt	3202
J_5_361	28_Sutta_Khu_Jaa_2.txt	3210
J_5_362	28_Sutta_Khu_Jaa_2.txt	3223
J_5_363	28_Sutta_Khu_Jaa_2.txt	3235
J_5_363	28_Sutta_Khu_Jaa_2.txt	3251
J_5_364	28_Sutta_Khu_Jaa_2.txt	3255
J_5_365	28_Sutta_Khu_Jaa_2.txt	3263
J_5_365	28_Sutta_Khu_Jaa_2.txt	3267
J_5_366	28_Sutta_Khu_Jaa_2.txt	3275
J_5_366	28_Sutta_Khu_Jaa_2.txt	3284
J_5_368	28_Sutta_Khu_Jaa_2.txt	3311
J_5_369	28_Sutta_Khu_Jaa_2.txt	3346
J_5_370	28_Sutta_Khu_Jaa_2.txt	3350
J_5_370	28_Sutta_Khu_Jaa_2.txt	3355
J_5_370	28_Sutta_Khu_Jaa_2.txt	3359
J_5_371	28_Sutta_Khu_Jaa_2.txt	3367
J_5_371	28_Sutta_Khu_Jaa_2.txt	3375
J_5_372	28_Sutta_Khu_Jaa_2.txt	3391
J_5_372	28_Sutta_Khu_Jaa_2.txt	3395
J_5_373	28_Sutta_Khu_Jaa_2.txt	3403
J_5_373	28_Sutta_Khu_Jaa_2.txt	3407
J_5_373	28_Sutta_Khu_Jaa_2.txt	3411
J_5_374	28_Sutta_Khu_Jaa_2.txt	3420
J_5_374	28_Sutta_Khu_Jaa_2.txt	3440
J_5_375	28_Sutta_Khu_Jaa_2.txt	3456
J_5_375	28_Sutta_Khu_Jaa_2.txt	3464
J_5_376	28_Sutta_Khu_Jaa_2.txt	3496
J_5_377	28_Sutta_Khu_Jaa_2.txt	3508
J_5_377	28_Sutta_Khu_Jaa_2.txt	3528
J_5_377	28_Sutta_Khu_Jaa_2.txt	3536
J_5_377	28_Sutta_Khu_Jaa_2.txt	3540
J_5_377	28_Sutta_Khu_Jaa_2.txt	3544
J_5_377	28_Sutta_Khu_Jaa_2.txt	3548
J_5_377	28_Sutta_Khu_Jaa_2.txt	3552
J_5_378	28_Sutta_Khu_Jaa_2.txt	3556
J_5_378	28_Sutta_Khu_Jaa_2.txt	3560
J_5_378	28_Sutta_Khu_Jaa_2.txt	3564
J_5_378	28_Sutta_Khu_Jaa_2.txt	3574
J_5_378	28_Sutta_Khu_Jaa_2.txt	3578
J_5_378	28_Sutta_Khu_Jaa_2.txt	3582
J_5_379	28_Sutta_Khu_Jaa_2.txt	3602
J_5_379	28_Sutta_Khu_Jaa_2.txt	3610
J_5_379	28_Sutta_Khu_Jaa_2.txt	3622
J_5_380	28_Sutta_Khu_Jaa_2.txt	3631
J_5_380	28_Sutta_Khu_Jaa_2.txt	3639
J_5_381	28_Sutta_Khu_Jaa_2.txt	3643
J_5_381	28_Sutta_Khu_Jaa_2.txt	3647
J_5_382	28_Sutta_Khu_Jaa_2.txt	3655
J_5_387	28_Sutta_Khu_Jaa_2.txt	3671
J_5_387	28_Sutta_Khu_Jaa_2.txt	3677
J_5_388	28_Sutta_Khu_Jaa_2.txt	3685
J_5_388	28_Sutta_Khu_Jaa_2.txt	3693
J_5_388	28_Sutta_Khu_Jaa_2.txt	3701
J_5_389	28_Sutta_Khu_Jaa_2.txt	3720
J_5_390	28_Sutta_Khu_Jaa_2.txt	3728
J_5_390	28_Sutta_Khu_Jaa_2.txt	3734
J_5_390	28_Sutta_Khu_Jaa_2.txt	3740
J_5_391	28_Sutta_Khu_Jaa_2.txt	3744
J_5_391	28_Sutta_Khu_Jaa_2.txt	3762
J_5_391	28_Sutta_Khu_Jaa_2.txt	3768
J_5_393	28_Sutta_Khu_Jaa_2.txt	3784
J_5_394	28_Sutta_Khu_Jaa_2.txt	3822
J_5_394	28_Sutta_Khu_Jaa_2.txt	3834
J_5_394	28_Sutta_Khu_Jaa_2.txt	3840
J_5_395	28_Sutta_Khu_Jaa_2.txt	3846
J_5_395	28_Sutta_Khu_Jaa_2.txt	3852
J_5_395	28_Sutta_Khu_Jaa_2.txt	3867
J_5_396	28_Sutta_Khu_Jaa_2.txt	3873
J_5_396	28_Sutta_Khu_Jaa_2.txt	3879
J_5_396	28_Sutta_Khu_Jaa_2.txt	3885
J_5_397	28_Sutta_Khu_Jaa_2.txt	3903
J_5_397	28_Sutta_Khu_Jaa_2.txt	3915
J_5_397	28_Sutta_Khu_Jaa_2.txt	3921
J_5_398	28_Sutta_Khu_Jaa_2.txt	3941
J_5_399	28_Sutta_Khu_Jaa_2.txt	3959
J_5_399	28_Sutta_Khu_Jaa_2.txt	3977
J_5_400	28_Sutta_Khu_Jaa_2.txt	3995
J_5_400	28_Sutta_Khu_Jaa_2.txt	4013
J_5_401	28_Sutta_Khu_Jaa_2.txt	4019
J_5_402	28_Sutta_Khu_Jaa_2.txt	4055
J_5_402	28_Sutta_Khu_Jaa_2.txt	4061
J_5_402	28_Sutta_Khu_Jaa_2.txt	4067
J_5_403	28_Sutta_Khu_Jaa_2.txt	4091
J_5_404	28_Sutta_Khu_Jaa_2.txt	4103
J_5_404	28_Sutta_Khu_Jaa_2.txt	4110
J_5_405	28_Sutta_Khu_Jaa_2.txt	4130
J_5_407	28_Sutta_Khu_Jaa_2.txt	4189
J_5_408	28_Sutta_Khu_Jaa_2.txt	4235
J_5_408	28_Sutta_Khu_Jaa_2.txt	4242
J_5_410	28_Sutta_Khu_Jaa_2.txt	4280
J_5_410	28_Sutta_Khu_Jaa_2.txt	4286
J_5_411	28_Sutta_Khu_Jaa_2.txt	4310
J_5_411	28_Sutta_Khu_Jaa_2.txt	4316
J_5_411	28_Sutta_Khu_Jaa_2.txt	4322
J_5_440	28_Sutta_Khu_Jaa_2.txt	4772
J_5_444	28_Sutta_Khu_Jaa_2.txt	4778
J_5_444	28_Sutta_Khu_Jaa_2.txt	4792
J_5_445	28_Sutta_Khu_Jaa_2.txt	4798
J_5_456	28_Sutta_Khu_Jaa_2.txt	5157
J_5_460	28_Sutta_Khu_Jaa_2.txt	5169
J_5_460	28_Sutta_Khu_Jaa_2.txt	5175
J_5_460	28_Sutta_Khu_Jaa_2.txt	5181
J_5_461	28_Sutta_Khu_Jaa_2.txt	5187
J_5_461	28_Sutta_Khu_Jaa_2.txt	5199
J_5_462	28_Sutta_Khu_Jaa_2.txt	5208
J_5_464	28_Sutta_Khu_Jaa_2.txt	5212
J_5_465	28_Sutta_Khu_Jaa_2.txt	5228
J_5_467	28_Sutta_Khu_Jaa_2.txt	5242
J_5_467	28_Sutta_Khu_Jaa_2.txt	5246
J_5_468	28_Sutta_Khu_Jaa_2.txt	5254
J_5_468	28_Sutta_Khu_Jaa_2.txt	5258
J_5_468	28_Sutta_Khu_Jaa_2.txt	5262
J_5_469	28_Sutta_Khu_Jaa_2.txt	5274
J_5_475	28_Sutta_Khu_Jaa_2.txt	5290
J_5_475	28_Sutta_Khu_Jaa_2.txt	5295
J_5_476	28_Sutta_Khu_Jaa_2.txt	5305
J_5_477	28_Sutta_Khu_Jaa_2.txt	5311
J_5_478	28_Sutta_Khu_Jaa_2.txt	5317
J_5_479	28_Sutta_Khu_Jaa_2.txt	5335
J_5_479	28_Sutta_Khu_Jaa_2.txt	5347
J_5_480	28_Sutta_Khu_Jaa_2.txt	5365
J_5_481	28_Sutta_Khu_Jaa_2.txt	5383
J_5_481	28_Sutta_Khu_Jaa_2.txt	5389
J_5_481	28_Sutta_Khu_Jaa_2.txt	5401
J_5_482	28_Sutta_Khu_Jaa_2.txt	5407
J_5_483	28_Sutta_Khu_Jaa_2.txt	5413
J_5_484	28_Sutta_Khu_Jaa_2.txt	5439
J_5_485	28_Sutta_Khu_Jaa_2.txt	5443
J_5_485	28_Sutta_Khu_Jaa_2.txt	5449
J_5_486	28_Sutta_Khu_Jaa_2.txt	5474
J_5_486	28_Sutta_Khu_Jaa_2.txt	5480
J_5_487	28_Sutta_Khu_Jaa_2.txt	5486
J_5_487	28_Sutta_Khu_Jaa_2.txt	5492
J_5_488	28_Sutta_Khu_Jaa_2.txt	5498
J_5_488	28_Sutta_Khu_Jaa_2.txt	5511
J_5_489	28_Sutta_Khu_Jaa_2.txt	5517
J_5_489	28_Sutta_Khu_Jaa_2.txt	5527
J_5_489	28_Sutta_Khu_Jaa_2.txt	5533
J_5_490	28_Sutta_Khu_Jaa_2.txt	5537
J_5_490	28_Sutta_Khu_Jaa_2.txt	5549
J_5_490	28_Sutta_Khu_Jaa_2.txt	5556
J_5_491	28_Sutta_Khu_Jaa_2.txt	5562
J_5_491	28_Sutta_Khu_Jaa_2.txt	5568
J_5_491	28_Sutta_Khu_Jaa_2.txt	5581
J_5_493	28_Sutta_Khu_Jaa_2.txt	5635
J_5_493	28_Sutta_Khu_Jaa_2.txt	5641
J_5_494	28_Sutta_Khu_Jaa_2.txt	5645
J_5_494	28_Sutta_Khu_Jaa_2.txt	5671
J_5_495	28_Sutta_Khu_Jaa_2.txt	5677
J_5_495	28_Sutta_Khu_Jaa_2.txt	5695
J_5_495	28_Sutta_Khu_Jaa_2.txt	5701
J_5_496	28_Sutta_Khu_Jaa_2.txt	5707
J_5_496	28_Sutta_Khu_Jaa_2.txt	5713
J_5_496	28_Sutta_Khu_Jaa_2.txt	5719
J_5_497	28_Sutta_Khu_Jaa_2.txt	5731
J_5_497	28_Sutta_Khu_Jaa_2.txt	5737
J_5_497	28_Sutta_Khu_Jaa_2.txt	5743
J_5_498	28_Sutta_Khu_Jaa_2.txt	5749
J_5_498	28_Sutta_Khu_Jaa_2.txt	5755
J_5_499	28_Sutta_Khu_Jaa_2.txt	5769
J_5_499	28_Sutta_Khu_Jaa_2.txt	5773
J_5_499	28_Sutta_Khu_Jaa_2.txt	5785
J_5_499	28_Sutta_Khu_Jaa_2.txt	5791
J_5_500	28_Sutta_Khu_Jaa_2.txt	5803
J_5_500	28_Sutta_Khu_Jaa_2.txt	5809
J_5_500	28_Sutta_Khu_Jaa_2.txt	5815
J_5_501	28_Sutta_Khu_Jaa_2.txt	5827
J_5_502	28_Sutta_Khu_Jaa_2.txt	5839
J_5_503	28_Sutta_Khu_Jaa_2.txt	5845
J_5_503	28_Sutta_Khu_Jaa_2.txt	5851
J_5_503	28_Sutta_Khu_Jaa_2.txt	5857
J_5_503	28_Sutta_Khu_Jaa_2.txt	5863
J_5_504	28_Sutta_Khu_Jaa_2.txt	5871
J_5_504	28_Sutta_Khu_Jaa_2.txt	5877
J_5_505	28_Sutta_Khu_Jaa_2.txt	5883
J_5_507	28_Sutta_Khu_Jaa_2.txt	5919
J_5_509	28_Sutta_Khu_Jaa_2.txt	5959
J_6_4	28_Sutta_Khu_Jaa_2.txt	6004
J_6_4	28_Sutta_Khu_Jaa_2.txt	6008
J_6_12	28_Sutta_Khu_Jaa_2.txt	6012
J_6_12	28_Sutta_Khu_Jaa_2.txt	6016
J_6_12	28_Sutta_Khu_Jaa_2.txt	6020
J_6_13	28_Sutta_Khu_Jaa_2.txt	6026
J_6_13	28_Sutta_Khu_Jaa_2.txt	6030
J_6_14	28_Sutta_Khu_Jaa_2.txt	6049
J_6_15	28_Sutta_Khu_Jaa_2.txt	6096
J_6_15	28_Sutta_Khu_Jaa_2.txt	6100
J_6_15	28_Sutta_Khu_Jaa_2.txt	6104
J_6_16	28_Sutta_Khu_Jaa_2.txt	6120
J_6_16	28_Sutta_Khu_Jaa_2.txt	6134
J_6_16	28_Sutta_Khu_Jaa_2.txt	6142
J_6_16	28_Sutta_Khu_Jaa_2.txt	6146
J_6_18	28_Sutta_Khu_Jaa_2.txt	6196
J_6_18	28_Sutta_Khu_Jaa_2.txt	6200
J_6_18	28_Sutta_Khu_Jaa_2.txt	6204
J_6_19	28_Sutta_Khu_Jaa_2.txt	6212
J_6_19	28_Sutta_Khu_Jaa_2.txt	6222
J_6_19	28_Sutta_Khu_Jaa_2.txt	6226
J_6_20	28_Sutta_Khu_Jaa_2.txt	6248
J_6_20	28_Sutta_Khu_Jaa_2.txt	6252
J_6_20	28_Sutta_Khu_Jaa_2.txt	6262
J_6_21	28_Sutta_Khu_Jaa_2.txt	6286
J_6_22	28_Sutta_Khu_Jaa_2.txt	6313
J_6_22	28_Sutta_Khu_Jaa_2.txt	6317
J_6_22	28_Sutta_Khu_Jaa_2.txt	6321
J_6_23	28_Sutta_Khu_Jaa_2.txt	6333
J_6_23	28_Sutta_Khu_Jaa_2.txt	6341
J_6_23	28_Sutta_Khu_Jaa_2.txt	6345
J_6_23	28_Sutta_Khu_Jaa_2.txt	6355
J_6_23	28_Sutta_Khu_Jaa_2.txt	6359
J_6_23	28_Sutta_Khu_Jaa_2.txt	6363
J_6_23	28_Sutta_Khu_Jaa_2.txt	6367
J_6_23	28_Sutta_Khu_Jaa_2.txt	6375
J_6_24	28_Sutta_Khu_Jaa_2.txt	6379
J_6_24	28_Sutta_Khu_Jaa_2.txt	6383
J_6_24	28_Sutta_Khu_Jaa_2.txt	6387
J_6_24	28_Sutta_Khu_Jaa_2.txt	6391
J_6_25	28_Sutta_Khu_Jaa_2.txt	6403
J_6_25	28_Sutta_Khu_Jaa_2.txt	6419
J_6_25	28_Sutta_Khu_Jaa_2.txt	6439
J_6_26	28_Sutta_Khu_Jaa_2.txt	6475
J_6_26	28_Sutta_Khu_Jaa_2.txt	6479
J_6_27	28_Sutta_Khu_Jaa_2.txt	6503
J_6_27	28_Sutta_Khu_Jaa_2.txt	6531
J_6_35	28_Sutta_Khu_Jaa_2.txt	6571
J_6_35	28_Sutta_Khu_Jaa_2.txt	6575
J_6_35	28_Sutta_Khu_Jaa_2.txt	6579
J_6_36	28_Sutta_Khu_Jaa_2.txt	6589
J_6_36	28_Sutta_Khu_Jaa_2.txt	6593
J_6_36	28_Sutta_Khu_Jaa_2.txt	6597
J_6_37	28_Sutta_Khu_Jaa_2.txt	6613
J_6_37	28_Sutta_Khu_Jaa_2.txt	6618
J_6_43	28_Sutta_Khu_Jaa_2.txt	6633
J_6_45	28_Sutta_Khu_Jaa_2.txt	6659
J_6_45	28_Sutta_Khu_Jaa_2.txt	6673
J_6_46	28_Sutta_Khu_Jaa_2.txt	6681
J_6_53	28_Sutta_Khu_Jaa_2.txt	7085
J_6_54	28_Sutta_Khu_Jaa_2.txt	7123
J_6_54	28_Sutta_Khu_Jaa_2.txt	7130
J_6_55	28_Sutta_Khu_Jaa_2.txt	7134
J_6_55	28_Sutta_Khu_Jaa_2.txt	7138
J_6_56	28_Sutta_Khu_Jaa_2.txt	7150
J_6_56	28_Sutta_Khu_Jaa_2.txt	7154
J_6_57	28_Sutta_Khu_Jaa_2.txt	7159
J_6_57	28_Sutta_Khu_Jaa_2.txt	7163
J_6_57	28_Sutta_Khu_Jaa_2.txt	7167
J_6_58	28_Sutta_Khu_Jaa_2.txt	7171
J_6_58	28_Sutta_Khu_Jaa_2.txt	7175
J_6_59	28_Sutta_Khu_Jaa_2.txt	7193
J_6_59	28_Sutta_Khu_Jaa_2.txt	7199
J_6_59	28_Sutta_Khu_Jaa_2.txt	7203
J_6_60	28_Sutta_Khu_Jaa_2.txt	7208
J_6_60	28_Sutta_Khu_Jaa_2.txt	7213
J_6_61	28_Sutta_Khu_Jaa_2.txt	7241
J_6_61	28_Sutta_Khu_Jaa_2.txt	7247
J_6_62	28_Sutta_Khu_Jaa_2.txt	7252
J_6_63	28_Sutta_Khu_Jaa_2.txt	7265
J_6_63	28_Sutta_Khu_Jaa_2.txt	7273
J_6_64	28_Sutta_Khu_Jaa_2.txt	7279
J_6_64	28_Sutta_Khu_Jaa_2.txt	7283
J_6_65	28_Sutta_Khu_Jaa_2.txt	7291
J_6_66	28_Sutta_Khu_Jaa_2.txt	7314
J_6_66	28_Sutta_Khu_Jaa_2.txt	7318
J_6_67	28_Sutta_Khu_Jaa_2.txt	7330
J_6_77	28_Sutta_Khu_Jaa_2.txt	7349
J_6_77	28_Sutta_Khu_Jaa_2.txt	7361
J_6_78	28_Sutta_Khu_Jaa_2.txt	7367
J_6_78	28_Sutta_Khu_Jaa_2.txt	7371
J_6_78	28_Sutta_Khu_Jaa_2.txt	7388
J_6_79	28_Sutta_Khu_Jaa_2.txt	7392
J_6_79	28_Sutta_Khu_Jaa_2.txt	7405
J_6_80	28_Sutta_Khu_Jaa_2.txt	7413
J_6_80	28_Sutta_Khu_Jaa_2.txt	7417
J_6_81	28_Sutta_Khu_Jaa_2.txt	7453
J_6_81	28_Sutta_Khu_Jaa_2.txt	7475
J_6_82	28_Sutta_Khu_Jaa_2.txt	7480
J_6_82	28_Sutta_Khu_Jaa_2.txt	7488
J_6_82	28_Sutta_Khu_Jaa_2.txt	7492
J_6_84	28_Sutta_Khu_Jaa_2.txt	7519
J_6_84	28_Sutta_Khu_Jaa_2.txt	7531
J_6_85	28_Sutta_Khu_Jaa_2.txt	7535
J_6_85	28_Sutta_Khu_Jaa_2.txt	7543
J_6_85	28_Sutta_Khu_Jaa_2.txt	7551
J_6_86	28_Sutta_Khu_Jaa_2.txt	7569
J_6_86	28_Sutta_Khu_Jaa_2.txt	7573
J_6_86	28_Sutta_Khu_Jaa_2.txt	7581
J_6_87	28_Sutta_Khu_Jaa_2.txt	7589
J_6_87	28_Sutta_Khu_Jaa_2.txt	7597
J_6_87	28_Sutta_Khu_Jaa_2.txt	7601
J_6_87	28_Sutta_Khu_Jaa_2.txt	7611
J_6_87	28_Sutta_Khu_Jaa_2.txt	7615
J_6_88	28_Sutta_Khu_Jaa_2.txt	7627
J_6_88	28_Sutta_Khu_Jaa_2.txt	7631
J_6_88	28_Sutta_Khu_Jaa_2.txt	7635
J_6_89	28_Sutta_Khu_Jaa_2.txt	7643
J_6_89	28_Sutta_Khu_Jaa_2.txt	7665
J_6_89	28_Sutta_Khu_Jaa_2.txt	7669
J_6_90	28_Sutta_Khu_Jaa_2.txt	7673
J_6_91	28_Sutta_Khu_Jaa_2.txt	7729
J_6_92	28_Sutta_Khu_Jaa_2.txt	7767
J_6_92	28_Sutta_Khu_Jaa_2.txt	7801
J_6_93	28_Sutta_Khu_Jaa_2.txt	7818
J_6_93	28_Sutta_Khu_Jaa_2.txt	7822
J_6_93	28_Sutta_Khu_Jaa_2.txt	7840
J_6_93	28_Sutta_Khu_Jaa_2.txt	7844
J_6_94	28_Sutta_Khu_Jaa_2.txt	7852
J_6_94	28_Sutta_Khu_Jaa_2.txt	7860
J_6_94	28_Sutta_Khu_Jaa_2.txt	7864
J_6_97	28_Sutta_Khu_Jaa_2.txt	7921
J_6_98	28_Sutta_Khu_Jaa_2.txt	7930
J_6_99	28_Sutta_Khu_Jaa_2.txt	7970
J_6_99	28_Sutta_Khu_Jaa_2.txt	7984
J_6_100	28_Sutta_Khu_Jaa_2.txt	7992
J_6_102	28_Sutta_Khu_Jaa_2.txt	8018
J_6_102	28_Sutta_Khu_Jaa_2.txt	8022
J_6_103	28_Sutta_Khu_Jaa_2.txt	8034
J_6_104	28_Sutta_Khu_Jaa_2.txt	8038
J_6_104	28_Sutta_Khu_Jaa_2.txt	8049
J_6_104	28_Sutta_Khu_Jaa_2.txt	8058
J_6_104	28_Sutta_Khu_Jaa_2.txt	8062
J_6_105	28_Sutta_Khu_Jaa_2.txt	8066
J_6_105	28_Sutta_Khu_Jaa_2.txt	8070
J_6_105	28_Sutta_Khu_Jaa_2.txt	8074
J_6_106	28_Sutta_Khu_Jaa_2.txt	8088
J_6_106	28_Sutta_Khu_Jaa_2.txt	8098
J_6_106	28_Sutta_Khu_Jaa_2.txt	8106
J_6_107	28_Sutta_Khu_Jaa_2.txt	8117
J_6_107	28_Sutta_Khu_Jaa_2.txt	8133
J_6_107	28_Sutta_Khu_Jaa_2.txt	8144
J_6_108	28_Sutta_Khu_Jaa_2.txt	8152
J_6_108	28_Sutta_Khu_Jaa_2.txt	8169
J_6_108	28_Sutta_Khu_Jaa_2.txt	8177
J_6_109	28_Sutta_Khu_Jaa_2.txt	8187
J_6_109	28_Sutta_Khu_Jaa_2.txt	8201
J_6_109	28_Sutta_Khu_Jaa_2.txt	8212
J_6_110	28_Sutta_Khu_Jaa_2.txt	8222
J_6_110	28_Sutta_Khu_Jaa_2.txt	8239
J_6_110	28_Sutta_Khu_Jaa_2.txt	8247
J_6_111	28_Sutta_Khu_Jaa_2.txt	8259
J_6_111	28_Sutta_Khu_Jaa_2.txt	8273
J_6_111	28_Sutta_Khu_Jaa_2.txt	8284
J_6_111	28_Sutta_Khu_Jaa_2.txt	8293
J_6_112	28_Sutta_Khu_Jaa_2.txt	8309
J_6_112	28_Sutta_Khu_Jaa_2.txt	8318
J_6_112	28_Sutta_Khu_Jaa_2.txt	8328
J_6_113	28_Sutta_Khu_Jaa_2.txt	8344
J_6_113	28_Sutta_Khu_Jaa_2.txt	8360
J_6_114	28_Sutta_Khu_Jaa_2.txt	8382
J_6_114	28_Sutta_Khu_Jaa_2.txt	8394
J_6_115	28_Sutta_Khu_Jaa_2.txt	8408
J_6_115	28_Sutta_Khu_Jaa_2.txt	8426
J_6_115	28_Sutta_Khu_Jaa_2.txt	8441
J_6_116	28_Sutta_Khu_Jaa_2.txt	8453
J_6_117	28_Sutta_Khu_Jaa_2.txt	8458
J_6_117	28_Sutta_Khu_Jaa_2.txt	8474
J_6_118	28_Sutta_Khu_Jaa_2.txt	8485
J_6_118	28_Sutta_Khu_Jaa_2.txt	8496
J_6_119	28_Sutta_Khu_Jaa_2.txt	8521
J_6_119	28_Sutta_Khu_Jaa_2.txt	8532
J_6_120	28_Sutta_Khu_Jaa_2.txt	8543
J_6_120	28_Sutta_Khu_Jaa_2.txt	8567
J_6_121	28_Sutta_Khu_Jaa_2.txt	8590
J_6_121	28_Sutta_Khu_Jaa_2.txt	8602
J_6_121	28_Sutta_Khu_Jaa_2.txt	8619
J_6_122	28_Sutta_Khu_Jaa_2.txt	8639
J_6_122	28_Sutta_Khu_Jaa_2.txt	8662
J_6_123	28_Sutta_Khu_Jaa_2.txt	8676
J_6_123	28_Sutta_Khu_Jaa_2.txt	8695
J_6_123	28_Sutta_Khu_Jaa_2.txt	8705
J_6_124	28_Sutta_Khu_Jaa_2.txt	8722
J_6_124	28_Sutta_Khu_Jaa_2.txt	8736
J_6_124	28_Sutta_Khu_Jaa_2.txt	8745
J_6_125	28_Sutta_Khu_Jaa_2.txt	8750
J_6_125	28_Sutta_Khu_Jaa_2.txt	8756
J_6_125	28_Sutta_Khu_Jaa_2.txt	8773
J_6_126	28_Sutta_Khu_Jaa_2.txt	8783
J_6_126	28_Sutta_Khu_Jaa_2.txt	8794
J_6_126	28_Sutta_Khu_Jaa_2.txt	8813
J_6_127	28_Sutta_Khu_Jaa_2.txt	8823
J_6_127	28_Sutta_Khu_Jaa_2.txt	8837
J_6_128	28_Sutta_Khu_Jaa_2.txt	8856
J_6_129	28_Sutta_Khu_Jaa_2.txt	8860
J_6_396	28_Sutta_Khu_Jaa_2.txt	8869
J_6_399	28_Sutta_Khu_Jaa_2.txt	8911
J_6_412	28_Sutta_Khu_Jaa_2.txt	8915
J_6_414	28_Sutta_Khu_Jaa_2.txt	8923
J_6_414	28_Sutta_Khu_Jaa_2.txt	8928
J_6_414	28_Sutta_Khu_Jaa_2.txt	8939
J_6_415	28_Sutta_Khu_Jaa_2.txt	8945
J_6_416	28_Sutta_Khu_Jaa_2.txt	8951
J_6_417	28_Sutta_Khu_Jaa_2.txt	8969
J_6_417	28_Sutta_Khu_Jaa_2.txt	8977
J_6_418	28_Sutta_Khu_Jaa_2.txt	8981
J_6_419	28_Sutta_Khu_Jaa_2.txt	9021
J_6_421	28_Sutta_Khu_Jaa_2.txt	9033
J_6_421	28_Sutta_Khu_Jaa_2.txt	9037
J_6_423	28_Sutta_Khu_Jaa_2.txt	9053
J_6_423	28_Sutta_Khu_Jaa_2.txt	9066
J_6_424	28_Sutta_Khu_Jaa_2.txt	9071
J_6_425	28_Sutta_Khu_Jaa_2.txt	9079
J_6_425	28_Sutta_Khu_Jaa_2.txt	9084
J_6_425	28_Sutta_Khu_Jaa_2.txt	9089
J_6_426	28_Sutta_Khu_Jaa_2.txt	9093
J_6_426	28_Sutta_Khu_Jaa_2.txt	9097
J_6_427	28_Sutta_Khu_Jaa_2.txt	9112
J_6_433	28_Sutta_Khu_Jaa_2.txt	9122
J_6_433	28_Sutta_Khu_Jaa_2.txt	9126
J_6_434	28_Sutta_Khu_Jaa_2.txt	9134
J_6_434	28_Sutta_Khu_Jaa_2.txt	9139
J_6_434	28_Sutta_Khu_Jaa_2.txt	9153
J_6_436	28_Sutta_Khu_Jaa_2.txt	9157
J_6_436	28_Sutta_Khu_Jaa_2.txt	9161
J_6_437	28_Sutta_Khu_Jaa_2.txt	9165
J_6_437	28_Sutta_Khu_Jaa_2.txt	9169
J_6_437	28_Sutta_Khu_Jaa_2.txt	9177
J_6_438	28_Sutta_Khu_Jaa_2.txt	9215
J_6_439	28_Sutta_Khu_Jaa_2.txt	9225
J_6_439	28_Sutta_Khu_Jaa_2.txt	9239
J_6_440	28_Sutta_Khu_Jaa_2.txt	9263
J_6_440	28_Sutta_Khu_Jaa_2.txt	9271
J_6_440	28_Sutta_Khu_Jaa_2.txt	9281
J_6_441	28_Sutta_Khu_Jaa_2.txt	9285
J_6_441	28_Sutta_Khu_Jaa_2.txt	9290
J_6_441	28_Sutta_Khu_Jaa_2.txt	9294
J_6_441	28_Sutta_Khu_Jaa_2.txt	9298
J_6_441	28_Sutta_Khu_Jaa_2.txt	9302
J_6_441	28_Sutta_Khu_Jaa_2.txt	9306
J_6_441	28_Sutta_Khu_Jaa_2.txt	9310
J_6_442	28_Sutta_Khu_Jaa_2.txt	9315
J_6_443	28_Sutta_Khu_Jaa_2.txt	9339
J_6_444	28_Sutta_Khu_Jaa_2.txt	9381
J_6_444	28_Sutta_Khu_Jaa_2.txt	9385
J_6_445	28_Sutta_Khu_Jaa_2.txt	9389
J_6_445	28_Sutta_Khu_Jaa_2.txt	9393
J_6_446	28_Sutta_Khu_Jaa_2.txt	9415
J_6_446	28_Sutta_Khu_Jaa_2.txt	9419
J_6_446	28_Sutta_Khu_Jaa_2.txt	9427
J_6_447	28_Sutta_Khu_Jaa_2.txt	9431
J_6_447	28_Sutta_Khu_Jaa_2.txt	9435
J_6_447	28_Sutta_Khu_Jaa_2.txt	9440
J_6_448	28_Sutta_Khu_Jaa_2.txt	9445
J_6_448	28_Sutta_Khu_Jaa_2.txt	9467
J_6_451	28_Sutta_Khu_Jaa_2.txt	9526
J_6_451	28_Sutta_Khu_Jaa_2.txt	9534
J_6_452	28_Sutta_Khu_Jaa_2.txt	9538
J_6_452	28_Sutta_Khu_Jaa_2.txt	9556
J_6_453	28_Sutta_Khu_Jaa_2.txt	9568
J_6_453	28_Sutta_Khu_Jaa_2.txt	9584
J_6_455	28_Sutta_Khu_Jaa_2.txt	9655
J_6_455	28_Sutta_Khu_Jaa_2.txt	9660
J_6_456	28_Sutta_Khu_Jaa_2.txt	9664
J_6_456	28_Sutta_Khu_Jaa_2.txt	9668
J_6_458	28_Sutta_Khu_Jaa_2.txt	9704
J_6_458	28_Sutta_Khu_Jaa_2.txt	9708
J_6_459	28_Sutta_Khu_Jaa_2.txt	9716
J_6_459	28_Sutta_Khu_Jaa_2.txt	9721
J_6_461	28_Sutta_Khu_Jaa_2.txt	9725
J_6_462	28_Sutta_Khu_Jaa_2.txt	9736
J_6_462	28_Sutta_Khu_Jaa_2.txt	9746
J_6_463	28_Sutta_Khu_Jaa_2.txt	9751
J_6_463	28_Sutta_Khu_Jaa_2.txt	9755
J_6_463	28_Sutta_Khu_Jaa_2.txt	9759
J_6_463	28_Sutta_Khu_Jaa_2.txt	9763
J_6_464	28_Sutta_Khu_Jaa_2.txt	9767
J_6_464	28_Sutta_Khu_Jaa_2.txt	9781
J_6_465	28_Sutta_Khu_Jaa_2.txt	9790
J_6_465	28_Sutta_Khu_Jaa_2.txt	9795
J_6_465	28_Sutta_Khu_Jaa_2.txt	9800
J_6_465	28_Sutta_Khu_Jaa_2.txt	9804
J_6_163	28_Sutta_Khu_Jaa_2.txt	9831
J_6_163	28_Sutta_Khu_Jaa_2.txt	9835
J_6_164	28_Sutta_Khu_Jaa_2.txt	9839
J_6_164	28_Sutta_Khu_Jaa_2.txt	9847
J_6_165	28_Sutta_Khu_Jaa_2.txt	9855
J_6_165	28_Sutta_Khu_Jaa_2.txt	9865
J_6_166	28_Sutta_Khu_Jaa_2.txt	9873
J_6_171	28_Sutta_Khu_Jaa_2.txt	9889
J_6_171	28_Sutta_Khu_Jaa_2.txt	9907
J_6_172	28_Sutta_Khu_Jaa_2.txt	9915
J_6_172	28_Sutta_Khu_Jaa_2.txt	9923
J_6_173	28_Sutta_Khu_Jaa_2.txt	9927
J_6_174	28_Sutta_Khu_Jaa_2.txt	9955
J_6_174	28_Sutta_Khu_Jaa_2.txt	9959
J_6_175	28_Sutta_Khu_Jaa_2.txt	9963
J_6_175	28_Sutta_Khu_Jaa_2.txt	9971
J_6_175	28_Sutta_Khu_Jaa_2.txt	9979
J_6_175	28_Sutta_Khu_Jaa_2.txt	9983
J_6_175	28_Sutta_Khu_Jaa_2.txt	9987
J_6_176	28_Sutta_Khu_Jaa_2.txt	9991
J_6_176	28_Sutta_Khu_Jaa_2.txt	10001
J_6_179	28_Sutta_Khu_Jaa_2.txt	10009
J_6_180	28_Sutta_Khu_Jaa_2.txt	10013
J_6_180	28_Sutta_Khu_Jaa_2.txt	10017
J_6_180	28_Sutta_Khu_Jaa_2.txt	10029
J_6_181	28_Sutta_Khu_Jaa_2.txt	10033
J_6_181	28_Sutta_Khu_Jaa_2.txt	10037
J_6_181	28_Sutta_Khu_Jaa_2.txt	10047
J_6_181	28_Sutta_Khu_Jaa_2.txt	10051
J_6_181	28_Sutta_Khu_Jaa_2.txt	10055
J_6_181	28_Sutta_Khu_Jaa_2.txt	10059
J_6_182	28_Sutta_Khu_Jaa_2.txt	10075
J_6_182	28_Sutta_Khu_Jaa_2.txt	10079
J_6_182	28_Sutta_Khu_Jaa_2.txt	10097
J_6_183	28_Sutta_Khu_Jaa_2.txt	10101
J_6_183	28_Sutta_Khu_Jaa_2.txt	10109
J_6_183	28_Sutta_Khu_Jaa_2.txt	10113
J_6_183	28_Sutta_Khu_Jaa_2.txt	10117
J_6_184	28_Sutta_Khu_Jaa_2.txt	10121
J_6_185	28_Sutta_Khu_Jaa_2.txt	10129
J_6_187	28_Sutta_Khu_Jaa_2.txt	10143
J_6_187	28_Sutta_Khu_Jaa_2.txt	10151
J_6_187	28_Sutta_Khu_Jaa_2.txt	10155
J_6_188	28_Sutta_Khu_Jaa_2.txt	10164
J_6_188	28_Sutta_Khu_Jaa_2.txt	10176
J_6_189	28_Sutta_Khu_Jaa_2.txt	10190
J_6_189	28_Sutta_Khu_Jaa_2.txt	10206
J_6_189	28_Sutta_Khu_Jaa_2.txt	10210
J_6_190	28_Sutta_Khu_Jaa_2.txt	10216
J_6_190	28_Sutta_Khu_Jaa_2.txt	10222
J_6_192	28_Sutta_Khu_Jaa_2.txt	10236
J_6_192	28_Sutta_Khu_Jaa_2.txt	10240
J_6_192	28_Sutta_Khu_Jaa_2.txt	10244
J_6_192	28_Sutta_Khu_Jaa_2.txt	10248
J_6_192	28_Sutta_Khu_Jaa_2.txt	10252
J_6_193	28_Sutta_Khu_Jaa_2.txt	10260
J_6_193	28_Sutta_Khu_Jaa_2.txt	10264
J_6_193	28_Sutta_Khu_Jaa_2.txt	10268
J_6_193	28_Sutta_Khu_Jaa_2.txt	10286
J_6_194	28_Sutta_Khu_Jaa_2.txt	10290
J_6_194	28_Sutta_Khu_Jaa_2.txt	10298
J_6_194	28_Sutta_Khu_Jaa_2.txt	10304
J_6_194	28_Sutta_Khu_Jaa_2.txt	10308
J_6_194	28_Sutta_Khu_Jaa_2.txt	10325
J_6_195	28_Sutta_Khu_Jaa_2.txt	10338
J_6_195	28_Sutta_Khu_Jaa_2.txt	10342
J_6_196	28_Sutta_Khu_Jaa_2.txt	10346
J_6_198	28_Sutta_Khu_Jaa_2.txt	10350
J_6_198	28_Sutta_Khu_Jaa_2.txt	10354
J_6_198	28_Sutta_Khu_Jaa_2.txt	10360
J_6_199	28_Sutta_Khu_Jaa_2.txt	10376
J_6_199	28_Sutta_Khu_Jaa_2.txt	10400
J_6_200	28_Sutta_Khu_Jaa_2.txt	10404
J_6_200	28_Sutta_Khu_Jaa_2.txt	10420
J_6_201	28_Sutta_Khu_Jaa_2.txt	10426
J_6_201	28_Sutta_Khu_Jaa_2.txt	10432
J_6_202	28_Sutta_Khu_Jaa_2.txt	10444
J_6_202	28_Sutta_Khu_Jaa_2.txt	10456
J_6_202	28_Sutta_Khu_Jaa_2.txt	10462
J_6_203	28_Sutta_Khu_Jaa_2.txt	10468
J_6_203	28_Sutta_Khu_Jaa_2.txt	10480
J_6_204	28_Sutta_Khu_Jaa_2.txt	10492
J_6_204	28_Sutta_Khu_Jaa_2.txt	10504
J_6_205	28_Sutta_Khu_Jaa_2.txt	10510
J_6_206	28_Sutta_Khu_Jaa_2.txt	10516
J_6_210	28_Sutta_Khu_Jaa_2.txt	10679
J_6_217	28_Sutta_Khu_Jaa_2.txt	10873
J_6_219	28_Sutta_Khu_Jaa_2.txt	10945
J_6_132	28_Sutta_Khu_Jaa_2.txt	10954
J_6_132	28_Sutta_Khu_Jaa_2.txt	10964
J_6_132	28_Sutta_Khu_Jaa_2.txt	10979
J_6_133	28_Sutta_Khu_Jaa_2.txt	10985
J_6_133	28_Sutta_Khu_Jaa_2.txt	10991
J_6_134	28_Sutta_Khu_Jaa_2.txt	10997
J_6_134	28_Sutta_Khu_Jaa_2.txt	11003
J_6_134	28_Sutta_Khu_Jaa_2.txt	11017
J_6_135	28_Sutta_Khu_Jaa_2.txt	11023
J_6_135	28_Sutta_Khu_Jaa_2.txt	11029
J_6_135	28_Sutta_Khu_Jaa_2.txt	11035
J_6_136	28_Sutta_Khu_Jaa_2.txt	11069
J_6_136	28_Sutta_Khu_Jaa_2.txt	11073
J_6_136	28_Sutta_Khu_Jaa_2.txt	11077
J_6_137	28_Sutta_Khu_Jaa_2.txt	11091
J_6_137	28_Sutta_Khu_Jaa_2.txt	11095
J_6_137	28_Sutta_Khu_Jaa_2.txt	11099
J_6_137	28_Sutta_Khu_Jaa_2.txt	11103
J_6_137	28_Sutta_Khu_Jaa_2.txt	11111
J_6_138	28_Sutta_Khu_Jaa_2.txt	11115
J_6_138	28_Sutta_Khu_Jaa_2.txt	11119
J_6_138	28_Sutta_Khu_Jaa_2.txt	11142
J_6_139	28_Sutta_Khu_Jaa_2.txt	11146
J_6_139	28_Sutta_Khu_Jaa_2.txt	11154
J_6_141	28_Sutta_Khu_Jaa_2.txt	11209
J_6_141	28_Sutta_Khu_Jaa_2.txt	11213
J_6_141	28_Sutta_Khu_Jaa_2.txt	11227
J_6_142	28_Sutta_Khu_Jaa_2.txt	11244
J_6_142	28_Sutta_Khu_Jaa_2.txt	11273
J_6_142	28_Sutta_Khu_Jaa_2.txt	11279
J_6_142	28_Sutta_Khu_Jaa_2.txt	11284
J_6_143	28_Sutta_Khu_Jaa_2.txt	11292
J_6_143	28_Sutta_Khu_Jaa_2.txt	11296
J_6_143	28_Sutta_Khu_Jaa_2.txt	11300
J_6_143	28_Sutta_Khu_Jaa_2.txt	11305
J_6_144	28_Sutta_Khu_Jaa_2.txt	11319
J_6_144	28_Sutta_Khu_Jaa_2.txt	11323
J_6_144	28_Sutta_Khu_Jaa_2.txt	11331
J_6_145	28_Sutta_Khu_Jaa_2.txt	11379
J_6_146	28_Sutta_Khu_Jaa_2.txt	11419
J_6_147	28_Sutta_Khu_Jaa_2.txt	11458
J_6_148	28_Sutta_Khu_Jaa_2.txt	11497
J_6_148	28_Sutta_Khu_Jaa_2.txt	11505
J_6_148	28_Sutta_Khu_Jaa_2.txt	11510
J_6_149	28_Sutta_Khu_Jaa_2.txt	11548
J_6_150	28_Sutta_Khu_Jaa_2.txt	11585
J_6_151	28_Sutta_Khu_Jaa_2.txt	11599
J_6_151	28_Sutta_Khu_Jaa_2.txt	11615
J_6_151	28_Sutta_Khu_Jaa_2.txt	11625
J_6_152	28_Sutta_Khu_Jaa_2.txt	11629
J_6_152	28_Sutta_Khu_Jaa_2.txt	11637
J_6_152	28_Sutta_Khu_Jaa_2.txt	11641
J_6_153	28_Sutta_Khu_Jaa_2.txt	11671
J_6_153	28_Sutta_Khu_Jaa_2.txt	11675
J_6_154	28_Sutta_Khu_Jaa_2.txt	11717
J_6_155	28_Sutta_Khu_Jaa_2.txt	11733
J_6_155	28_Sutta_Khu_Jaa_2.txt	11745
J_6_156	28_Sutta_Khu_Jaa_2.txt	11761
J_6_156	28_Sutta_Khu_Jaa_2.txt	11765
J_6_221	28_Sutta_Khu_Jaa_2.txt	11814
J_6_221	28_Sutta_Khu_Jaa_2.txt	11831
J_6_222	28_Sutta_Khu_Jaa_2.txt	11849
J_6_222	28_Sutta_Khu_Jaa_2.txt	11861
J_6_222	28_Sutta_Khu_Jaa_2.txt	11873
J_6_222	28_Sutta_Khu_Jaa_2.txt	11885
J_6_222	28_Sutta_Khu_Jaa_2.txt	11899
J_6_223	28_Sutta_Khu_Jaa_2.txt	11903
J_6_224	28_Sutta_Khu_Jaa_2.txt	11929
J_6_224	28_Sutta_Khu_Jaa_2.txt	11947
J_6_224	28_Sutta_Khu_Jaa_2.txt	11956
J_6_225	28_Sutta_Khu_Jaa_2.txt	11972
J_6_226	28_Sutta_Khu_Jaa_2.txt	12005
J_6_227	28_Sutta_Khu_Jaa_2.txt	12038
J_6_227	28_Sutta_Khu_Jaa_2.txt	12054
J_6_227	28_Sutta_Khu_Jaa_2.txt	12064
J_6_228	28_Sutta_Khu_Jaa_2.txt	12068
J_6_229	28_Sutta_Khu_Jaa_2.txt	12110
J_6_229	28_Sutta_Khu_Jaa_2.txt	12128
J_6_230	28_Sutta_Khu_Jaa_2.txt	12134
J_6_230	28_Sutta_Khu_Jaa_2.txt	12150
J_6_231	28_Sutta_Khu_Jaa_2.txt	12166
J_6_232	28_Sutta_Khu_Jaa_2.txt	12182
J_6_232	28_Sutta_Khu_Jaa_2.txt	12198
J_6_232	28_Sutta_Khu_Jaa_2.txt	12206
J_6_233	28_Sutta_Khu_Jaa_2.txt	12228
J_6_234	28_Sutta_Khu_Jaa_2.txt	12240
J_6_234	28_Sutta_Khu_Jaa_2.txt	12256
J_6_235	28_Sutta_Khu_Jaa_2.txt	12305
J_6_236	28_Sutta_Khu_Jaa_2.txt	12331
J_6_238	28_Sutta_Khu_Jaa_2.txt	12373
J_6_240	28_Sutta_Khu_Jaa_2.txt	12440
J_6_242	28_Sutta_Khu_Jaa_2.txt	12478
J_6_243	28_Sutta_Khu_Jaa_2.txt	12486
J_6_243	28_Sutta_Khu_Jaa_2.txt	12496
J_6_243	28_Sutta_Khu_Jaa_2.txt	12502
J_6_244	28_Sutta_Khu_Jaa_2.txt	12516
J_6_244	28_Sutta_Khu_Jaa_2.txt	12522
J_6_244	28_Sutta_Khu_Jaa_2.txt	12528
J_6_245	28_Sutta_Khu_Jaa_2.txt	12534
J_6_245	28_Sutta_Khu_Jaa_2.txt	12540
J_6_245	28_Sutta_Khu_Jaa_2.txt	12552
J_6_245	28_Sutta_Khu_Jaa_2.txt	12558
J_6_246	28_Sutta_Khu_Jaa_2.txt	12576
J_6_247	28_Sutta_Khu_Jaa_2.txt	12592
J_6_247	28_Sutta_Khu_Jaa_2.txt	12598
J_6_248	28_Sutta_Khu_Jaa_2.txt	12610
J_6_248	28_Sutta_Khu_Jaa_2.txt	12628
J_6_248	28_Sutta_Khu_Jaa_2.txt	12640
J_6_249	28_Sutta_Khu_Jaa_2.txt	12646
J_6_249	28_Sutta_Khu_Jaa_2.txt	12652
J_6_249	28_Sutta_Khu_Jaa_2.txt	12664
J_6_250	28_Sutta_Khu_Jaa_2.txt	12680
J_6_250	28_Sutta_Khu_Jaa_2.txt	12690
J_6_250	28_Sutta_Khu_Jaa_2.txt	12694
J_6_250	28_Sutta_Khu_Jaa_2.txt	12710
J_6_251	28_Sutta_Khu_Jaa_2.txt	12726
J_6_252	28_Sutta_Khu_Jaa_2.txt	12757
J_6_255	28_Sutta_Khu_Jaa_2.txt	12804
J_6_262	28_Sutta_Khu_Jaa_2.txt	12821
J_6_263	28_Sutta_Khu_Jaa_2.txt	12827
J_6_263	28_Sutta_Khu_Jaa_2.txt	12835
J_6_263	28_Sutta_Khu_Jaa_2.txt	12841
J_6_264	28_Sutta_Khu_Jaa_2.txt	12847
J_6_264	28_Sutta_Khu_Jaa_2.txt	12853
J_6_265	28_Sutta_Khu_Jaa_2.txt	12861
J_6_265	28_Sutta_Khu_Jaa_2.txt	12875
J_6_265	28_Sutta_Khu_Jaa_2.txt	12881
J_6_266	28_Sutta_Khu_Jaa_2.txt	12887
J_6_266	28_Sutta_Khu_Jaa_2.txt	12891
J_6_266	28_Sutta_Khu_Jaa_2.txt	12904
J_6_267	28_Sutta_Khu_Jaa_2.txt	12908
J_6_267	28_Sutta_Khu_Jaa_2.txt	12916
J_6_267	28_Sutta_Khu_Jaa_2.txt	12923
J_6_267	28_Sutta_Khu_Jaa_2.txt	12934
J_6_268	28_Sutta_Khu_Jaa_2.txt	12942
J_6_268	28_Sutta_Khu_Jaa_2.txt	12948
J_6_268	28_Sutta_Khu_Jaa_2.txt	12958
J_6_271	28_Sutta_Khu_Jaa_2.txt	13028
J_6_271	28_Sutta_Khu_Jaa_2.txt	13043
J_6_272	28_Sutta_Khu_Jaa_2.txt	13067
J_6_272	28_Sutta_Khu_Jaa_2.txt	13087
J_6_273	28_Sutta_Khu_Jaa_2.txt	13099
J_6_273	28_Sutta_Khu_Jaa_2.txt	13105
J_6_274	28_Sutta_Khu_Jaa_2.txt	13111
J_6_274	28_Sutta_Khu_Jaa_2.txt	13123
J_6_274	28_Sutta_Khu_Jaa_2.txt	13129
J_6_275	28_Sutta_Khu_Jaa_2.txt	13138
J_6_275	28_Sutta_Khu_Jaa_2.txt	13146
J_6_276	28_Sutta_Khu_Jaa_2.txt	13154
J_6_276	28_Sutta_Khu_Jaa_2.txt	13170
J_6_276	28_Sutta_Khu_Jaa_2.txt	13178
J_6_276	28_Sutta_Khu_Jaa_2.txt	13186
J_6_277	28_Sutta_Khu_Jaa_2.txt	13198
J_6_277	28_Sutta_Khu_Jaa_2.txt	13216
J_6_277	28_Sutta_Khu_Jaa_2.txt	13224
J_6_278	28_Sutta_Khu_Jaa_2.txt	13236
J_6_278	28_Sutta_Khu_Jaa_2.txt	13254
J_6_278	28_Sutta_Khu_Jaa_2.txt	13260
J_6_279	28_Sutta_Khu_Jaa_2.txt	13298
J_6_279	28_Sutta_Khu_Jaa_2.txt	13310
J_6_280	28_Sutta_Khu_Jaa_2.txt	13329
J_6_280	28_Sutta_Khu_Jaa_2.txt	13343
J_6_282	28_Sutta_Khu_Jaa_2.txt	13349
J_6_283	28_Sutta_Khu_Jaa_2.txt	13359
J_6_283	28_Sutta_Khu_Jaa_2.txt	13365
J_6_283	28_Sutta_Khu_Jaa_2.txt	13377
J_6_283	28_Sutta_Khu_Jaa_2.txt	13383
J_6_283	28_Sutta_Khu_Jaa_2.txt	13389
J_6_284	28_Sutta_Khu_Jaa_2.txt	13395
J_6_284	28_Sutta_Khu_Jaa_2.txt	13399
J_6_285	28_Sutta_Khu_Jaa_2.txt	13405
J_6_285	28_Sutta_Khu_Jaa_2.txt	13424
J_6_286	28_Sutta_Khu_Jaa_2.txt	13430
J_6_286	28_Sutta_Khu_Jaa_2.txt	13439
J_6_286	28_Sutta_Khu_Jaa_2.txt	13453
J_6_288	28_Sutta_Khu_Jaa_2.txt	13484
J_6_288	28_Sutta_Khu_Jaa_2.txt	13488
J_6_288	28_Sutta_Khu_Jaa_2.txt	13500
J_6_289	28_Sutta_Khu_Jaa_2.txt	13506
J_6_289	28_Sutta_Khu_Jaa_2.txt	13512
J_6_289	28_Sutta_Khu_Jaa_2.txt	13518
J_6_291	28_Sutta_Khu_Jaa_2.txt	13546
J_6_292	28_Sutta_Khu_Jaa_2.txt	13579
J_6_292	28_Sutta_Khu_Jaa_2.txt	13587
J_6_292	28_Sutta_Khu_Jaa_2.txt	13595
J_6_293	28_Sutta_Khu_Jaa_2.txt	13611
J_6_293	28_Sutta_Khu_Jaa_2.txt	13623
J_6_293	28_Sutta_Khu_Jaa_2.txt	13632
J_6_294	28_Sutta_Khu_Jaa_2.txt	13640
J_6_294	28_Sutta_Khu_Jaa_2.txt	13666
J_6_295	28_Sutta_Khu_Jaa_2.txt	13675
J_6_295	28_Sutta_Khu_Jaa_2.txt	13696
J_6_296	28_Sutta_Khu_Jaa_2.txt	13724
J_6_296	28_Sutta_Khu_Jaa_2.txt	13746
J_6_297	28_Sutta_Khu_Jaa_2.txt	13758
J_6_297	28_Sutta_Khu_Jaa_2.txt	13771
J_6_298	28_Sutta_Khu_Jaa_2.txt	13791
J_6_298	28_Sutta_Khu_Jaa_2.txt	13807
J_6_299	28_Sutta_Khu_Jaa_2.txt	13835
J_6_299	28_Sutta_Khu_Jaa_2.txt	13841
J_6_300	28_Sutta_Khu_Jaa_2.txt	13853
J_6_300	28_Sutta_Khu_Jaa_2.txt	13857
J_6_301	28_Sutta_Khu_Jaa_2.txt	13899
J_6_302	28_Sutta_Khu_Jaa_2.txt	13919
J_6_302	28_Sutta_Khu_Jaa_2.txt	13929
J_6_302	28_Sutta_Khu_Jaa_2.txt	13933
J_6_303	28_Sutta_Khu_Jaa_2.txt	13939
J_6_304	28_Sutta_Khu_Jaa_2.txt	13981
J_6_304	28_Sutta_Khu_Jaa_2.txt	13985
J_6_304	28_Sutta_Khu_Jaa_2.txt	13992
J_6_306	28_Sutta_Khu_Jaa_2.txt	14004
J_6_306	28_Sutta_Khu_Jaa_2.txt	14010
J_6_307	28_Sutta_Khu_Jaa_2.txt	14028
J_6_307	28_Sutta_Khu_Jaa_2.txt	14048
J_6_307	28_Sutta_Khu_Jaa_2.txt	14054
J_6_308	28_Sutta_Khu_Jaa_2.txt	14090
J_6_309	28_Sutta_Khu_Jaa_2.txt	14096
J_6_309	28_Sutta_Khu_Jaa_2.txt	14114
J_6_309	28_Sutta_Khu_Jaa_2.txt	14120
J_6_310	28_Sutta_Khu_Jaa_2.txt	14126
J_6_310	28_Sutta_Khu_Jaa_2.txt	14132
J_6_311	28_Sutta_Khu_Jaa_2.txt	14169
J_6_312	28_Sutta_Khu_Jaa_2.txt	14187
J_6_312	28_Sutta_Khu_Jaa_2.txt	14193
J_6_312	28_Sutta_Khu_Jaa_2.txt	14199
J_6_313	28_Sutta_Khu_Jaa_2.txt	14205
J_6_313	28_Sutta_Khu_Jaa_2.txt	14231
J_6_314	28_Sutta_Khu_Jaa_2.txt	14243
J_6_314	28_Sutta_Khu_Jaa_2.txt	14249
J_6_314	28_Sutta_Khu_Jaa_2.txt	14264
J_6_315	28_Sutta_Khu_Jaa_2.txt	14268
J_6_315	28_Sutta_Khu_Jaa_2.txt	14276
J_6_315	28_Sutta_Khu_Jaa_2.txt	14282
J_6_316	28_Sutta_Khu_Jaa_2.txt	14302
J_6_316	28_Sutta_Khu_Jaa_2.txt	14308
J_6_316	28_Sutta_Khu_Jaa_2.txt	14314
J_6_317	28_Sutta_Khu_Jaa_2.txt	14334
J_6_317	28_Sutta_Khu_Jaa_2.txt	14340
J_6_317	28_Sutta_Khu_Jaa_2.txt	14346
J_6_318	28_Sutta_Khu_Jaa_2.txt	14358
J_6_318	28_Sutta_Khu_Jaa_2.txt	14366
J_6_318	28_Sutta_Khu_Jaa_2.txt	14372
J_6_318	28_Sutta_Khu_Jaa_2.txt	14378
J_6_319	28_Sutta_Khu_Jaa_2.txt	14384
J_6_319	28_Sutta_Khu_Jaa_2.txt	14404
J_6_319	28_Sutta_Khu_Jaa_2.txt	14414
J_6_319	28_Sutta_Khu_Jaa_2.txt	14422
J_6_320	28_Sutta_Khu_Jaa_2.txt	14430
J_6_320	28_Sutta_Khu_Jaa_2.txt	14448
J_6_320	28_Sutta_Khu_Jaa_2.txt	14454
J_6_320	28_Sutta_Khu_Jaa_2.txt	14460
J_6_321	28_Sutta_Khu_Jaa_2.txt	14480
J_6_321	28_Sutta_Khu_Jaa_2.txt	14486
J_6_321	28_Sutta_Khu_Jaa_2.txt	14492
J_6_321	28_Sutta_Khu_Jaa_2.txt	14504
J_6_321	28_Sutta_Khu_Jaa_2.txt	14516
J_6_321	28_Sutta_Khu_Jaa_2.txt	14522
J_6_321	28_Sutta_Khu_Jaa_2.txt	14528
J_6_322	28_Sutta_Khu_Jaa_2.txt	14534
J_6_322	28_Sutta_Khu_Jaa_2.txt	14560
J_6_323	28_Sutta_Khu_Jaa_2.txt	14566
J_6_323	28_Sutta_Khu_Jaa_2.txt	14578
J_6_323	28_Sutta_Khu_Jaa_2.txt	14590
J_6_324	28_Sutta_Khu_Jaa_2.txt	14602
J_6_325	28_Sutta_Khu_Jaa_2.txt	14608
J_6_325	28_Sutta_Khu_Jaa_2.txt	14627
J_6_325	28_Sutta_Khu_Jaa_2.txt	14633
J_6_327	28_Sutta_Khu_Jaa_2.txt	14657
J_6_328	28_Sutta_Khu_Jaa_2.txt	14699
J_6_481	28_Sutta_Khu_Jaa_2.txt	14722
J_6_482	28_Sutta_Khu_Jaa_2.txt	14726
J_6_482	28_Sutta_Khu_Jaa_2.txt	14730
J_6_482	28_Sutta_Khu_Jaa_2.txt	14738
J_6_483	28_Sutta_Khu_Jaa_2.txt	14772
J_6_484	28_Sutta_Khu_Jaa_2.txt	14776
J_6_484	28_Sutta_Khu_Jaa_2.txt	14783
J_6_488	28_Sutta_Khu_Jaa_2.txt	14812
J_6_488	28_Sutta_Khu_Jaa_2.txt	14816
J_6_488	28_Sutta_Khu_Jaa_2.txt	14820
J_6_488	28_Sutta_Khu_Jaa_2.txt	14824
J_6_489	28_Sutta_Khu_Jaa_2.txt	14828
J_6_489	28_Sutta_Khu_Jaa_2.txt	14840
J_6_490	28_Sutta_Khu_Jaa_2.txt	14854
J_6_490	28_Sutta_Khu_Jaa_2.txt	14876
J_6_491	28_Sutta_Khu_Jaa_2.txt	14896
J_6_491	28_Sutta_Khu_Jaa_2.txt	14911
J_6_491	28_Sutta_Khu_Jaa_2.txt	14915
J_6_492	28_Sutta_Khu_Jaa_2.txt	14923
J_6_492	28_Sutta_Khu_Jaa_2.txt	14942
J_6_492	28_Sutta_Khu_Jaa_2.txt	14952
J_6_492	28_Sutta_Khu_Jaa_2.txt	14979
J_6_493	28_Sutta_Khu_Jaa_2.txt	14983
J_6_493	28_Sutta_Khu_Jaa_2.txt	14988
J_6_493	28_Sutta_Khu_Jaa_2.txt	14998
J_6_494	28_Sutta_Khu_Jaa_2.txt	15003
J_6_494	28_Sutta_Khu_Jaa_2.txt	15007
J_6_494	28_Sutta_Khu_Jaa_2.txt	15019
J_6_494	28_Sutta_Khu_Jaa_2.txt	15023
J_6_495	28_Sutta_Khu_Jaa_2.txt	15027
J_6_495	28_Sutta_Khu_Jaa_2.txt	15035
J_6_495	28_Sutta_Khu_Jaa_2.txt	15039
J_6_496	28_Sutta_Khu_Jaa_2.txt	15069
J_6_498	28_Sutta_Khu_Jaa_2.txt	15180
J_6_499	28_Sutta_Khu_Jaa_2.txt	15212
J_6_499	28_Sutta_Khu_Jaa_2.txt	15224
J_6_499	28_Sutta_Khu_Jaa_2.txt	15228
J_6_502	28_Sutta_Khu_Jaa_2.txt	15354
J_6_502	28_Sutta_Khu_Jaa_2.txt	15390
J_6_505	28_Sutta_Khu_Jaa_2.txt	15505
J_6_505	28_Sutta_Khu_Jaa_2.txt	15520
J_6_506	28_Sutta_Khu_Jaa_2.txt	15528
J_6_506	28_Sutta_Khu_Jaa_2.txt	15539
J_6_506	28_Sutta_Khu_Jaa_2.txt	15543
J_6_506	28_Sutta_Khu_Jaa_2.txt	15551
J_6_506	28_Sutta_Khu_Jaa_2.txt	15555
J_6_507	28_Sutta_Khu_Jaa_2.txt	15601
J_6_509	28_Sutta_Khu_Jaa_2.txt	15680
J_6_509	28_Sutta_Khu_Jaa_2.txt	15685
J_6_510	28_Sutta_Khu_Jaa_2.txt	15690
J_6_510	28_Sutta_Khu_Jaa_2.txt	15725
J_6_511	28_Sutta_Khu_Jaa_2.txt	15734
J_6_511	28_Sutta_Khu_Jaa_2.txt	15742
J_6_511	28_Sutta_Khu_Jaa_2.txt	15744
J_6_511	28_Sutta_Khu_Jaa_2.txt	15754
J_6_512	28_Sutta_Khu_Jaa_2.txt	15758
J_6_512	28_Sutta_Khu_Jaa_2.txt	15762
J_6_512	28_Sutta_Khu_Jaa_2.txt	15766
J_6_512	28_Sutta_Khu_Jaa_2.txt	15770
J_6_513	28_Sutta_Khu_Jaa_2.txt	15774
J_6_513	28_Sutta_Khu_Jaa_2.txt	15778
J_6_513	28_Sutta_Khu_Jaa_2.txt	15785
J_6_513	28_Sutta_Khu_Jaa_2.txt	15799
J_6_514	28_Sutta_Khu_Jaa_2.txt	15815
J_6_514	28_Sutta_Khu_Jaa_2.txt	15819
J_6_514	28_Sutta_Khu_Jaa_2.txt	15823
J_6_515	28_Sutta_Khu_Jaa_2.txt	15831
J_6_515	28_Sutta_Khu_Jaa_2.txt	15849
J_6_516	28_Sutta_Khu_Jaa_2.txt	15870
J_6_516	28_Sutta_Khu_Jaa_2.txt	15884
J_6_516	28_Sutta_Khu_Jaa_2.txt	15889
J_6_516	28_Sutta_Khu_Jaa_2.txt	15898
J_6_517	28_Sutta_Khu_Jaa_2.txt	15906
J_6_517	28_Sutta_Khu_Jaa_2.txt	15914
J_6_518	28_Sutta_Khu_Jaa_2.txt	15941
J_6_518	28_Sutta_Khu_Jaa_2.txt	15949
J_6_521	28_Sutta_Khu_Jaa_2.txt	16003
J_6_523	28_Sutta_Khu_Jaa_2.txt	16081
J_6_523	28_Sutta_Khu_Jaa_2.txt	16085
J_6_523	28_Sutta_Khu_Jaa_2.txt	16089
J_6_523	28_Sutta_Khu_Jaa_2.txt	16097
J_6_523	28_Sutta_Khu_Jaa_2.txt	16110
J_6_523	28_Sutta_Khu_Jaa_2.txt	16118
J_6_524	28_Sutta_Khu_Jaa_2.txt	16123
J_6_524	28_Sutta_Khu_Jaa_2.txt	16140
J_6_525	28_Sutta_Khu_Jaa_2.txt	16158
J_6_525	28_Sutta_Khu_Jaa_2.txt	16166
J_6_525	28_Sutta_Khu_Jaa_2.txt	16179
J_6_526	28_Sutta_Khu_Jaa_2.txt	16203
J_6_527	28_Sutta_Khu_Jaa_2.txt	16261
J_6_528	28_Sutta_Khu_Jaa_2.txt	16296
J_6_528	28_Sutta_Khu_Jaa_2.txt	16308
J_6_528	28_Sutta_Khu_Jaa_2.txt	16322
J_6_529	28_Sutta_Khu_Jaa_2.txt	16351
J_6_531	28_Sutta_Khu_Jaa_2.txt	16454
J_6_531	28_Sutta_Khu_Jaa_2.txt	16458
J_6_532	28_Sutta_Khu_Jaa_2.txt	16471
J_6_532	28_Sutta_Khu_Jaa_2.txt	16478
J_6_532	28_Sutta_Khu_Jaa_2.txt	16496
J_6_533	28_Sutta_Khu_Jaa_2.txt	16520
J_6_533	28_Sutta_Khu_Jaa_2.txt	16525
J_6_533	28_Sutta_Khu_Jaa_2.txt	16536
J_6_533	28_Sutta_Khu_Jaa_2.txt	16542
J_6_534	28_Sutta_Khu_Jaa_2.txt	16599
J_6_535	28_Sutta_Khu_Jaa_2.txt	16611
J_6_536	28_Sutta_Khu_Jaa_2.txt	16649
J_6_536	28_Sutta_Khu_Jaa_2.txt	16690
J_6_537	28_Sutta_Khu_Jaa_2.txt	16721
J_6_537	28_Sutta_Khu_Jaa_2.txt	16737
J_6_539	28_Sutta_Khu_Jaa_2.txt	16783
J_6_540	28_Sutta_Khu_Jaa_2.txt	16857
J_6_541	28_Sutta_Khu_Jaa_2.txt	16864
J_6_542	28_Sutta_Khu_Jaa_2.txt	16868
J_6_542	28_Sutta_Khu_Jaa_2.txt	16872
J_6_542	28_Sutta_Khu_Jaa_2.txt	16880
J_6_543	28_Sutta_Khu_Jaa_2.txt	16915
J_6_543	28_Sutta_Khu_Jaa_2.txt	16919
J_6_544	28_Sutta_Khu_Jaa_2.txt	16932
J_6_544	28_Sutta_Khu_Jaa_2.txt	16959
J_6_544	28_Sutta_Khu_Jaa_2.txt	16967
J_6_545	28_Sutta_Khu_Jaa_2.txt	16972
J_6_545	28_Sutta_Khu_Jaa_2.txt	16977
J_6_545	28_Sutta_Khu_Jaa_2.txt	16981
J_6_546	28_Sutta_Khu_Jaa_2.txt	16985
J_6_547	28_Sutta_Khu_Jaa_2.txt	17007
J_6_548	28_Sutta_Khu_Jaa_2.txt	17024
J_6_548	28_Sutta_Khu_Jaa_2.txt	17040
J_6_550	28_Sutta_Khu_Jaa_2.txt	17093
J_6_551	28_Sutta_Khu_Jaa_2.txt	17157
J_6_551	28_Sutta_Khu_Jaa_2.txt	17169
J_6_552	28_Sutta_Khu_Jaa_2.txt	17203
J_6_553	28_Sutta_Khu_Jaa_2.txt	17211
J_6_553	28_Sutta_Khu_Jaa_2.txt	17252
J_6_554	28_Sutta_Khu_Jaa_2.txt	17256
J_6_554	28_Sutta_Khu_Jaa_2.txt	17260
J_6_554	28_Sutta_Khu_Jaa_2.txt	17275
J_6_556	28_Sutta_Khu_Jaa_2.txt	17328
J_6_557	28_Sutta_Khu_Jaa_2.txt	17341
J_6_558	28_Sutta_Khu_Jaa_2.txt	17413
J_6_559	28_Sutta_Khu_Jaa_2.txt	17417
J_6_560	28_Sutta_Khu_Jaa_2.txt	17490
J_6_561	28_Sutta_Khu_Jaa_2.txt	17519
J_6_562	28_Sutta_Khu_Jaa_2.txt	17531
J_6_562	28_Sutta_Khu_Jaa_2.txt	17535
J_6_563	28_Sutta_Khu_Jaa_2.txt	17561
J_6_564	28_Sutta_Khu_Jaa_2.txt	17600
J_6_564	28_Sutta_Khu_Jaa_2.txt	17624
J_6_564	28_Sutta_Khu_Jaa_2.txt	17638
J_6_565	28_Sutta_Khu_Jaa_2.txt	17647
J_6_565	28_Sutta_Khu_Jaa_2.txt	17655
J_6_565	28_Sutta_Khu_Jaa_2.txt	17663
J_6_566	28_Sutta_Khu_Jaa_2.txt	17689
J_6_567	28_Sutta_Khu_Jaa_2.txt	17707
J_6_568	28_Sutta_Khu_Jaa_2.txt	17715
J_6_568	28_Sutta_Khu_Jaa_2.txt	17719
J_6_568	28_Sutta_Khu_Jaa_2.txt	17738
J_6_569	28_Sutta_Khu_Jaa_2.txt	17742
J_6_569	28_Sutta_Khu_Jaa_2.txt	17750
J_6_569	28_Sutta_Khu_Jaa_2.txt	17785
J_6_570	28_Sutta_Khu_Jaa_2.txt	17789
J_6_570	28_Sutta_Khu_Jaa_2.txt	17793
J_6_570	28_Sutta_Khu_Jaa_2.txt	17805
J_6_570	28_Sutta_Khu_Jaa_2.txt	17821
J_6_571	28_Sutta_Khu_Jaa_2.txt	17825
J_6_572	28_Sutta_Khu_Jaa_2.txt	17849
J_6_572	28_Sutta_Khu_Jaa_2.txt	17868
J_6_572	28_Sutta_Khu_Jaa_2.txt	17872
J_6_573	28_Sutta_Khu_Jaa_2.txt	17907
J_6_574	28_Sutta_Khu_Jaa_2.txt	17918
J_6_574	28_Sutta_Khu_Jaa_2.txt	17930
J_6_574	28_Sutta_Khu_Jaa_2.txt	17934
J_6_575	28_Sutta_Khu_Jaa_2.txt	17944
J_6_575	28_Sutta_Khu_Jaa_2.txt	17948
J_6_575	28_Sutta_Khu_Jaa_2.txt	17956
J_6_575	28_Sutta_Khu_Jaa_2.txt	17968
J_6_576	28_Sutta_Khu_Jaa_2.txt	17972
J_6_576	28_Sutta_Khu_Jaa_2.txt	17980
J_6_576	28_Sutta_Khu_Jaa_2.txt	17992
J_6_576	28_Sutta_Khu_Jaa_2.txt	18003
J_6_576	28_Sutta_Khu_Jaa_2.txt	18007
J_6_576	28_Sutta_Khu_Jaa_2.txt	18011
J_6_577	28_Sutta_Khu_Jaa_2.txt	18023
J_6_577	28_Sutta_Khu_Jaa_2.txt	18027
J_6_577	28_Sutta_Khu_Jaa_2.txt	18038
J_6_577	28_Sutta_Khu_Jaa_2.txt	18049
J_6_578	28_Sutta_Khu_Jaa_2.txt	18069
J_6_578	28_Sutta_Khu_Jaa_2.txt	18106
J_6_579	28_Sutta_Khu_Jaa_2.txt	18110
J_6_579	28_Sutta_Khu_Jaa_2.txt	18124
J_6_579	28_Sutta_Khu_Jaa_2.txt	18128
J_6_580	28_Sutta_Khu_Jaa_2.txt	18181
J_6_581	28_Sutta_Khu_Jaa_2.txt	18217
J_6_582	28_Sutta_Khu_Jaa_2.txt	18248
J_6_583	28_Sutta_Khu_Jaa_2.txt	18273
J_6_583	28_Sutta_Khu_Jaa_2.txt	18277
J_6_583	28_Sutta_Khu_Jaa_2.txt	18281
J_6_584	28_Sutta_Khu_Jaa_2.txt	18291
J_6_584	28_Sutta_Khu_Jaa_2.txt	18306
J_6_584	28_Sutta_Khu_Jaa_2.txt	18314
J_6_584	28_Sutta_Khu_Jaa_2.txt	18326
J_6_585	28_Sutta_Khu_Jaa_2.txt	18335
J_6_585	28_Sutta_Khu_Jaa_2.txt	18339
J_6_585	28_Sutta_Khu_Jaa_2.txt	18349
J_6_585	28_Sutta_Khu_Jaa_2.txt	18353
J_6_585	28_Sutta_Khu_Jaa_2.txt	18357
J_6_586	28_Sutta_Khu_Jaa_2.txt	18361
J_6_586	28_Sutta_Khu_Jaa_2.txt	18373
J_6_587	28_Sutta_Khu_Jaa_2.txt	18381
J_6_587	28_Sutta_Khu_Jaa_2.txt	18403
J_6_587	28_Sutta_Khu_Jaa_2.txt	18407
J_6_587	28_Sutta_Khu_Jaa_2.txt	18411
J_6_588	28_Sutta_Khu_Jaa_2.txt	18416
J_6_588	28_Sutta_Khu_Jaa_2.txt	18418
J_6_589	28_Sutta_Khu_Jaa_2.txt	18438
J_6_589	28_Sutta_Khu_Jaa_2.txt	18450
J_6_590	28_Sutta_Khu_Jaa_2.txt	18463
J_6_591	28_Sutta_Khu_Jaa_2.txt	18505
J_6_591	28_Sutta_Khu_Jaa_2.txt	18519
J_6_592	28_Sutta_Khu_Jaa_2.txt	18547
J_6_592	28_Sutta_Khu_Jaa_2.txt	18582
J_6_593	28_Sutta_Khu_Jaa_2.txt	18602
Ps_1_3	31_Sutta_Khu_Pati.txt	76
Ps_1_6	31_Sutta_Khu_Pati.txt	165
Ps_1_7	31_Sutta_Khu_Pati.txt	203
Ps_1_8	31_Sutta_Khu_Pati.txt	246
Ps_1_9	31_Sutta_Khu_Pati.txt	292
Ps_1_10	31_Sutta_Khu_Pati.txt	331
Ps_1_11	31_Sutta_Khu_Pati.txt	373
Ps_1_12	31_Sutta_Khu_Pati.txt	417
Ps_1_13	31_Sutta_Khu_Pati.txt	453
Ps_1_14	31_Sutta_Khu_Pati.txt	490
Ps_1_15	31_Sutta_Khu_Pati.txt	529
Ps_1_16	31_Sutta_Khu_Pati.txt	568
Ps_1_17	31_Sutta_Khu_Pati.txt	619
Ps_1_19	31_Sutta_Khu_Pati.txt	708
Ps_1_21	31_Sutta_Khu_Pati.txt	797
Ps_1_22	31_Sutta_Khu_Pati.txt	840
Ps_1_24	31_Sutta_Khu_Pati.txt	923
Ps_1_26	31_Sutta_Khu_Pati.txt	991
Ps_1_28	31_Sutta_Khu_Pati.txt	1065
Ps_1_29	31_Sutta_Khu_Pati.txt	1111
Ps_1_30	31_Sutta_Khu_Pati.txt	1149
Ps_1_32	31_Sutta_Khu_Pati.txt	1219
Ps_1_33	31_Sutta_Khu_Pati.txt	1254
Ps_1_36	31_Sutta_Khu_Pati.txt	1368
Ps_1_37	31_Sutta_Khu_Pati.txt	1410
Ps_1_40	31_Sutta_Khu_Pati.txt	1547
Ps_1_41	31_Sutta_Khu_Pati.txt	1589
Ps_1_42	31_Sutta_Khu_Pati.txt	1638
Ps_1_45	31_Sutta_Khu_Pati.txt	1782
Ps_1_46	31_Sutta_Khu_Pati.txt	1821
Ps_1_47	31_Sutta_Khu_Pati.txt	1861
Ps_1_48	31_Sutta_Khu_Pati.txt	1896
Ps_1_50	31_Sutta_Khu_Pati.txt	1986
Ps_1_51	31_Sutta_Khu_Pati.txt	2017
Ps_1_52	31_Sutta_Khu_Pati.txt	2053
Ps_1_53	31_Sutta_Khu_Pati.txt	2092
Ps_1_54	31_Sutta_Khu_Pati.txt	2134
Ps_1_55	31_Sutta_Khu_Pati.txt	2169
Ps_1_56	31_Sutta_Khu_Pati.txt	2206
Ps_1_58	31_Sutta_Khu_Pati.txt	2288
Ps_1_59	31_Sutta_Khu_Pati.txt	2329
Ps_1_60	31_Sutta_Khu_Pati.txt	2368
Ps_1_62	31_Sutta_Khu_Pati.txt	2465
Ps_1_63	31_Sutta_Khu_Pati.txt	2506
Ps_1_64	31_Sutta_Khu_Pati.txt	2560
Ps_1_66	31_Sutta_Khu_Pati.txt	2649
Ps_1_67	31_Sutta_Khu_Pati.txt	2687
Ps_1_68	31_Sutta_Khu_Pati.txt	2733
Ps_1_69	31_Sutta_Khu_Pati.txt	2786
Ps_1_71	31_Sutta_Khu_Pati.txt	2876
Ps_1_72	31_Sutta_Khu_Pati.txt	2906
Ps_1_73	31_Sutta_Khu_Pati.txt	2949
Ps_1_74	31_Sutta_Khu_Pati.txt	2996
Ps_1_75	31_Sutta_Khu_Pati.txt	3034
Ps_1_76	31_Sutta_Khu_Pati.txt	3081
Ps_1_77	31_Sutta_Khu_Pati.txt	3114
Ps_1_78	31_Sutta_Khu_Pati.txt	3203
Ps_1_79	31_Sutta_Khu_Pati.txt	3266
Ps_1_80	31_Sutta_Khu_Pati.txt	3310
Ps_1_82	31_Sutta_Khu_Pati.txt	3395
Ps_1_83	31_Sutta_Khu_Pati.txt	3431
Ps_1_84	31_Sutta_Khu_Pati.txt	3465
Ps_1_85	31_Sutta_Khu_Pati.txt	3518
Ps_1_86	31_Sutta_Khu_Pati.txt	3559
Ps_1_87	31_Sutta_Khu_Pati.txt	3600
Ps_1_88	31_Sutta_Khu_Pati.txt	3638
Ps_1_89	31_Sutta_Khu_Pati.txt	3688
Ps_1_90	31_Sutta_Khu_Pati.txt	3733
Ps_1_92	31_Sutta_Khu_Pati.txt	3826
Ps_1_93	31_Sutta_Khu_Pati.txt	3867
Ps_1_94	31_Sutta_Khu_Pati.txt	3909
Ps_1_95	31_Sutta_Khu_Pati.txt	3949
Ps_1_96	31_Sutta_Khu_Pati.txt	3987
Ps_1_97	31_Sutta_Khu_Pati.txt	4031
Ps_1_98	31_Sutta_Khu_Pati.txt	4077
Ps_1_99	31_Sutta_Khu_Pati.txt	4117
Ps_1_101	31_Sutta_Khu_Pati.txt	4201
Ps_1_102	31_Sutta_Khu_Pati.txt	4251
Ps_1_103	31_Sutta_Khu_Pati.txt	4298
Ps_1_104	31_Sutta_Khu_Pati.txt	4342
Ps_1_105	31_Sutta_Khu_Pati.txt	4384
Ps_1_107	31_Sutta_Khu_Pati.txt	4472
Ps_1_108	31_Sutta_Khu_Pati.txt	4520
Ps_1_109	31_Sutta_Khu_Pati.txt	4563
Ps_1_112	31_Sutta_Khu_Pati.txt	4690
Ps_1_113	31_Sutta_Khu_Pati.txt	4726
Ps_1_115	31_Sutta_Khu_Pati.txt	4802
Ps_1_116	31_Sutta_Khu_Pati.txt	4842
Ps_1_117	31_Sutta_Khu_Pati.txt	4887
Ps_1_119	31_Sutta_Khu_Pati.txt	4962
Ps_1_121	31_Sutta_Khu_Pati.txt	5041
Ps_1_122	31_Sutta_Khu_Pati.txt	5080
Ps_1_123	31_Sutta_Khu_Pati.txt	5117
Ps_1_125	31_Sutta_Khu_Pati.txt	5199
Ps_1_126	31_Sutta_Khu_Pati.txt	5228
Ps_1_127	31_Sutta_Khu_Pati.txt	5271
Ps_1_128	31_Sutta_Khu_Pati.txt	5305
Ps_1_129	31_Sutta_Khu_Pati.txt	5338
Ps_1_132	31_Sutta_Khu_Pati.txt	5441
Ps_1_133	31_Sutta_Khu_Pati.txt	5482
Ps_1_134	31_Sutta_Khu_Pati.txt	5524
Ps_1_135	31_Sutta_Khu_Pati.txt	5567
Ps_1_136	31_Sutta_Khu_Pati.txt	5599
Ps_1_138	31_Sutta_Khu_Pati.txt	5677
Ps_1_139	31_Sutta_Khu_Pati.txt	5734
Ps_1_141	31_Sutta_Khu_Pati.txt	5813
Ps_1_142	31_Sutta_Khu_Pati.txt	5849
Ps_1_143	31_Sutta_Khu_Pati.txt	5877
Ps_1_144	31_Sutta_Khu_Pati.txt	5918
Ps_1_145	31_Sutta_Khu_Pati.txt	5962
Ps_1_146	31_Sutta_Khu_Pati.txt	6002
Ps_1_147	31_Sutta_Khu_Pati.txt	6068
Ps_1_148	31_Sutta_Khu_Pati.txt	6165
Ps_1_149	31_Sutta_Khu_Pati.txt	6279
Ps_1_150	31_Sutta_Khu_Pati.txt	6342
Ps_1_151	31_Sutta_Khu_Pati.txt	6392
Ps_1_152	31_Sutta_Khu_Pati.txt	6438
Ps_1_153	31_Sutta_Khu_Pati.txt	6475
Ps_1_154	31_Sutta_Khu_Pati.txt	6525
Ps_1_156	31_Sutta_Khu_Pati.txt	6648
Ps_1_158	31_Sutta_Khu_Pati.txt	6737
Ps_1_159	31_Sutta_Khu_Pati.txt	6782
Ps_1_160	31_Sutta_Khu_Pati.txt	6828
Ps_1_161	31_Sutta_Khu_Pati.txt	6874
Ps_1_162	31_Sutta_Khu_Pati.txt	6937
Ps_1_163	31_Sutta_Khu_Pati.txt	6967
Ps_1_164	31_Sutta_Khu_Pati.txt	7010
Ps_1_166	31_Sutta_Khu_Pati.txt	7099
Ps_1_168	31_Sutta_Khu_Pati.txt	7193
Ps_1_169	31_Sutta_Khu_Pati.txt	7234
Ps_1_170	31_Sutta_Khu_Pati.txt	7288
Ps_1_172	31_Sutta_Khu_Pati.txt	7359
Ps_1_173	31_Sutta_Khu_Pati.txt	7409
Ps_1_174	31_Sutta_Khu_Pati.txt	7458
Ps_1_175	31_Sutta_Khu_Pati.txt	7505
Ps_1_176	31_Sutta_Khu_Pati.txt	7536
Ps_1_177	31_Sutta_Khu_Pati.txt	7587
Ps_1_178	31_Sutta_Khu_Pati.txt	7634
Ps_1_179	31_Sutta_Khu_Pati.txt	7677
Ps_1_181	31_Sutta_Khu_Pati.txt	7798
Ps_1_182	31_Sutta_Khu_Pati.txt	7844
Ps_1_183	31_Sutta_Khu_Pati.txt	7899
Ps_1_185	31_Sutta_Khu_Pati.txt	8002
Ps_1_186	31_Sutta_Khu_Pati.txt	8030
Ps_1_187	31_Sutta_Khu_Pati.txt	8086
Ps_1_189	31_Sutta_Khu_Pati.txt	8202
Ps_1_190	31_Sutta_Khu_Pati.txt	8272
Ps_1_191	31_Sutta_Khu_Pati.txt	8360
Ps_1_194	31_Sutta_Khu_Pati.txt	8562
Ps_1_195	31_Sutta_Khu_Pati.txt	8675
Ps_2_1	31_Sutta_Khu_Pati.txt	8736
Ps_2_3	31_Sutta_Khu_Pati.txt	8813
Ps_2_4	31_Sutta_Khu_Pati.txt	8861
Ps_2_6	31_Sutta_Khu_Pati.txt	8941
Ps_2_7	31_Sutta_Khu_Pati.txt	8974
Ps_2_9	31_Sutta_Khu_Pati.txt	9045
Ps_2_11	31_Sutta_Khu_Pati.txt	9127
Ps_2_12	31_Sutta_Khu_Pati.txt	9164
Ps_2_13	31_Sutta_Khu_Pati.txt	9205
Ps_2_14	31_Sutta_Khu_Pati.txt	9244
Ps_2_15	31_Sutta_Khu_Pati.txt	9286
Ps_2_16	31_Sutta_Khu_Pati.txt	9323
Ps_2_18	31_Sutta_Khu_Pati.txt	9415
Ps_2_19	31_Sutta_Khu_Pati.txt	9469
Ps_2_22	31_Sutta_Khu_Pati.txt	9616
Ps_2_24	31_Sutta_Khu_Pati.txt	9714
Ps_2_25	31_Sutta_Khu_Pati.txt	9754
Ps_2_26	31_Sutta_Khu_Pati.txt	9798
Ps_2_28	31_Sutta_Khu_Pati.txt	9888
Ps_2_29	31_Sutta_Khu_Pati.txt	9931
Ps_2_30	31_Sutta_Khu_Pati.txt	9991
Ps_2_31	31_Sutta_Khu_Pati.txt	10039
Ps_2_35	31_Sutta_Khu_Pati.txt	10218
Ps_2_37	31_Sutta_Khu_Pati.txt	10307
Ps_2_38	31_Sutta_Khu_Pati.txt	10352
Ps_2_39	31_Sutta_Khu_Pati.txt	10400
Ps_2_40	31_Sutta_Khu_Pati.txt	10445
Ps_2_42	31_Sutta_Khu_Pati.txt	10565
Ps_2_43	31_Sutta_Khu_Pati.txt	10610
Ps_2_44	31_Sutta_Khu_Pati.txt	10653
Ps_2_45	31_Sutta_Khu_Pati.txt	10687
Ps_2_47	31_Sutta_Khu_Pati.txt	10774
Ps_2_48	31_Sutta_Khu_Pati.txt	10834
Ps_2_50	31_Sutta_Khu_Pati.txt	10914
Ps_2_52	31_Sutta_Khu_Pati.txt	10997
Ps_2_53	31_Sutta_Khu_Pati.txt	11043
Ps_2_55	31_Sutta_Khu_Pati.txt	11124
Ps_2_56	31_Sutta_Khu_Pati.txt	11168
Ps_2_57	31_Sutta_Khu_Pati.txt	11220
Ps_2_58	31_Sutta_Khu_Pati.txt	11254
Ps_2_59	31_Sutta_Khu_Pati.txt	11307
Ps_2_61	31_Sutta_Khu_Pati.txt	11403
Ps_2_63	31_Sutta_Khu_Pati.txt	11498
Ps_2_64	31_Sutta_Khu_Pati.txt	11546
Ps_2_65	31_Sutta_Khu_Pati.txt	11583
Ps_2_66	31_Sutta_Khu_Pati.txt	11637
Ps_2_68	31_Sutta_Khu_Pati.txt	11706
Ps_2_69	31_Sutta_Khu_Pati.txt	11743
Ps_2_71	31_Sutta_Khu_Pati.txt	11819
Ps_2_72	31_Sutta_Khu_Pati.txt	11842
Ps_2_73	31_Sutta_Khu_Pati.txt	11865
Ps_2_74	31_Sutta_Khu_Pati.txt	11901
Ps_2_75	31_Sutta_Khu_Pati.txt	11942
Ps_2_76	31_Sutta_Khu_Pati.txt	11972
Ps_2_77	31_Sutta_Khu_Pati.txt	12008
Ps_2_78	31_Sutta_Khu_Pati.txt	12028
Ps_2_80	31_Sutta_Khu_Pati.txt	12097
Ps_2_82	31_Sutta_Khu_Pati.txt	12163
Ps_2_83	31_Sutta_Khu_Pati.txt	12183
Ps_2_84	31_Sutta_Khu_Pati.txt	12234
Ps_2_85	31_Sutta_Khu_Pati.txt	12270
Ps_2_86	31_Sutta_Khu_Pati.txt	12297
Ps_2_87	31_Sutta_Khu_Pati.txt	12331
Ps_2_88	31_Sutta_Khu_Pati.txt	12365
Ps_2_89	31_Sutta_Khu_Pati.txt	12403
Ps_2_90	31_Sutta_Khu_Pati.txt	12438
Ps_2_91	31_Sutta_Khu_Pati.txt	12472
Ps_2_92	31_Sutta_Khu_Pati.txt	12506
Ps_2_93	31_Sutta_Khu_Pati.txt	12543
Ps_2_94	31_Sutta_Khu_Pati.txt	12589
Ps_2_95	31_Sutta_Khu_Pati.txt	12642
Ps_2_97	31_Sutta_Khu_Pati.txt	12746
Ps_2_98	31_Sutta_Khu_Pati.txt	12793
Ps_2_99	31_Sutta_Khu_Pati.txt	12847
Ps_2_100	31_Sutta_Khu_Pati.txt	12893
Ps_2_101	31_Sutta_Khu_Pati.txt	12935
Ps_2_102	31_Sutta_Khu_Pati.txt	12979
Ps_2_104	31_Sutta_Khu_Pati.txt	13025
Ps_2_105	31_Sutta_Khu_Pati.txt	13055
Ps_2_106	31_Sutta_Khu_Pati.txt	13099
Ps_2_109	31_Sutta_Khu_Pati.txt	13225
Ps_2_110	31_Sutta_Khu_Pati.txt	13272
Ps_2_111	31_Sutta_Khu_Pati.txt	13307
Ps_2_114	31_Sutta_Khu_Pati.txt	13426
Ps_2_115	31_Sutta_Khu_Pati.txt	13441
Ps_2_116	31_Sutta_Khu_Pati.txt	13470
Ps_2_117	31_Sutta_Khu_Pati.txt	13510
Ps_2_118	31_Sutta_Khu_Pati.txt	13545
Ps_2_120	31_Sutta_Khu_Pati.txt	13620
Ps_2_121	31_Sutta_Khu_Pati.txt	13648
Ps_2_122	31_Sutta_Khu_Pati.txt	13678
Ps_2_123	31_Sutta_Khu_Pati.txt	13721
Ps_2_124	31_Sutta_Khu_Pati.txt	13759
Ps_2_125	31_Sutta_Khu_Pati.txt	13798
Ps_2_126	31_Sutta_Khu_Pati.txt	13844
Ps_2_128	31_Sutta_Khu_Pati.txt	13938
Ps_2_129	31_Sutta_Khu_Pati.txt	13996
Ps_2_130	31_Sutta_Khu_Pati.txt	14017
Ps_2_131	31_Sutta_Khu_Pati.txt	14051
Ps_2_132	31_Sutta_Khu_Pati.txt	14101
Ps_2_133	31_Sutta_Khu_Pati.txt	14140
Ps_2_134	31_Sutta_Khu_Pati.txt	14185
Ps_2_135	31_Sutta_Khu_Pati.txt	14230
Ps_2_136	31_Sutta_Khu_Pati.txt	14268
Ps_2_137	31_Sutta_Khu_Pati.txt	14299
Ps_2_138	31_Sutta_Khu_Pati.txt	14374
Ps_2_139	31_Sutta_Khu_Pati.txt	14415
Ps_2_140	31_Sutta_Khu_Pati.txt	14436
Ps_2_141	31_Sutta_Khu_Pati.txt	14467
Ps_2_142	31_Sutta_Khu_Pati.txt	14505
Ps_2_144	31_Sutta_Khu_Pati.txt	14575
Ps_2_145	31_Sutta_Khu_Pati.txt	14616
Ps_2_146	31_Sutta_Khu_Pati.txt	14643
Ps_2_147	31_Sutta_Khu_Pati.txt	14664
Ps_2_148	31_Sutta_Khu_Pati.txt	14689
Ps_2_149	31_Sutta_Khu_Pati.txt	14743
Ps_2_150	31_Sutta_Khu_Pati.txt	14787
Ps_2_151	31_Sutta_Khu_Pati.txt	14833
Ps_2_152	31_Sutta_Khu_Pati.txt	14870
Ps_2_153	31_Sutta_Khu_Pati.txt	14930
Ps_2_156	31_Sutta_Khu_Pati.txt	15047
Ps_2_157	31_Sutta_Khu_Pati.txt	15099
Ps_2_158	31_Sutta_Khu_Pati.txt	15157
Ps_2_159	31_Sutta_Khu_Pati.txt	15192
Ps_2_160	31_Sutta_Khu_Pati.txt	15227
Ps_2_161	31_Sutta_Khu_Pati.txt	15254
Ps_2_162	31_Sutta_Khu_Pati.txt	15291
Ps_2_163	31_Sutta_Khu_Pati.txt	15337
Ps_2_164	31_Sutta_Khu_Pati.txt	15400
Ps_2_165	31_Sutta_Khu_Pati.txt	15485
Ps_2_166	31_Sutta_Khu_Pati.txt	15503
Ps_2_167	31_Sutta_Khu_Pati.txt	15534
Ps_2_168	31_Sutta_Khu_Pati.txt	15570
Ps_2_171	31_Sutta_Khu_Pati.txt	15701
Ps_2_174	31_Sutta_Khu_Pati.txt	15831
Ps_2_175	31_Sutta_Khu_Pati.txt	15872
Ps_2_176	31_Sutta_Khu_Pati.txt	15919
Ps_2_177	31_Sutta_Khu_Pati.txt	15959
Ps_2_178	31_Sutta_Khu_Pati.txt	15993
Ps_2_179	31_Sutta_Khu_Pati.txt	16044
Ps_2_180	31_Sutta_Khu_Pati.txt	16086
Ps_2_181	31_Sutta_Khu_Pati.txt	16125
Ps_2_182	31_Sutta_Khu_Pati.txt	16175
Ps_2_183	31_Sutta_Khu_Pati.txt	16219
Ps_2_184	31_Sutta_Khu_Pati.txt	16271
Ps_2_185	31_Sutta_Khu_Pati.txt	16309
Ps_2_187	31_Sutta_Khu_Pati.txt	16377
Ps_2_189	31_Sutta_Khu_Pati.txt	16451
Ps_2_191	31_Sutta_Khu_Pati.txt	16543
Ps_2_193	31_Sutta_Khu_Pati.txt	16630
Ps_2_194	31_Sutta_Khu_Pati.txt	16665
Ps_2_195	31_Sutta_Khu_Pati.txt	16697
Ps_2_196	31_Sutta_Khu_Pati.txt	16738
Ps_2_197	31_Sutta_Khu_Pati.txt	16773
Ps_2_198	31_Sutta_Khu_Pati.txt	16806
Ps_2_199	31_Sutta_Khu_Pati.txt	16846
Ps_2_200	31_Sutta_Khu_Pati.txt	16881
Ps_2_202	31_Sutta_Khu_Pati.txt	16958
Ps_2_203	31_Sutta_Khu_Pati.txt	16999
Ps_2_204	31_Sutta_Khu_Pati.txt	17027
Ps_2_205	31_Sutta_Khu_Pati.txt	17042
Ps_2_206	31_Sutta_Khu_Pati.txt	17076
Ps_2_207	31_Sutta_Khu_Pati.txt	17115
Ps_2_209	31_Sutta_Khu_Pati.txt	17214
Ps_2_210	31_Sutta_Khu_Pati.txt	17251
Ps_2_211	31_Sutta_Khu_Pati.txt	17294
Ps_2_212	31_Sutta_Khu_Pati.txt	17334
Ps_2_214	31_Sutta_Khu_Pati.txt	17425
Ps_2_215	31_Sutta_Khu_Pati.txt	17438
Ps_2_216	31_Sutta_Khu_Pati.txt	17482
Ps_2_217	31_Sutta_Khu_Pati.txt	17518
Ps_2_219	31_Sutta_Khu_Pati.txt	17620
Ps_2_220	31_Sutta_Khu_Pati.txt	17649
Ps_2_221	31_Sutta_Khu_Pati.txt	17698
Ps_2_223	31_Sutta_Khu_Pati.txt	17785
Ps_2_224	31_Sutta_Khu_Pati.txt	17823
Ps_2_225	31_Sutta_Khu_Pati.txt	17847
Ps_2_226	31_Sutta_Khu_Pati.txt	17882
Ps_2_227	31_Sutta_Khu_Pati.txt	17899
Ps_2_229	31_Sutta_Khu_Pati.txt	17971
Ps_2_230	31_Sutta_Khu_Pati.txt	18001
Ps_2_231	31_Sutta_Khu_Pati.txt	18035
Ps_2_232	31_Sutta_Khu_Pati.txt	18069
Ps_2_233	31_Sutta_Khu_Pati.txt	18102
Ps_2_234	31_Sutta_Khu_Pati.txt	18161
Ps_2_236	31_Sutta_Khu_Pati.txt	18223
Ps_2_237	31_Sutta_Khu_Pati.txt	18247
Ps_2_238	31_Sutta_Khu_Pati.txt	18287
Ps_2_240	31_Sutta_Khu_Pati.txt	18361
Ps_2_241	31_Sutta_Khu_Pati.txt	18390
Ps_2_243	31_Sutta_Khu_Pati.txt	18565
Ps_2_244	31_Sutta_Khu_Pati.txt	18604
Ps_2_245	31_Sutta_Khu_Pati.txt	18657
Ps_2_246	31_Sutta_Khu_Pati.txt	18701
Yam_1_2	38_Abhi_Ya_1.txt	26
Yam_1_3	38_Abhi_Ya_1.txt	137
Yam_1_15	38_Abhi_Ya_1.txt	530
Yam_1_16	38_Abhi_Ya_1.txt	599
Yam_1_17	38_Abhi_Ya_1.txt	652
Yam_1_18	38_Abhi_Ya_1.txt	805
Yam_1_20	38_Abhi_Ya_1.txt	1161
Yam_1_21	38_Abhi_Ya_1.txt	1205
Yam_1_22	38_Abhi_Ya_1.txt	1255
Yam_1_23	38_Abhi_Ya_1.txt	1302
Yam_1_24	38_Abhi_Ya_1.txt	1342
Yam_1_25	38_Abhi_Ya_1.txt	1392
Yam_1_26	38_Abhi_Ya_1.txt	1431
Yam_1_27	38_Abhi_Ya_1.txt	1482
Yam_1_29	38_Abhi_Ya_1.txt	1568
Yam_1_30	38_Abhi_Ya_1.txt	1619
Yam_1_31	38_Abhi_Ya_1.txt	1660
Yam_1_32	38_Abhi_Ya_1.txt	1702
Yam_1_33	38_Abhi_Ya_1.txt	1741
Yam_1_35	38_Abhi_Ya_1.txt	1834
Yam_1_36	38_Abhi_Ya_1.txt	1881
Yam_1_37	38_Abhi_Ya_1.txt	1924
Yam_1_38	38_Abhi_Ya_1.txt	1973
Yam_1_39	38_Abhi_Ya_1.txt	2022
Yam_1_40	38_Abhi_Ya_1.txt	2064
Yam_1_44	38_Abhi_Ya_1.txt	2266
Yam_1_45	38_Abhi_Ya_1.txt	2319
Yam_1_46	38_Abhi_Ya_1.txt	2371
Yam_1_48	38_Abhi_Ya_1.txt	2476
Yam_1_49	38_Abhi_Ya_1.txt	2525
Yam_1_50	38_Abhi_Ya_1.txt	2573
Yam_1_51	38_Abhi_Ya_1.txt	2609
Yam_1_53	38_Abhi_Ya_1.txt	2688
Yam_1_54	38_Abhi_Ya_1.txt	2776
Yam_1_55	38_Abhi_Ya_1.txt	2830
Yam_1_56	38_Abhi_Ya_1.txt	2870
Yam_1_59	38_Abhi_Ya_1.txt	3001
Yam_1_60	38_Abhi_Ya_1.txt	3040
Yam_1_63	38_Abhi_Ya_1.txt	3164
Yam_1_64	38_Abhi_Ya_1.txt	3218
Yam_1_65	38_Abhi_Ya_1.txt	3258
Yam_1_66	38_Abhi_Ya_1.txt	3298
Yam_1_67	38_Abhi_Ya_1.txt	3339
Yam_1_68	38_Abhi_Ya_1.txt	3385
Yam_1_69	38_Abhi_Ya_1.txt	3424
Yam_1_71	38_Abhi_Ya_1.txt	3506
Yam_1_72	38_Abhi_Ya_1.txt	3554
Yam_1_73	38_Abhi_Ya_1.txt	3599
Yam_1_75	38_Abhi_Ya_1.txt	3677
Yam_1_76	38_Abhi_Ya_1.txt	3716
Yam_1_77	38_Abhi_Ya_1.txt	3757
Yam_1_78	38_Abhi_Ya_1.txt	3793
Yam_1_80	38_Abhi_Ya_1.txt	3874
Yam_1_81	38_Abhi_Ya_1.txt	3920
Yam_1_82	38_Abhi_Ya_1.txt	3968
Yam_1_83	38_Abhi_Ya_1.txt	4003
Yam_1_85	38_Abhi_Ya_1.txt	4074
Yam_1_86	38_Abhi_Ya_1.txt	4113
Yam_1_87	38_Abhi_Ya_1.txt	4153
Yam_1_88	38_Abhi_Ya_1.txt	4193
Yam_1_89	38_Abhi_Ya_1.txt	4228
Yam_1_90	38_Abhi_Ya_1.txt	4272
Yam_1_91	38_Abhi_Ya_1.txt	4307
Yam_1_92	38_Abhi_Ya_1.txt	4347
Yam_1_93	38_Abhi_Ya_1.txt	4392
Yam_1_94	38_Abhi_Ya_1.txt	4430
Yam_1_95	38_Abhi_Ya_1.txt	4468
Yam_1_96	38_Abhi_Ya_1.txt	4506
Yam_1_97	38_Abhi_Ya_1.txt	4543
Yam_1_98	38_Abhi_Ya_1.txt	4579
Yam_1_99	38_Abhi_Ya_1.txt	4616
Yam_1_100	38_Abhi_Ya_1.txt	4653
Yam_1_101	38_Abhi_Ya_1.txt	4696
Yam_1_102	38_Abhi_Ya_1.txt	4731
Yam_1_103	38_Abhi_Ya_1.txt	4764
Yam_1_104	38_Abhi_Ya_1.txt	4798
Yam_1_106	38_Abhi_Ya_1.txt	4882
Yam_1_107	38_Abhi_Ya_1.txt	4926
Yam_1_108	38_Abhi_Ya_1.txt	4965
Yam_1_109	38_Abhi_Ya_1.txt	5007
Yam_1_110	38_Abhi_Ya_1.txt	5052
Yam_1_111	38_Abhi_Ya_1.txt	5090
Yam_1_112	38_Abhi_Ya_1.txt	5127
Yam_1_113	38_Abhi_Ya_1.txt	5164
Yam_1_114	38_Abhi_Ya_1.txt	5208
Yam_1_116	38_Abhi_Ya_1.txt	5291
Yam_1_117	38_Abhi_Ya_1.txt	5353
Yam_1_118	38_Abhi_Ya_1.txt	5400
Yam_1_119	38_Abhi_Ya_1.txt	5445
Yam_1_120	38_Abhi_Ya_1.txt	5487
Yam_1_121	38_Abhi_Ya_1.txt	5522
Yam_1_122	38_Abhi_Ya_1.txt	5572
Yam_1_123	38_Abhi_Ya_1.txt	5613
Yam_1_124	38_Abhi_Ya_1.txt	5651
Yam_1_125	38_Abhi_Ya_1.txt	5698
Yam_1_126	38_Abhi_Ya_1.txt	5742
Yam_1_127	38_Abhi_Ya_1.txt	5794
Yam_1_129	38_Abhi_Ya_1.txt	5888
Yam_1_130	38_Abhi_Ya_1.txt	5946
Yam_1_131	38_Abhi_Ya_1.txt	5982
Yam_1_132	38_Abhi_Ya_1.txt	6037
Yam_1_133	38_Abhi_Ya_1.txt	6121
Yam_1_136	38_Abhi_Ya_1.txt	6271
Yam_1_137	38_Abhi_Ya_1.txt	6325
Yam_1_138	38_Abhi_Ya_1.txt	6362
Yam_1_139	38_Abhi_Ya_1.txt	6407
Yam_1_140	38_Abhi_Ya_1.txt	6450
Yam_1_141	38_Abhi_Ya_1.txt	6507
Yam_1_142	38_Abhi_Ya_1.txt	6584
Yam_1_145	38_Abhi_Ya_1.txt	6729
Yam_1_146	38_Abhi_Ya_1.txt	6793
Yam_1_147	38_Abhi_Ya_1.txt	6834
Yam_1_149	38_Abhi_Ya_1.txt	6923
Yam_1_150	38_Abhi_Ya_1.txt	6992
Yam_1_151	38_Abhi_Ya_1.txt	7063
Yam_1_153	38_Abhi_Ya_1.txt	7184
Yam_1_154	38_Abhi_Ya_1.txt	7246
Yam_1_155	38_Abhi_Ya_1.txt	7302
Yam_1_157	38_Abhi_Ya_1.txt	7405
Yam_1_158	38_Abhi_Ya_1.txt	7487
Yam_1_159	38_Abhi_Ya_1.txt	7552
Yam_1_160	38_Abhi_Ya_1.txt	7615
Yam_1_161	38_Abhi_Ya_1.txt	7679
Yam_1_162	38_Abhi_Ya_1.txt	7739
Yam_1_163	38_Abhi_Ya_1.txt	7797
Yam_1_164	38_Abhi_Ya_1.txt	7845
Yam_1_166	38_Abhi_Ya_1.txt	7895
Yam_1_167	38_Abhi_Ya_1.txt	7947
Yam_1_168	38_Abhi_Ya_1.txt	7986
Yam_1_169	38_Abhi_Ya_1.txt	8015
Yam_1_171	38_Abhi_Ya_1.txt	8085
Yam_1_172	38_Abhi_Ya_1.txt	8128
Yam_1_174	38_Abhi_Ya_1.txt	8228
Yam_1_175	38_Abhi_Ya_1.txt	8296
Yam_1_176	38_Abhi_Ya_1.txt	8343
Yam_1_178	38_Abhi_Ya_1.txt	8430
Yam_1_182	38_Abhi_Ya_1.txt	8608
Yam_1_184	38_Abhi_Ya_1.txt	8697
Yam_1_185	38_Abhi_Ya_1.txt	8739
Yam_1_186	38_Abhi_Ya_1.txt	8783
Yam_1_188	38_Abhi_Ya_1.txt	8870
Yam_1_189	38_Abhi_Ya_1.txt	8911
Yam_1_191	38_Abhi_Ya_1.txt	8999
Yam_1_192	38_Abhi_Ya_1.txt	9038
Yam_1_193	38_Abhi_Ya_1.txt	9081
Yam_1_194	38_Abhi_Ya_1.txt	9118
Yam_1_195	38_Abhi_Ya_1.txt	9155
Yam_1_196	38_Abhi_Ya_1.txt	9195
Yam_1_197	38_Abhi_Ya_1.txt	9242
Yam_1_198	38_Abhi_Ya_1.txt	9291
Yam_1_199	38_Abhi_Ya_1.txt	9345
Yam_1_200	38_Abhi_Ya_1.txt	9386
Yam_1_201	38_Abhi_Ya_1.txt	9421
Yam_1_202	38_Abhi_Ya_1.txt	9465
Yam_1_203	38_Abhi_Ya_1.txt	9505
Yam_1_204	38_Abhi_Ya_1.txt	9552
Yam_1_205	38_Abhi_Ya_1.txt	9599
Yam_1_206	38_Abhi_Ya_1.txt	9647
Yam_1_207	38_Abhi_Ya_1.txt	9689
Yam_1_208	38_Abhi_Ya_1.txt	9731
Yam_1_209	38_Abhi_Ya_1.txt	9768
Yam_1_210	38_Abhi_Ya_1.txt	9803
Yam_1_212	38_Abhi_Ya_1.txt	9876
Yam_1_213	38_Abhi_Ya_1.txt	9910
Yam_1_215	38_Abhi_Ya_1.txt	9990
Yam_1_216	38_Abhi_Ya_1.txt	10029
Yam_1_217	38_Abhi_Ya_1.txt	10080
Yam_1_218	38_Abhi_Ya_1.txt	10118
Yam_1_219	38_Abhi_Ya_1.txt	10163
Yam_1_220	38_Abhi_Ya_1.txt	10204
Yam_1_221	38_Abhi_Ya_1.txt	10248
Yam_1_223	38_Abhi_Ya_1.txt	10330
Yam_1_224	38_Abhi_Ya_1.txt	10374
Yam_1_226	38_Abhi_Ya_1.txt	10443
Yam_1_227	38_Abhi_Ya_1.txt	10482
Yam_1_228	38_Abhi_Ya_1.txt	10530
Yam_1_230	38_Abhi_Ya_1.txt	10619
Yam_1_231	38_Abhi_Ya_1.txt	10675
Yam_1_232	38_Abhi_Ya_1.txt	10739
Yam_1_233	38_Abhi_Ya_1.txt	10794
Yam_1_236	38_Abhi_Ya_1.txt	10978
Yam_1_237	38_Abhi_Ya_1.txt	11035
Yam_1_238	38_Abhi_Ya_1.txt	11084
Yam_1_239	38_Abhi_Ya_1.txt	11137
Yam_1_240	38_Abhi_Ya_1.txt	11194
Yam_1_241	38_Abhi_Ya_1.txt	11253
Yam_1_242	38_Abhi_Ya_1.txt	11315
Yam_1_243	38_Abhi_Ya_1.txt	11368
Yam_1_245	38_Abhi_Ya_1.txt	11462
Yam_1_247	38_Abhi_Ya_1.txt	11558
Yam_1_249	38_Abhi_Ya_1.txt	11664
Yam_1_250	38_Abhi_Ya_1.txt	11724
Yam_1_252	38_Abhi_Ya_1.txt	11833
Yam_1_253	38_Abhi_Ya_1.txt	11901
Yam_1_254	38_Abhi_Ya_1.txt	11957
Yam_1_255	38_Abhi_Ya_1.txt	12012
Yam_1_257	38_Abhi_Ya_1.txt	12119
Yam_1_258	38_Abhi_Ya_1.txt	12171
Yam_1_260	38_Abhi_Ya_1.txt	12262
Yam_1_261	38_Abhi_Ya_1.txt	12316
Yam_1_263	38_Abhi_Ya_1.txt	12431
Yam_1_264	38_Abhi_Ya_1.txt	12486
Yam_1_265	38_Abhi_Ya_1.txt	12543
Yam_1_266	38_Abhi_Ya_1.txt	12610
Yam_1_267	38_Abhi_Ya_1.txt	12664
Yam_1_269	38_Abhi_Ya_1.txt	12729
Yam_1_270	38_Abhi_Ya_1.txt	12809
Yam_1_271	38_Abhi_Ya_1.txt	12906
Yam_1_272	38_Abhi_Ya_1.txt	12966
Yam_1_273	38_Abhi_Ya_1.txt	13040
Yam_1_274	38_Abhi_Ya_1.txt	13104
Yam_1_275	38_Abhi_Ya_1.txt	13178
Yam_1_276	38_Abhi_Ya_1.txt	13225
Yam_1_277	38_Abhi_Ya_1.txt	13283
Yam_1_278	38_Abhi_Ya_1.txt	13340
Yam_1_279	38_Abhi_Ya_1.txt	13387
Yam_1_280	38_Abhi_Ya_1.txt	13460
Yam_1_282	38_Abhi_Ya_1.txt	13615
Yam_1_283	38_Abhi_Ya_1.txt	13683
Yam_1_284	38_Abhi_Ya_1.txt	13755
Yam_1_285	38_Abhi_Ya_1.txt	13828
Yam_1_286	38_Abhi_Ya_1.txt	13903
Yam_1_287	38_Abhi_Ya_1.txt	13961
Yam_1_288	38_Abhi_Ya_1.txt	14016
Yam_1_289	38_Abhi_Ya_1.txt	14065
Yam_1_290	38_Abhi_Ya_1.txt	14126
Yam_1_291	38_Abhi_Ya_1.txt	14185
Yam_1_292	38_Abhi_Ya_1.txt	14237
Yam_1_293	38_Abhi_Ya_1.txt	14288
Yam_1_294	38_Abhi_Ya_1.txt	14348
Yam_1_295	38_Abhi_Ya_1.txt	14404
Yam_1_296	38_Abhi_Ya_1.txt	14471
Yam_1_297	38_Abhi_Ya_1.txt	14533
Yam_1_298	38_Abhi_Ya_1.txt	14601
Yam_1_300	38_Abhi_Ya_1.txt	14713
Yam_1_301	38_Abhi_Ya_1.txt	14804
Yam_1_304	38_Abhi_Ya_1.txt	14950
Yam_1_307	38_Abhi_Ya_1.txt	15121
Yam_1_308	38_Abhi_Ya_1.txt	15222
Yam_1_309	38_Abhi_Ya_1.txt	15300
Yam_1_310	38_Abhi_Ya_1.txt	15375
Yam_1_311	38_Abhi_Ya_1.txt	15461
Yam_1_314	38_Abhi_Ya_1.txt	15641
Yam_1_315	38_Abhi_Ya_1.txt	15704
Yam_1_316	38_Abhi_Ya_1.txt	15768
Yam_1_318	38_Abhi_Ya_1.txt	15913
Yam_1_320	38_Abhi_Ya_1.txt	16066
Yam_1_321	38_Abhi_Ya_1.txt	16141
Yam_1_322	38_Abhi_Ya_1.txt	16232
Yam_1_323	38_Abhi_Ya_1.txt	16295
Yam_1_324	38_Abhi_Ya_1.txt	16366
Yam_1_325	38_Abhi_Ya_1.txt	16441
Yam_1_326	38_Abhi_Ya_1.txt	16485
Yam_1_327	38_Abhi_Ya_1.txt	16558
Yam_1_329	38_Abhi_Ya_1.txt	16671
Yam_1_330	38_Abhi_Ya_1.txt	16733
Yam_1_331	38_Abhi_Ya_1.txt	16800
Yam_1_332	38_Abhi_Ya_1.txt	16890
Yam_1_334	38_Abhi_Ya_1.txt	16986
Yam_1_337	38_Abhi_Ya_1.txt	17209
Yam_1_338	38_Abhi_Ya_1.txt	17317
Yam_1_340	38_Abhi_Ya_1.txt	17521
Yam_1_342	38_Abhi_Ya_1.txt	17692
Yam_1_343	38_Abhi_Ya_1.txt	17770
Yam_1_344	38_Abhi_Ya_1.txt	17840
Yam_1_345	38_Abhi_Ya_1.txt	17931
Yam_1_346	38_Abhi_Ya_1.txt	17986
Yam_1_347	38_Abhi_Ya_1.txt	18059
Yam_1_348	38_Abhi_Ya_1.txt	18163
Yam_1_349	38_Abhi_Ya_1.txt	18226
Yam_1_352	38_Abhi_Ya_1.txt	18480
Yam_1_353	38_Abhi_Ya_1.txt	18562
Yam_1_354	38_Abhi_Ya_1.txt	18641
Yam_1_355	38_Abhi_Ya_1.txt	18752
Yam_1_356	38_Abhi_Ya_1.txt	18820
Yam_1_357	38_Abhi_Ya_1.txt	18978
Yam_1_358	38_Abhi_Ya_1.txt	19039
Yam_1_359	38_Abhi_Ya_1.txt	19168
Yam_1_360	38_Abhi_Ya_1.txt	19249
Yam_1_361	38_Abhi_Ya_1.txt	19330
Yam_1_362	38_Abhi_Ya_1.txt	19405
Yam_1_363	38_Abhi_Ya_1.txt	19457
Yam_1_364	38_Abhi_Ya_1.txt	19554
Yam_1_366	38_Abhi_Ya_1.txt	19760
Yam_1_367	38_Abhi_Ya_1.txt	19876
Yam_1_368	38_Abhi_Ya_1.txt	19970
Yam_1_369	38_Abhi_Ya_1.txt	20077
Yam_1_371	38_Abhi_Ya_1.txt	20226
Yam_1_372	38_Abhi_Ya_1.txt	20301
Yam_1_373	38_Abhi_Ya_1.txt	20369
Yam_1_374	38_Abhi_Ya_1.txt	20466
Yam_1_376	38_Abhi_Ya_1.txt	20745
Yam_1_377	38_Abhi_Ya_1.txt	20849
Yam_1_378	38_Abhi_Ya_1.txt	20976
Yam_2_2	39_Abhi_Ya_2.txt	33
Yam_2_3	39_Abhi_Ya_2.txt	78
Yam_2_4	39_Abhi_Ya_2.txt	126
Yam_2_6	39_Abhi_Ya_2.txt	220
Yam_2_7	39_Abhi_Ya_2.txt	275
Yam_2_8	39_Abhi_Ya_2.txt	332
Yam_2_9	39_Abhi_Ya_2.txt	388
Yam_2_10	39_Abhi_Ya_2.txt	436
Yam_2_11	39_Abhi_Ya_2.txt	483
Yam_2_12	39_Abhi_Ya_2.txt	530
Yam_2_13	39_Abhi_Ya_2.txt	578
Yam_2_14	39_Abhi_Ya_2.txt	626
Yam_2_15	39_Abhi_Ya_2.txt	670
Yam_2_16	39_Abhi_Ya_2.txt	716
Yam_2_17	39_Abhi_Ya_2.txt	766
Yam_2_18	39_Abhi_Ya_2.txt	824
Yam_2_19	39_Abhi_Ya_2.txt	871
Yam_2_21	39_Abhi_Ya_2.txt	960
Yam_2_23	39_Abhi_Ya_2.txt	1053
Yam_2_24	39_Abhi_Ya_2.txt	1131
Yam_2_26	39_Abhi_Ya_2.txt	1261
Yam_2_27	39_Abhi_Ya_2.txt	1341
Yam_2_28	39_Abhi_Ya_2.txt	1419
Yam_2_29	39_Abhi_Ya_2.txt	1510
Yam_2_31	39_Abhi_Ya_2.txt	1643
Yam_2_32	39_Abhi_Ya_2.txt	1717
Yam_2_33	39_Abhi_Ya_2.txt	1802
Yam_2_34	39_Abhi_Ya_2.txt	1871
Yam_2_35	39_Abhi_Ya_2.txt	1924
Yam_2_36	39_Abhi_Ya_2.txt	1999
Yam_2_37	39_Abhi_Ya_2.txt	2054
Yam_2_38	39_Abhi_Ya_2.txt	2139
Yam_2_39	39_Abhi_Ya_2.txt	2231
Yam_2_40	39_Abhi_Ya_2.txt	2301
Yam_2_41	39_Abhi_Ya_2.txt	2410
Yam_2_42	39_Abhi_Ya_2.txt	2478
Yam_2_43	39_Abhi_Ya_2.txt	2533
Yam_2_44	39_Abhi_Ya_2.txt	2589
Yam_2_45	39_Abhi_Ya_2.txt	2671
Yam_2_46	39_Abhi_Ya_2.txt	2747
Yam_2_47	39_Abhi_Ya_2.txt	2819
Yam_2_48	39_Abhi_Ya_2.txt	2874
Yam_2_49	39_Abhi_Ya_2.txt	2960
Yam_2_50	39_Abhi_Ya_2.txt	3048
Yam_2_51	39_Abhi_Ya_2.txt	3116
Yam_2_52	39_Abhi_Ya_2.txt	3222
Yam_2_53	39_Abhi_Ya_2.txt	3302
Yam_2_54	39_Abhi_Ya_2.txt	3369
Yam_2_55	39_Abhi_Ya_2.txt	3438
Yam_2_56	39_Abhi_Ya_2.txt	3493
Yam_2_57	39_Abhi_Ya_2.txt	3571
Yam_2_58	39_Abhi_Ya_2.txt	3650
Yam_2_59	39_Abhi_Ya_2.txt	3706
Yam_2_60	39_Abhi_Ya_2.txt	3777
Yam_2_62	39_Abhi_Ya_2.txt	3881
Yam_2_63	39_Abhi_Ya_2.txt	4082
Yam_2_67	39_Abhi_Ya_2.txt	4738
Yam_2_69	39_Abhi_Ya_2.txt	4955
Yam_2_70	39_Abhi_Ya_2.txt	5179
Yam_2_72	39_Abhi_Ya_2.txt	5499
Yam_2_73	39_Abhi_Ya_2.txt	5553
Yam_2_74	39_Abhi_Ya_2.txt	5587
Yam_2_76	39_Abhi_Ya_2.txt	5690
Yam_2_77	39_Abhi_Ya_2.txt	5733
Yam_2_78	39_Abhi_Ya_2.txt	5779
Yam_2_79	39_Abhi_Ya_2.txt	5820
Yam_2_81	39_Abhi_Ya_2.txt	5904
Yam_2_82	39_Abhi_Ya_2.txt	5951
Yam_2_83	39_Abhi_Ya_2.txt	6018
Yam_2_84	39_Abhi_Ya_2.txt	6085
Yam_2_85	39_Abhi_Ya_2.txt	6152
Yam_2_89	39_Abhi_Ya_2.txt	6353
Yam_2_90	39_Abhi_Ya_2.txt	6465
Yam_2_91	39_Abhi_Ya_2.txt	6520
Yam_2_93	39_Abhi_Ya_2.txt	6618
Yam_2_94	39_Abhi_Ya_2.txt	6667
Yam_2_95	39_Abhi_Ya_2.txt	6737
Yam_2_98	39_Abhi_Ya_2.txt	7011
Yam_2_102	39_Abhi_Ya_2.txt	7313
Yam_2_103	39_Abhi_Ya_2.txt	7425
Yam_2_104	39_Abhi_Ya_2.txt	7507
Yam_2_105	39_Abhi_Ya_2.txt	7568
Yam_2_108	39_Abhi_Ya_2.txt	7928
Yam_2_109	39_Abhi_Ya_2.txt	8000
Yam_2_110	39_Abhi_Ya_2.txt	8152
Yam_2_111	39_Abhi_Ya_2.txt	8245
Yam_2_113	39_Abhi_Ya_2.txt	8516
Yam_2_114	39_Abhi_Ya_2.txt	8626
Yam_2_115	39_Abhi_Ya_2.txt	8730
Yam_2_116	39_Abhi_Ya_2.txt	8836
Yam_2_117	39_Abhi_Ya_2.txt	8892
Yam_2_120	39_Abhi_Ya_2.txt	9101
Yam_2_121	39_Abhi_Ya_2.txt	9173
Yam_2_122	39_Abhi_Ya_2.txt	9251
Yam_2_123	39_Abhi_Ya_2.txt	9329
Yam_2_124	39_Abhi_Ya_2.txt	9440
Yam_2_125	39_Abhi_Ya_2.txt	9487
Yam_2_126	39_Abhi_Ya_2.txt	9544
Yam_2_127	39_Abhi_Ya_2.txt	9604
Yam_2_128	39_Abhi_Ya_2.txt	9664
Yam_2_129	39_Abhi_Ya_2.txt	9726
Yam_2_130	39_Abhi_Ya_2.txt	9784
Yam_2_131	39_Abhi_Ya_2.txt	9844
Yam_2_132	39_Abhi_Ya_2.txt	9895
Yam_2_133	39_Abhi_Ya_2.txt	9946
Yam_2_135	39_Abhi_Ya_2.txt	10051
Yam_2_136	39_Abhi_Ya_2.txt	10115
Yam_2_137	39_Abhi_Ya_2.txt	10187
Yam_2_138	39_Abhi_Ya_2.txt	10274
Yam_2_139	39_Abhi_Ya_2.txt	10370
Yam_2_140	39_Abhi_Ya_2.txt	10432
Yam_2_141	39_Abhi_Ya_2.txt	10488
Yam_2_142	39_Abhi_Ya_2.txt	10545
Yam_2_143	39_Abhi_Ya_2.txt	10612
Yam_2_144	39_Abhi_Ya_2.txt	10676
Yam_2_145	39_Abhi_Ya_2.txt	10770
Yam_2_146	39_Abhi_Ya_2.txt	10942
Yam_2_147	39_Abhi_Ya_2.txt	11027
Yam_2_148	39_Abhi_Ya_2.txt	11172
Yam_2_149	39_Abhi_Ya_2.txt	11297
Yam_2_150	39_Abhi_Ya_2.txt	11385
Yam_2_151	39_Abhi_Ya_2.txt	11462
Yam_2_154	39_Abhi_Ya_2.txt	11609
Yam_2_155	39_Abhi_Ya_2.txt	11747
Yam_2_156	39_Abhi_Ya_2.txt	11848
Yam_2_157	39_Abhi_Ya_2.txt	11916
Yam_2_158	39_Abhi_Ya_2.txt	11978
Yam_2_159	39_Abhi_Ya_2.txt	12030
Yam_2_160	39_Abhi_Ya_2.txt	12099
Yam_2_161	39_Abhi_Ya_2.txt	12174
Yam_2_163	39_Abhi_Ya_2.txt	12360
Yam_2_164	39_Abhi_Ya_2.txt	12410
Yam_2_165	39_Abhi_Ya_2.txt	12493
Yam_2_166	39_Abhi_Ya_2.txt	12537
Yam_2_168	39_Abhi_Ya_2.txt	12680
Yam_2_173	39_Abhi_Ya_2.txt	13091
Yam_2_174	39_Abhi_Ya_2.txt	13142
Yam_2_177	39_Abhi_Ya_2.txt	13322
Yam_2_178	39_Abhi_Ya_2.txt	13398
Yam_2_180	39_Abhi_Ya_2.txt	13599
Yam_2_183	39_Abhi_Ya_2.txt	13760
Yam_2_184	39_Abhi_Ya_2.txt	13842
Yam_2_185	39_Abhi_Ya_2.txt	13976
Yam_2_186	39_Abhi_Ya_2.txt	14093
Yam_2_187	39_Abhi_Ya_2.txt	14160
Yam_2_189	39_Abhi_Ya_2.txt	14381
Yam_2_190	39_Abhi_Ya_2.txt	14445
Yam_2_191	39_Abhi_Ya_2.txt	14518
Yam_2_192	39_Abhi_Ya_2.txt	14611
Yam_2_193	39_Abhi_Ya_2.txt	14695
Yam_2_194	39_Abhi_Ya_2.txt	14769
Yam_2_195	39_Abhi_Ya_2.txt	14892
Yam_2_196	39_Abhi_Ya_2.txt	14954
Yam_2_197	39_Abhi_Ya_2.txt	15024
Yam_2_199	39_Abhi_Ya_2.txt	15112
Yam_2_200	39_Abhi_Ya_2.txt	15140
Yam_2_201	39_Abhi_Ya_2.txt	15207
Yam_2_202	39_Abhi_Ya_2.txt	15258
Yam_2_203	39_Abhi_Ya_2.txt	15320
Yam_2_204	39_Abhi_Ya_2.txt	15369
Yam_2_205	39_Abhi_Ya_2.txt	15430
Yam_2_206	39_Abhi_Ya_2.txt	15501
Yam_2_208	39_Abhi_Ya_2.txt	15617
Yam_2_210	39_Abhi_Ya_2.txt	15732
Yam_2_211	39_Abhi_Ya_2.txt	15782
Yam_2_212	39_Abhi_Ya_2.txt	15849
Yam_2_213	39_Abhi_Ya_2.txt	15900
Yam_2_214	39_Abhi_Ya_2.txt	15951
